rank,symbol,close,high_252,retracement_pct,ema_200,ret_252,vol_252,volar_score,rs_ratio,rs_ema_200,filter1_pass,filter2_pass,filter3_pass,is_qualified
1,CUPID,282.33,299.0,-5.58,151.31,730.58,57.5,12.7065,0.011719,0.006241,True,True,True,True
2,STLTECH,723.75,728.6,-0.67,397.15,475.55,61.73,7.7038,0.030043,0.016447,True,True,True,True
3,MTARTECH,6997.0,8714.0,-19.7,5338.5,379.97,60.83,6.2464,0.290442,0.220731,True,True,True,True
4,ATHERENERG,1616.3,1630.0,-0.84,993.03,274.58,49.59,5.537,0.067092,0.040898,True,True,True,True
5,SANSERA,3859.0,4040.4,-4.49,2684.13,208.76,40.07,5.2095,0.160185,0.110622,True,True,True,True
6,HFCL,251.47,255.1,-1.42,149.13,250.64,48.73,5.1432,0.010438,0.006158,True,True,True,True
7,WELCORP,2373.8,2443.9,-2.87,1324.92,172.39,39.1,4.4095,0.098535,0.054599,True,True,True,True
8,LAURUSLABS,1938.5,1938.5,0.0,1335.32,123.57,28.95,4.2677,0.080466,0.054958,True,True,True,True
9,CPPLUS,3576.6,4094.0,-12.64,2701.51,178.9,43.34,4.1275,0.148463,0.111528,True,True,True,True
10,RRKABEL,2905.2,2983.8,-2.63,1988.46,144.61,37.19,3.8883,0.120594,0.081867,True,True,True,True
11,TDPOWERSYS,752.7,798.85,-5.78,527.74,202.41,52.74,3.838,0.031244,0.021758,True,True,True,True
12,SKYGOLD,811.4,868.8,-6.61,509.08,166.21,48.25,3.4445,0.033681,0.020967,True,True,True,True
13,AETHER,1696.8,1717.0,-1.18,1211.24,130.54,38.54,3.387,0.070433,0.049873,True,True,True,True
14,FEDERALBNK,344.25,370.43,-7.07,299.34,79.48,25.44,3.1237,0.01429,0.012309,True,True,True,True
15,AVALON,2231.7,2351.0,-5.07,1428.82,164.51,52.74,3.1193,0.092637,0.058858,True,True,True,True
16,GRWRHITECH,7224.5,7990.0,-9.58,5391.31,167.29,54.05,3.0953,0.299886,0.22216,True,True,True,True
17,MCX,3332.0,3471.49,-4.02,2623.57,117.12,37.87,3.0925,0.13831,0.108039,True,True,True,True
18,SHILPAMED,903.8,919.0,-1.65,521.68,121.58,39.74,3.0595,0.037516,0.021486,True,True,True,True
19,DIACABS,349.4,379.0,-7.81,211.28,141.88,46.67,3.0403,0.014503,0.008694,True,True,True,True
20,ACUTAAS,3281.6,3740.0,-12.26,2677.55,132.38,43.76,3.0251,0.136218,0.110457,True,True,True,True
21,TMB,886.05,917.0,-3.38,694.16,111.69,37.25,2.998,0.03678,0.028576,True,True,True,True
22,NATIONALUM,394.95,443.37,-10.92,350.59,122.47,41.36,2.9613,0.016394,0.014437,True,True,True,True
23,KTKBANK,330.35,341.0,-3.12,252.08,99.6,33.78,2.948,0.013713,0.010379,True,True,True,True
24,BHEL,430.85,446.5,-3.51,348.75,104.37,35.7,2.9237,0.017884,0.014359,True,True,True,True
25,GRANULES,836.65,908.11,-7.87,718.12,81.98,28.96,2.8307,0.034729,0.02956,True,True,True,True
26,APARINDS,17803.0,18465.0,-3.59,12583.38,125.88,45.47,2.7685,0.738994,0.518358,True,True,True,True
27,BHARATFORG,2037.7,2295.0,-11.21,1844.7,79.59,29.28,2.7184,0.084584,0.075944,True,True,True,True
28,ANANDRATHI,2213.4,2242.0,-1.28,1789.27,58.62,21.83,2.6859,0.091877,0.073591,True,True,True,True
29,ADANIENSOL,1581.4,1789.0,-11.6,1330.9,100.52,38.04,2.6428,0.065643,0.054816,True,True,True,True
30,SONACOMS,815.0,844.0,-3.44,613.7,80.74,30.93,2.6105,0.03383,0.025243,True,True,True,True
31,IDEA,14.68,15.37,-4.49,12.02,118.78,46.88,2.5338,0.000609,0.000494,True,True,True,True
32,SYRMA,1474.3,1541.42,-4.35,1103.65,103.12,42.19,2.444,0.061198,0.045449,True,True,True,True
33,SHRIRAMFIN,1086.9,1153.7,-5.79,970.94,84.92,35.16,2.415,0.045117,0.039894,True,True,True,True
34,PARAS,1439.7,1583.91,-9.1,984.41,121.03,50.52,2.3956,0.059761,0.040513,True,True,True,True
35,ARVIND,543.35,600.0,-9.44,446.96,92.0,39.48,2.3303,0.022554,0.018408,True,True,True,True
36,CHENNPETRO,1341.1,1489.7,-9.98,1036.69,117.06,50.36,2.3244,0.055668,0.042663,True,True,True,True
37,MOTHERSON,165.6,173.27,-4.43,134.57,79.0,34.04,2.3208,0.006874,0.005533,True,True,True,True
38,NETWEB,5322.9,5813.0,-8.43,4021.48,132.47,58.21,2.2758,0.220951,0.165459,True,True,True,True
39,SAILIFE,1485.0,1506.3,-1.41,1128.36,72.45,33.23,2.1804,0.061642,0.046436,True,True,True,True
40,MARKSANS,329.7,344.55,-4.31,231.85,90.81,42.14,2.155,0.013686,0.009537,True,True,True,True
41,INOXINDIA,2126.2,2267.9,-6.25,1574.51,85.64,39.89,2.1471,0.088258,0.064829,True,True,True,True
42,AUROPHARMA,1645.3,1682.4,-2.21,1412.38,54.14,25.77,2.1007,0.068296,0.058117,True,True,True,True
43,DIVISLAB,9239.0,9270.0,-0.33,6940.23,48.47,23.45,2.0672,0.383507,0.285019,True,True,True,True
44,AZAD,2850.5,2986.6,-4.56,2057.99,85.75,41.73,2.055,0.118323,0.084663,True,True,True,True
45,SHRIPISTON,4572.2,4785.8,-4.46,3588.95,75.92,38.53,1.9704,0.18979,0.147592,True,True,True,True
46,DCBBANK,212.97,220.5,-3.41,179.18,75.86,38.66,1.9622,0.00884,0.007359,True,True,True,True
47,NEULANDLAB,23205.0,23881.0,-2.83,17183.95,76.51,39.0,1.9617,0.963229,0.706054,True,True,True,True
48,SAIL,200.0,209.7,-4.63,165.43,68.84,35.55,1.9364,0.008302,0.006807,True,True,True,True
49,NAVINFLUOR,8517.5,8775.5,-2.94,6880.96,70.77,36.6,1.9338,0.353557,0.283023,True,True,True,True
50,TITAN,5169.2,5186.7,-0.34,4344.82,44.3,22.97,1.929,0.214571,0.178523,True,True,True,True
51,TORNTPHARM,5050.0,5250.0,-3.81,4393.23,41.33,21.45,1.9271,0.209623,0.180666,True,True,True,True
52,PRICOLLTD,770.65,823.0,-6.36,614.9,73.46,38.27,1.9196,0.031989,0.025237,True,True,True,True
53,AKUMS,772.6,783.0,-1.33,577.49,61.7,32.41,1.9041,0.03207,0.023757,True,True,True,True
54,HONASA,470.65,506.65,-7.1,377.64,58.23,30.86,1.8872,0.019536,0.015545,True,True,True,True
55,ADANIPOWER,212.63,254.2,-16.35,190.25,79.56,42.71,1.8629,0.008826,0.007838,True,True,True,True
56,MAHABANK,83.8,94.5,-11.32,73.76,62.26,34.63,1.7978,0.003478,0.003036,True,True,True,True
57,RADICO,4605.0,4747.0,-2.99,3579.67,58.45,32.57,1.7945,0.191151,0.147141,True,True,True,True
58,GAEL,166.98,184.66,-9.57,148.65,63.36,35.67,1.7764,0.006931,0.006116,True,True,True,True
59,RATEGAIN,933.95,1050.0,-11.05,745.22,77.14,43.64,1.7677,0.038768,0.030626,True,True,True,True
60,ABB,7509.0,7832.29,-4.13,6559.68,51.9,29.37,1.767,0.311695,0.269984,True,True,True,True
61,CRAFTSMAN,11118.0,11199.5,-0.73,8521.96,63.15,35.91,1.7585,0.461503,0.350365,True,True,True,True
62,BAJAJ-AUTO,11910.0,11974.0,-0.53,10071.3,38.96,22.57,1.7263,0.494379,0.413854,True,True,True,True
63,PFOCUS,294.4,367.0,-19.78,253.41,94.02,54.92,1.7119,0.01222,0.010429,True,True,True,True
64,BELRISE,229.87,268.2,-14.29,208.74,62.58,36.56,1.7117,0.009542,0.00859,True,True,True,True
65,DATAPATTNS,4624.8,5000.0,-7.5,3798.43,84.98,49.7,1.71,0.191973,0.156484,True,True,True,True
66,ASTRAMICRO,1706.6,1960.0,-12.93,1352.65,70.99,41.56,1.7082,0.07084,0.055674,True,True,True,True
67,HINDALCO,1037.4,1169.9,-11.33,956.06,47.77,28.05,1.703,0.043062,0.03932,True,True,True,True
68,KARURVYSYA,346.0,358.65,-3.53,291.97,61.36,36.07,1.7008,0.014362,0.011998,True,True,True,True
69,DYNAMATECH,11436.0,12865.83,-11.11,10057.54,77.31,45.5,1.6991,0.474703,0.413556,True,True,True,True
70,AEGISLOG,1289.4,1497.8,-13.91,957.43,78.75,46.63,1.6889,0.053522,0.039351,True,True,True,True
71,RBLBANK,382.0,394.5,-3.17,337.1,50.5,30.3,1.6665,0.015857,0.013853,True,True,True,True
72,NYKAA,335.65,348.0,-3.55,283.26,44.9,27.3,1.6442,0.013933,0.011637,True,True,True,True
73,KRN,1609.7,1612.1,-0.15,1106.34,77.42,47.32,1.6359,0.066818,0.045586,True,True,True,True
74,PNBHOUSING,1169.9,1211.5,-3.43,998.74,50.6,31.87,1.5876,0.048562,0.041035,True,True,True,True
75,POWERINDIA,33330.0,38775.74,-14.04,29011.86,68.54,43.96,1.5592,1.383513,1.196356,True,True,True,True
76,PTCIL,22110.0,22215.0,-0.47,17554.42,55.35,35.82,1.5454,0.917776,0.720679,True,True,True,True
77,QPOWER,1431.2,1440.72,-0.66,1053.69,84.04,55.18,1.523,0.059408,0.043383,True,True,True,True
78,UJJIVANSFB,67.85,73.94,-8.24,59.63,58.57,38.46,1.5228,0.002816,0.002448,True,True,True,True
79,AJANTPHARM,3557.0,3796.0,-6.3,3064.95,38.44,25.36,1.5157,0.147649,0.126025,True,True,True,True
80,AUBANK,1077.1,1144.1,-5.86,983.97,44.67,29.52,1.513,0.04471,0.040412,True,True,True,True
81,GLAND,2888.0,3039.8,-4.99,2162.61,49.91,33.1,1.5077,0.11988,0.088927,True,True,True,True
82,VTL,592.75,682.21,-13.11,558.04,51.83,34.72,1.4928,0.024605,0.022977,True,True,True,True
83,OFSS,12190.0,12275.0,-0.69,9497.77,49.27,33.17,1.4855,0.506001,0.390585,True,True,True,True
84,APLAPOLLO,2265.6,2301.4,-1.56,1910.75,39.09,26.34,1.4837,0.094044,0.078443,True,True,True,True
85,UNIONBANK,186.0,199.6,-6.81,166.22,47.68,32.44,1.4695,0.007721,0.006829,True,True,True,True
86,FINCABLES,1297.9,1374.0,-5.54,996.0,59.37,40.6,1.4624,0.053875,0.040993,True,True,True,True
87,PGIL,2314.3,2539.6,-8.87,1786.87,72.5,49.81,1.4556,0.096066,0.073411,True,True,True,True
88,MSTCLTD,729.65,753.5,-3.17,546.56,69.1,47.6,1.4517,0.030287,0.022449,True,True,True,True
89,WELSPUNLIV,190.46,195.35,-2.5,146.62,66.76,46.19,1.4453,0.007906,0.006024,True,True,True,True
90,VARROC,821.85,874.85,-6.06,624.31,49.9,34.93,1.4286,0.034115,0.025613,True,True,True,True
91,IFCI,89.96,95.8,-6.1,67.07,73.07,51.43,1.4208,0.003734,0.002759,True,True,True,True
92,JAYNECOIND,99.1,117.0,-15.3,85.72,68.48,48.67,1.4069,0.004114,0.003526,True,True,True,True
93,ABCAPITAL,405.55,430.7,-5.84,360.31,44.32,31.55,1.405,0.016834,0.014797,True,True,True,True
94,LUMAXTECH,1985.5,2110.0,-5.9,1574.39,74.89,53.64,1.3961,0.082417,0.06471,True,True,True,True
95,SBIN,1047.5,1212.84,-13.63,1009.03,32.0,22.98,1.3923,0.043481,0.041437,True,True,True,True
96,HSCL,672.95,819.5,-17.88,600.46,47.91,34.81,1.3761,0.027934,0.02471,True,True,True,True
97,STARHEALTH,573.5,624.9,-8.23,523.96,31.82,23.3,1.3656,0.023806,0.021536,True,True,True,True
98,HEG,737.35,749.0,-1.56,582.86,55.06,40.43,1.362,0.030607,0.023937,True,True,True,True
99,VIJAYA,1452.5,1573.0,-7.66,1211.47,42.49,31.38,1.3541,0.060293,0.049829,True,True,True,True
100,ALIVUS,1350.2,1418.0,-4.78,1088.29,39.94,29.57,1.3505,0.056046,0.04475,True,True,True,True
101,KEI,5570.0,5899.0,-5.58,4880.48,43.92,32.61,1.3468,0.231208,0.200659,True,True,True,True
102,NESTLEIND,1454.6,1553.0,-6.34,1366.06,26.44,19.66,1.3451,0.06038,0.056132,True,True,True,True
103,SOUTHBANK,45.37,49.41,-8.18,41.32,55.68,41.58,1.3391,0.001883,0.001698,True,True,True,True
104,CUMMINSIND,5193.0,6049.82,-14.16,4988.13,37.1,27.84,1.3326,0.215559,0.205256,True,True,True,True
105,ICIL,434.95,462.0,-5.85,337.1,81.31,61.25,1.3273,0.018055,0.013857,True,True,True,True
106,FLUOROCHEM,4771.2,4958.9,-3.79,3860.42,41.25,31.4,1.3139,0.19805,0.158588,True,True,True,True
107,LTF,314.3,338.6,-7.18,286.78,44.33,34.29,1.293,0.013046,0.01177,True,True,True,True
108,QUESS,372.25,376.5,-1.13,255.04,46.22,35.89,1.2881,0.015452,0.010484,True,True,True,True
109,IPCALAB,1950.3,1992.0,-2.09,1608.15,39.8,30.92,1.2871,0.080956,0.066121,True,True,True,True
110,PRIVISCL,3458.0,3774.71,-8.39,3211.18,44.41,34.67,1.2811,0.14354,0.131997,True,True,True,True
111,INDIAGLYCO,1178.3,1219.0,-3.34,1012.1,46.45,37.3,1.2454,0.048911,0.041553,True,True,True,True
112,NAM-INDIA,1194.4,1269.5,-5.92,1032.7,47.74,38.39,1.2435,0.049579,0.042466,True,True,True,True
113,VIYASH,267.4,298.0,-10.27,235.63,53.75,43.23,1.2433,0.0111,0.009685,True,True,True,True
114,CUB,222.24,243.1,-8.58,199.36,47.66,38.46,1.239,0.009225,0.008182,True,True,True,True
115,HINDZINC,622.0,719.85,-13.59,557.74,47.24,38.2,1.2367,0.025819,0.022907,True,True,True,True
116,AIAENG,4234.2,5180.0,-18.26,4153.46,36.96,29.95,1.2342,0.17576,0.170713,True,True,True,True
117,JINDALSAW,308.6,316.95,-2.63,232.05,57.16,46.38,1.2323,0.01281,0.009553,True,True,True,True
118,WELENT,670.3,700.0,-4.24,541.68,43.95,35.68,1.2318,0.027824,0.022246,True,True,True,True
119,EICHERMOT,8059.0,8165.0,-1.3,7262.99,32.39,26.45,1.2246,0.334525,0.298193,True,True,True,True
120,EQUITASBNK,73.9,83.9,-11.92,69.66,41.46,34.03,1.2183,0.003068,0.002862,True,True,True,True
121,IIFL,659.25,705.0,-6.49,530.95,47.47,39.01,1.2169,0.027365,0.021773,True,True,True,True
122,ENTERO,1808.6,1838.0,-1.6,1220.01,47.6,39.16,1.2155,0.075074,0.050136,True,True,True,True
123,SOLARINDS,20400.0,20672.0,-1.32,16520.03,39.29,32.41,1.2124,0.846795,0.679664,True,True,True,True
124,JSWSTEEL,1334.9,1351.0,-1.19,1223.93,28.22,23.3,1.2109,0.055411,0.050287,True,True,True,True
125,M&MFIN,376.6,415.0,-9.25,330.53,47.82,39.5,1.2107,0.015632,0.013554,True,True,True,True
126,IMFA,1370.7,1670.79,-17.96,1325.39,60.45,49.99,1.2094,0.056897,0.054463,True,True,True,True
127,REDINGTON,366.0,378.5,-3.3,268.85,60.19,49.98,1.2043,0.015192,0.011022,True,True,True,True
128,TVSMOTOR,4304.2,4484.5,-4.02,3697.57,31.99,27.03,1.1837,0.178665,0.151753,True,True,True,True
129,ADANIENT,3168.5,3245.0,-2.36,2675.3,39.52,34.03,1.1612,0.131523,0.109989,True,True,True,True
130,MINDACORP,702.8,769.0,-8.61,616.49,37.33,32.23,1.1581,0.029173,0.025316,True,True,True,True
131,INDIANB,882.4,980.02,-9.96,830.53,37.4,32.48,1.1514,0.036628,0.034108,True,True,True,True
132,ADANIPORTS,1707.5,1891.1,-9.71,1631.9,30.36,26.84,1.1308,0.070878,0.067087,True,True,True,True
133,SUNPHARMA,1920.0,2046.9,-6.2,1814.2,21.07,18.79,1.1216,0.079698,0.074545,True,True,True,True
134,INDUSINDBK,994.0,1077.85,-7.78,921.09,31.62,28.44,1.112,0.04126,0.037833,True,True,True,True
135,SCI,299.05,368.75,-18.9,272.09,49.89,45.51,1.0961,0.012413,0.011194,True,True,True,True
136,NEOGEN,2209.8,2483.9,-11.04,1749.08,53.98,49.29,1.0951,0.091728,0.07202,True,True,True,True
137,AARTIIND,540.35,551.75,-2.07,459.28,39.99,36.74,1.0885,0.02243,0.018885,True,True,True,True
138,GLENMARK,2512.5,2535.08,-0.89,2165.95,29.24,26.99,1.0835,0.104293,0.089043,True,True,True,True
139,GOKULAGRO,244.34,259.8,-5.95,206.9,47.91,44.32,1.0809,0.010142,0.008512,True,True,True,True
140,THELEELA,555.25,576.0,-3.6,457.34,32.99,30.67,1.0758,0.023048,0.018771,True,True,True,True
141,BALAMINES,2390.5,2461.0,-2.86,1723.27,58.36,54.48,1.0713,0.099229,0.070972,True,True,True,True
142,LLOYDSME,1810.2,2125.0,-14.81,1637.11,38.42,36.4,1.0556,0.075141,0.067377,True,True,True,True
143,VOLTAMP,11038.5,12724.75,-13.25,9214.7,41.34,39.38,1.0498,0.458203,0.379049,True,True,True,True
144,CGCL,257.98,264.53,-2.48,205.3,35.38,33.74,1.0487,0.010709,0.008436,True,True,True,True
145,APOLLO,387.45,466.5,-16.95,328.51,59.38,56.67,1.0477,0.016083,0.013519,True,True,True,True
146,NUVAMA,1805.0,2066.0,-12.63,1552.26,36.69,35.38,1.0372,0.074925,0.063776,True,True,True,True
147,SHAILY,3270.4,3615.2,-9.54,2635.56,52.52,51.57,1.0184,0.135753,0.108404,True,True,True,True
148,ASHOKLEY,175.77,211.81,-17.01,161.76,37.0,36.4,1.0167,0.007296,0.006635,True,True,True,True
149,ACMESOLAR,393.7,411.5,-4.33,314.13,37.92,37.31,1.0165,0.016342,0.01293,True,True,True,True
150,THYROCARE,584.35,662.0,-11.73,486.43,40.96,40.31,1.0162,0.024256,0.019985,True,True,True,True
151,NMDC,86.76,97.49,-11.01,82.84,27.93,27.51,1.0153,0.003601,0.003405,True,True,True,True
152,POLYCAB,9088.0,10126.0,-10.25,8479.68,29.26,28.95,1.0108,0.377239,0.348678,True,True,True,True
153,BANKINDIA,144.0,172.72,-16.63,140.46,32.32,32.48,0.995,0.005977,0.005766,True,True,True,True
154,SIEMENS,4089.0,4149.4,-1.46,3522.82,29.85,30.17,0.9891,0.169732,0.144809,True,True,True,True
155,YATHARTH,967.4,1024.85,-5.61,780.94,36.89,37.33,0.9884,0.040156,0.0321,True,True,True,True
156,MANAPPURAM,348.9,380.46,-8.29,311.22,31.77,32.91,0.9655,0.014483,0.012782,True,True,True,True
157,ADANIGREEN,1311.0,1631.5,-19.64,1245.16,40.78,42.24,0.9655,0.054419,0.051248,True,True,True,True
158,CGPOWER,889.0,980.9,-9.37,812.58,32.72,33.96,0.9634,0.036902,0.033436,True,True,True,True
159,RKFORGE,751.25,772.8,-2.79,595.66,33.16,35.09,0.9449,0.031184,0.024469,True,True,True,True
160,WABAG,2086.1,2248.02,-7.2,1652.98,37.38,39.62,0.9435,0.086593,0.06798,True,True,True,True
161,CCL,1123.1,1242.2,-9.59,1073.39,29.72,31.9,0.9315,0.046619,0.044141,True,True,True,True
162,ELGIEQUIP,628.85,644.0,-2.35,549.08,30.72,33.26,0.9237,0.026103,0.022575,True,True,True,True
163,MARICO,829.65,889.1,-6.69,798.12,16.12,17.55,0.9184,0.034438,0.032797,True,True,True,True
164,GRINDWELL,2057.7,2455.0,-16.18,1831.87,32.64,35.69,0.9145,0.085414,0.075288,True,True,True,True
165,ZYDUSLIFE,1191.0,1205.0,-1.16,1028.62,20.67,22.71,0.9102,0.049438,0.042274,True,True,True,True
166,BOSCHLTD,48640.0,49190.0,-1.12,38893.66,25.27,27.94,0.9044,2.019024,1.59653,True,True,True,True
167,GRAPHITE,696.0,793.69,-12.31,647.62,35.11,39.54,0.8879,0.028891,0.026618,True,True,True,True
168,ASTERDM,748.4,891.3,-16.03,722.82,25.28,28.79,0.8782,0.031066,0.029726,True,True,True,True
169,MANORAMA,1889.4,2043.0,-7.52,1506.85,37.72,42.96,0.878,0.078428,0.061899,True,True,True,True
170,USHAMART,492.45,523.57,-5.94,459.11,28.35,33.44,0.8479,0.020441,0.018865,True,True,True,True
171,EMCURE,1869.4,2048.0,-8.72,1675.84,27.29,32.22,0.847,0.077598,0.068922,True,True,True,True
172,BLUESTONE,794.7,926.0,-14.18,601.62,44.32,52.4,0.8459,0.032988,0.024711,True,True,True,True
173,PAYTM,1650.9,1732.3,-4.7,1243.9,31.75,38.16,0.832,0.068528,0.051012,True,True,True,True
174,EMIL,177.35,196.74,-9.86,128.28,38.64,46.74,0.8267,0.007362,0.005266,True,True,True,True
175,NAZARA,374.6,379.4,-1.27,294.1,32.24,39.1,0.8246,0.015549,0.012076,True,True,True,True
176,PHOENIXLTD,1917.0,2169.8,-11.65,1816.32,21.68,26.34,0.823,0.079574,0.07458,True,True,True,True
177,GRASIM,3290.0,3411.1,-3.55,2984.81,18.03,22.32,0.8076,0.136566,0.122612,True,True,True,True
178,CHOLAFIN,1862.9,1952.5,-4.59,1689.15,26.34,32.93,0.8,0.077328,0.069296,True,True,True,True
179,BAJFINANCE,1079.9,1176.4,-8.2,984.83,24.0,30.1,0.7972,0.044826,0.040399,True,True,True,True
180,OIL,482.85,531.0,-9.07,450.31,24.35,30.79,0.7909,0.020043,0.018507,True,True,True,True
181,ASKAUTOLTD,633.1,687.7,-7.94,489.96,28.72,36.52,0.7864,0.02628,0.020106,True,True,True,True
182,ENGINERSIN,253.72,267.0,-4.97,224.07,32.6,41.71,0.7817,0.010532,0.009212,True,True,True,True
183,ZYDUSWELL,526.55,611.85,-13.94,492.3,31.07,40.05,0.7759,0.021857,0.020241,True,True,True,True
184,APOLLOHOSP,8838.5,9039.48,-2.22,8114.29,13.69,17.97,0.7621,0.366882,0.333512,True,True,True,True
185,ABSLAMC,1047.9,1194.96,-12.31,962.29,27.46,36.06,0.7615,0.043498,0.039609,True,True,True,True
186,TATATECH,834.35,891.0,-6.36,693.91,24.74,32.73,0.7559,0.034633,0.028494,True,True,True,True
187,JINDALSTEL,1179.2,1303.87,-9.56,1111.88,20.89,27.88,0.7495,0.048948,0.04569,True,True,True,True
188,UNITDSPR,1510.0,1563.4,-3.42,1381.05,17.32,23.38,0.7411,0.062679,0.056672,True,True,True,True
189,V2RETAIL,221.32,259.25,-14.63,215.48,28.97,40.05,0.7233,0.009187,0.008848,True,True,True,True
190,NSLNISP,49.02,53.75,-8.8,42.6,28.16,39.78,0.7079,0.002035,0.001749,True,True,True,True
191,ANGELONE,294.0,359.34,-18.18,291.49,28.12,39.84,0.7056,0.012204,0.01199,True,True,True,True
192,RBA,100.97,111.15,-9.16,73.9,26.51,38.31,0.692,0.004191,0.003034,True,True,True,True
193,IDFCFIRSTB,83.12,88.5,-6.08,76.72,21.24,30.8,0.6895,0.00345,0.003145,True,True,True,True
194,LLOYDSENGG,86.74,99.48,-12.8,71.13,34.02,49.37,0.689,0.003601,0.002925,True,True,True,True
195,WOCKPHARMA,1977.1,2422.3,-18.38,1671.26,34.48,51.04,0.6756,0.082069,0.068729,True,True,True,True
196,CARBORUNIV,1116.8,1303.79,-14.34,999.08,20.68,32.91,0.6284,0.046358,0.041082,True,True,True,True
197,LT,4045.8,4397.05,-7.99,3928.27,15.36,24.68,0.6223,0.167939,0.16124,True,True,True,True
198,YESBANK,22.1,25.78,-14.27,22.05,16.62,27.23,0.6104,0.000917,0.000905,True,True,True,True
199,SHYAMMETL,1099.8,1111.0,-1.01,924.87,17.33,28.55,0.6073,0.045652,0.038002,True,True,True,True
200,LALPATHLAB,1931.1,1988.9,-2.91,1613.53,17.89,29.77,0.6008,0.080159,0.066279,True,True,True,True
201,TI,567.2,594.55,-4.6,460.54,19.96,33.61,0.5939,0.023544,0.018901,True,True,True,True
202,BIOCON,411.1,447.15,-8.06,399.26,14.87,25.37,0.5864,0.017065,0.016403,True,True,True,True
203,PNB,115.4,131.33,-12.13,110.31,15.55,27.15,0.5729,0.00479,0.004523,True,True,True,True
204,GLAXO,3106.4,3120.7,-0.46,2504.59,14.2,24.93,0.5695,0.128945,0.102758,True,True,True,True
205,HEROMOTOCO,5600.0,6175.52,-9.32,5176.16,14.19,25.39,0.5588,0.232453,0.212284,True,True,True,True
206,ZENTEC,1820.1,2042.63,-10.89,1638.46,21.07,37.74,0.5583,0.075552,0.06738,True,True,True,True
207,AVL,590.8,703.5,-16.02,553.4,17.93,32.23,0.5562,0.024524,0.022739,True,True,True,True
208,TBOTEK,1682.7,1764.8,-4.65,1432.53,21.97,39.76,0.5525,0.069848,0.058685,True,True,True,True
209,STAR,1019.9,1225.26,-16.76,986.84,19.11,36.72,0.5206,0.042336,0.040585,True,True,True,True
210,CAPLIPOINT,2517.2,2699.0,-6.74,2170.06,16.81,32.49,0.5173,0.104488,0.089156,True,True,True,True
211,PRUDENT,3421.3,3509.9,-2.52,2828.51,18.15,35.18,0.516,0.142017,0.116146,True,True,True,True
212,KALYANKJIL,615.8,648.95,-5.11,473.22,23.92,46.92,0.5098,0.025562,0.019397,True,True,True,True
213,JSWINFRA,342.95,355.8,-3.61,298.43,15.98,31.64,0.5049,0.014236,0.012255,True,True,True,True
214,ABDL,610.0,711.7,-14.29,564.84,20.18,40.73,0.4956,0.025321,0.023178,True,True,True,True
215,GPPL,168.75,200.09,-15.66,158.06,14.44,29.36,0.4919,0.007005,0.00648,True,True,True,True
216,ANURAS,1260.4,1415.0,-10.93,1247.63,11.99,24.82,0.4829,0.052319,0.051241,True,True,True,True
217,TECHM,1640.9,1807.04,-9.19,1485.84,13.25,27.45,0.4825,0.068113,0.060968,True,True,True,True
218,CARTRADE,3014.6,3290.5,-8.38,2403.02,26.52,55.87,0.4746,0.125135,0.098434,True,True,True,True
219,3MINDIA,34415.0,37487.1,-8.2,33167.13,14.28,30.58,0.4671,1.428551,1.360858,True,True,True,True
220,GNFC,580.05,619.0,-6.29,506.78,14.02,30.04,0.4668,0.024078,0.020806,True,True,True,True
221,GABRIEL,1367.6,1596.7,-14.35,1156.52,22.82,48.98,0.466,0.056768,0.047484,True,True,True,True
222,EDELWEISS,125.42,133.9,-6.33,115.39,17.75,38.39,0.4624,0.005206,0.004738,True,True,True,True
223,OBEROIRLTY,1870.0,1983.95,-5.74,1712.5,12.34,26.8,0.4603,0.077623,0.070307,True,True,True,True
224,BALRAMCHIN,654.85,780.95,-16.15,546.54,18.1,39.53,0.4578,0.027183,0.022476,True,True,True,True
225,PPLPHARMA,218.68,220.36,-0.76,179.47,15.48,33.93,0.4563,0.009077,0.007363,True,True,True,True
226,ETHOSLTD,2875.1,3245.9,-11.42,2585.5,16.67,36.95,0.4513,0.119344,0.105966,True,True,True,True
227,HAL,4861.1,5149.9,-5.61,4461.23,12.04,27.12,0.444,0.201782,0.18307,True,True,True,True
228,PETRONET,292.0,322.68,-9.51,277.94,12.71,28.86,0.4405,0.012121,0.011407,True,True,True,True
229,COFORGE,2014.6,2016.5,-0.09,1540.52,16.9,38.63,0.4375,0.083625,0.063097,True,True,True,True
230,EXIDEIND,444.6,496.4,-10.44,390.09,12.58,29.57,0.4256,0.018455,0.016016,True,True,True,True
231,TIPSMUSIC,648.05,741.0,-12.54,619.18,15.61,37.52,0.416,0.0269,0.02546,True,True,True,True
232,AGARWALEYE,507.8,568.0,-10.6,472.59,11.45,27.86,0.4107,0.021079,0.019389,True,True,True,True
233,360ONE,1200.0,1229.07,-2.36,1107.2,11.02,28.16,0.3912,0.049811,0.045431,True,True,True,True
234,KPRMILL,1130.2,1331.08,-15.09,1023.62,15.9,41.11,0.3868,0.046914,0.04203,True,True,True,True
235,MOTILALOFS,1038.3,1088.32,-4.6,872.05,15.15,39.37,0.3848,0.043099,0.035785,True,True,True,True
236,KOTAKBANK,423.7,452.42,-6.35,396.68,7.96,21.0,0.379,0.017588,0.016269,True,True,True,True
237,FEDFINA,158.94,178.48,-10.95,147.72,15.76,41.84,0.3767,0.006598,0.006066,True,True,True,True
238,ASTRAL,1532.3,1765.92,-13.23,1491.59,10.51,30.26,0.3472,0.063605,0.061271,True,True,True,True
239,METROPOLIS,588.45,609.05,-3.38,519.68,9.42,29.6,0.3183,0.024426,0.02135,True,True,True,True
240,ANANTRAJ,606.15,742.43,-18.36,554.93,14.18,46.22,0.3068,0.025161,0.022758,True,True,True,True
241,NH,1932.1,2092.9,-7.68,1866.01,8.96,29.89,0.2996,0.080201,0.076611,True,True,True,True
242,IKS,1762.0,1933.0,-8.85,1670.45,10.12,34.1,0.2967,0.07314,0.06858,True,True,True,True
243,KPIL,1386.3,1468.0,-5.57,1255.51,8.48,29.04,0.2919,0.057545,0.051576,True,True,True,True
244,SMLMAH,5186.5,5987.9,-13.38,4102.67,16.78,57.59,0.2914,0.215289,0.168476,True,True,True,True
245,PERSISTENT,5875.0,6552.65,-10.34,5299.7,10.04,34.61,0.2903,0.243869,0.21718,True,True,True,True
246,ACE,1140.6,1196.0,-4.63,989.05,9.38,33.6,0.2791,0.047346,0.040586,True,True,True,True
247,SMARTWORKS,538.75,619.0,-12.96,468.98,9.84,35.24,0.2791,0.022363,0.019236,True,True,True,True
248,PIDILITIND,1629.5,1707.5,-4.57,1514.96,5.87,21.14,0.2777,0.06764,0.062194,True,True,True,True
249,ANTHEM,900.1,942.6,-4.51,760.44,7.97,28.96,0.2752,0.037363,0.031258,True,True,True,True
250,JYOTICNC,1039.4,1055.9,-1.56,825.19,12.03,44.03,0.2732,0.043145,0.033794,True,True,True,True
251,ZFCVINDIA,2568.0,3038.73,-15.49,2428.27,8.16,29.9,0.273,0.106596,0.099714,True,True,True,True
252,ASAHIINDIA,952.7,1074.0,-11.29,891.16,9.33,34.67,0.2692,0.039546,0.036544,True,True,True,True
253,EPL,251.94,274.03,-8.06,224.67,8.4,31.71,0.2649,0.010458,0.009229,True,True,True,True
254,ASIANPAINT,2608.7,2960.02,-11.87,2580.85,6.21,23.61,0.2629,0.108286,0.105922,True,True,True,True
255,TRAVELFOOD,1297.7,1470.9,-11.78,1266.2,7.6,29.95,0.2539,0.053867,0.051993,True,True,True,True
256,BPCL,319.25,391.65,-18.49,317.05,7.36,29.07,0.2534,0.013252,0.012992,True,True,True,True
257,PVRINOX,1220.9,1284.5,-4.95,1048.85,7.17,28.36,0.2527,0.050679,0.043035,True,True,True,True
258,SHAREINDIA,167.93,209.36,-19.79,155.48,12.61,50.99,0.2473,0.006971,0.006376,True,True,True,True
259,JSFB,541.0,606.95,-10.87,472.88,9.95,40.95,0.2429,0.022457,0.019426,True,True,True,True
260,GRAVITA,1825.8,1913.6,-4.59,1691.87,8.69,35.8,0.2428,0.075788,0.069416,True,True,True,True
261,VMART,819.65,886.81,-7.57,720.0,9.7,40.47,0.2398,0.034023,0.029531,True,True,True,True
262,JLHL,301.4,340.0,-11.35,283.56,5.75,24.02,0.2392,0.012511,0.011639,True,True,True,True
263,MIDHANI,417.75,456.6,-8.51,390.68,10.01,42.53,0.2354,0.017341,0.016052,True,True,True,True
264,IIFLCAPS,333.2,407.51,-18.23,326.27,9.1,40.07,0.2271,0.013831,0.01339,True,True,True,True
265,PICCADIL,651.25,809.7,-19.57,632.45,9.3,42.91,0.2167,0.027033,0.025956,True,True,True,True
266,GOKEX,767.8,954.9,-19.59,762.33,11.46,55.5,0.2065,0.031871,0.031265,True,True,True,True
267,MEDANTA,1472.2,1544.0,-4.65,1264.59,5.47,29.22,0.1873,0.06111,0.051912,True,True,True,True
268,BAJAJFINSV,2002.0,2193.13,-8.71,1903.12,4.13,23.77,0.1739,0.083102,0.078013,True,True,True,True
269,JSWENERGY,535.3,615.26,-13.0,535.13,4.68,29.12,0.1608,0.02222,0.021995,True,True,True,True
270,POONAWALLA,479.05,570.4,-16.02,445.88,5.82,37.3,0.1561,0.019885,0.018281,True,True,True,True
271,ENDURANCE,2929.2,3072.0,-4.65,2641.14,4.78,30.67,0.156,0.12159,0.108383,True,True,True,True
272,AMBER,7675.0,8974.0,-14.48,7399.2,6.17,40.03,0.1541,0.318586,0.303937,True,True,True,True
273,PNGJL,598.0,736.4,-18.79,597.05,5.27,34.25,0.1539,0.024823,0.024501,True,True,True,True
274,CAMS,762.0,837.88,-9.06,753.18,4.01,28.84,0.139,0.03163,0.030919,True,True,True,True
275,INDGN,578.95,594.19,-2.57,518.9,3.47,26.84,0.1292,0.024032,0.021298,True,True,True,True
276,AEGISVOPAK,269.9,311.49,-13.35,241.02,5.84,46.83,0.1247,0.011203,0.009874,True,True,True,True
277,INDIGOPNTS,1151.8,1345.9,-14.42,1035.57,4.35,34.99,0.1243,0.047811,0.042429,True,True,True,True
278,PGEL,585.85,644.4,-9.09,571.72,5.18,42.4,0.1221,0.024318,0.023443,True,True,True,True
279,GAIL,171.1,182.38,-6.18,168.16,2.79,24.91,0.1121,0.007102,0.006901,True,True,True,True
280,SCHAEFFLER,4033.4,4445.0,-9.26,4026.51,3.16,28.46,0.1111,0.167425,0.165392,True,True,True,True
281,KIMS,771.0,858.0,-10.14,739.23,3.38,31.14,0.1085,0.032004,0.030379,True,True,True,True
282,ETERNAL,328.0,368.45,-10.98,279.29,3.18,33.06,0.0961,0.013615,0.011448,True,True,True,True
283,LODHA,1274.0,1340.24,-4.94,1064.69,3.37,36.01,0.0936,0.052883,0.043615,True,True,True,True
284,JBMA,641.55,790.0,-18.79,637.55,3.79,43.92,0.0864,0.02663,0.026186,True,True,True,True
285,BEML,1984.9,2269.47,-12.54,1808.73,3.03,38.74,0.0783,0.082392,0.074183,True,True,True,True
286,AARTIPHARM,840.7,944.1,-10.95,734.06,3.19,44.03,0.0724,0.034897,0.030097,True,True,True,True
287,ICICIBANK,1422.8,1467.63,-3.05,1357.33,1.28,19.02,0.0675,0.05906,0.05569,True,True,True,True
288,SAREGAMA,492.8,574.5,-14.22,438.46,2.22,41.27,0.0537,0.020456,0.018017,True,True,True,True
289,CREDITACC,1391.7,1634.0,-14.83,1378.26,2.11,39.64,0.0531,0.057769,0.056583,True,True,True,True
290,FORTIS,926.75,1103.13,-15.99,921.08,1.28,25.75,0.0498,0.038469,0.037817,True,True,True,True
291,TVSSCS,131.56,146.5,-10.2,123.15,1.99,40.16,0.0496,0.005461,0.005058,True,True,True,True
292,HCG,696.3,804.65,-13.47,642.01,1.47,30.29,0.0486,0.028903,0.026337,True,True,True,True
293,GODREJPROP,2029.1,2340.69,-13.31,1915.36,1.58,34.84,0.0455,0.084227,0.078529,True,True,True,True
294,SAGILITY,46.34,57.7,-19.69,43.18,1.51,35.29,0.0428,0.001924,0.001769,True,True,True,True
295,M&M,3334.0,3799.99,-12.26,3256.51,1.15,27.91,0.0411,0.138393,0.13348,True,True,True,True
296,MAHSEAMLES,661.7,690.0,-4.1,602.33,0.73,23.9,0.0306,0.027467,0.024754,True,True,True,True
297,BALUFORGE,638.8,696.84,-8.33,503.93,1.5,50.79,0.0295,0.026516,0.020646,True,True,True,True
298,LTFOODS,439.35,490.7,-10.46,402.02,1.14,38.94,0.0293,0.018237,0.016499,True,True,True,True
299,OPTIEMUS,579.6,713.0,-18.71,498.97,0.65,48.73,0.0134,0.024059,0.020443,True,True,True,True
300,PREMIERENE,1013.9,1134.0,-10.59,985.63,0.39,33.56,0.0117,0.042087,0.040522,True,True,True,True
301,UNOMINDA,1276.0,1378.85,-7.46,1161.92,0.17,31.69,0.0052,0.052966,0.047639,True,True,True,True
302,DEEPAKFERT,1436.3,1669.61,-13.97,1373.68,0.19,41.19,0.0046,0.05962,0.056417,True,True,True,True
303,LLOYDSENT,73.53,84.7,-13.19,69.02,0.0,51.5,0.0,0.003052,0.002834,True,True,True,True
304,SKIPPER,546.25,593.0,-7.88,489.19,-0.03,39.18,-0.0007,0.022675,0.020097,True,True,True,True
305,ALKYLAMINE,2047.9,2115.06,-3.18,1747.24,-0.4,40.15,-0.0099,0.085007,0.071714,True,True,True,True
306,NIACL,186.34,216.22,-13.82,167.47,-0.49,40.83,-0.0121,0.007735,0.006872,True,True,True,True
307,BALKRISIND,2340.1,2765.38,-15.38,2284.13,-0.45,33.9,-0.0134,0.097136,0.093657,True,True,True,True
308,LOTUSDEV,186.61,207.5,-10.07,155.27,-0.99,43.63,-0.0226,0.007746,0.006365,True,True,True,True
309,PRESTIGE,1588.0,1802.93,-11.92,1520.9,-1.07,32.55,-0.0328,0.065917,0.062342,True,True,True,True
310,CONCOR,516.0,561.44,-8.09,498.88,-0.9,26.57,-0.0339,0.021419,0.020463,True,True,True,True
311,KAJARIACER,1215.5,1285.37,-5.44,1123.89,-1.06,28.42,-0.0373,0.050455,0.046159,True,True,True,True
312,KRBL,437.65,474.85,-7.83,366.4,-2.05,40.73,-0.0502,0.018167,0.015023,True,True,True,True
313,DELHIVERY,470.2,524.0,-10.27,451.14,-1.73,30.42,-0.057,0.019518,0.018532,True,True,True,True
314,APOLLOTYRE,443.5,533.71,-16.9,438.87,-1.62,27.27,-0.0595,0.018409,0.01798,True,True,True,True
315,ENRIN,3242.6,3968.0,-18.28,3235.26,-2.67,38.4,-0.0696,0.134599,0.132977,True,True,True,True
316,CHOICEIN,786.4,860.5,-8.61,749.02,-2.23,31.48,-0.0709,0.032643,0.030697,True,True,True,True
317,NAUKRI,1354.0,1423.55,-4.89,1165.34,-2.3,30.25,-0.0761,0.056204,0.047725,True,True,True,True
318,HCC,24.64,30.0,-17.87,22.14,-4.68,51.44,-0.091,0.001023,0.000908,True,True,True,True
319,JKPAPER,391.55,440.18,-11.05,362.97,-3.33,35.53,-0.0938,0.016253,0.014899,True,True,True,True
320,LICHSGFIN,535.0,586.43,-8.77,527.88,-2.62,25.15,-0.104,0.022208,0.021672,True,True,True,True
321,TITAGARH,835.35,971.0,-13.97,816.7,-3.79,35.97,-0.1054,0.034675,0.033506,True,True,True,True
322,NIVABUPA,81.8,91.4,-10.5,81.35,-2.44,22.35,-0.1094,0.003395,0.003341,True,True,True,True
323,LICI,422.0,457.74,-7.81,412.83,-2.77,25.17,-0.1098,0.017517,0.016937,True,True,True,True
324,SENCO,354.85,428.76,-17.24,342.23,-4.63,42.06,-0.1101,0.01473,0.014052,True,True,True,True
325,DEEPAKNTR,1762.9,1895.74,-7.01,1673.4,-3.24,28.34,-0.1142,0.073177,0.068677,True,True,True,True
326,HONAUT,36635.0,41495.0,-11.71,35071.6,-3.55,30.16,-0.1176,1.520702,1.439283,True,True,True,True
327,MAZDOCK,2555.0,3039.74,-15.95,2509.41,-4.18,33.45,-0.1249,0.106057,0.102959,True,True,True,True
328,KIRLOSBROS,1914.7,2180.91,-12.21,1777.01,-4.79,37.33,-0.1284,0.079478,0.07295,True,True,True,True
329,CDSL,1414.7,1658.57,-14.7,1343.09,-4.32,31.04,-0.1393,0.058724,0.055035,True,True,True,True
330,ARE&M,921.35,1045.66,-11.89,879.74,-4.48,31.54,-0.1422,0.038245,0.036079,True,True,True,True
331,POLICYBZR,1811.5,1974.0,-8.23,1654.56,-4.75,33.12,-0.1435,0.075195,0.067875,True,True,True,True
332,TEJASNET,550.15,644.75,-14.67,509.21,-8.47,57.3,-0.1478,0.022836,0.020933,True,True,True,True
333,CASTROLIND,185.24,198.23,-6.55,180.61,-1.96,12.87,-0.1523,0.007689,0.007415,True,True,True,True
334,FIVESTAR,537.85,663.59,-18.95,510.02,-6.37,39.89,-0.1596,0.022326,0.020897,True,True,True,True
335,GODREJIND,1167.5,1443.0,-19.09,1125.27,-8.07,41.45,-0.1947,0.048462,0.0462,True,True,True,True
336,CYIENT,1107.45,1267.74,-12.64,952.55,-6.68,33.43,-0.1998,0.04597,0.038998,True,True,True,True
337,CRISIL,4732.7,5038.99,-6.08,4341.71,-5.68,27.02,-0.2103,0.196452,0.177997,True,True,True,True
338,RAINBOW,1442.8,1610.0,-10.39,1373.05,-5.19,22.05,-0.2353,0.05989,0.056383,True,True,True,True
339,SUMICHEM,517.85,615.97,-15.93,480.98,-8.93,35.82,-0.2493,0.021496,0.019744,True,True,True,True
340,HOMEFIRST,1198.3,1335.26,-10.26,1151.07,-9.51,36.55,-0.2601,0.049741,0.047214,True,True,True,True
341,BRIGADE,642.25,799.25,-19.64,583.22,-8.99,34.42,-0.2613,0.026659,0.023886,True,True,True,True
342,MANKIND,2382.9,2674.0,-10.89,2360.87,-6.81,25.01,-0.2724,0.098913,0.096966,True,True,True,True
343,JSWDULUX,3110.8,3687.56,-15.64,3057.35,-7.77,28.37,-0.2739,0.129128,0.125465,True,True,True,True
344,ULTRACEMCO,11589.0,12847.76,-9.8,11558.97,-6.22,22.62,-0.275,0.481054,0.474203,True,True,True,True
345,ZEEL,101.51,121.8,-16.66,98.67,-12.34,44.47,-0.2775,0.004214,0.004049,True,True,True,True
346,SBFC,98.75,123.0,-19.72,95.45,-8.66,31.12,-0.2782,0.004099,0.003913,True,True,True,True
347,PRAJIND,347.9,428.09,-18.73,346.49,-11.91,40.62,-0.2932,0.014441,0.014238,True,True,True,True
348,DLF,679.8,784.95,-13.4,639.77,-8.78,29.27,-0.3,0.028218,0.026216,True,True,True,True
349,CONCORDBIO,1481.1,1719.7,-13.87,1319.12,-12.11,40.0,-0.3028,0.06148,0.054082,True,True,True,True
350,INDHOTEL,706.4,789.04,-10.47,699.54,-7.74,24.12,-0.3208,0.029322,0.028699,True,True,True,True
351,JUSTDIAL,704.55,878.6,-19.81,645.13,-14.09,39.41,-0.3576,0.029246,0.026411,True,True,True,True
352,VGUARD,333.25,390.34,-14.63,322.57,-8.97,24.49,-0.3665,0.013833,0.013231,True,True,True,True
353,CHALET,901.2,1068.92,-15.69,831.09,-10.42,28.23,-0.3691,0.037408,0.034072,True,True,True,True
354,POLYMED,1733.0,2136.76,-18.9,1647.61,-16.29,42.71,-0.3814,0.071936,0.067533,True,True,True,True
355,BAJAJHLDNG,11340.0,13642.17,-16.88,10883.85,-11.23,27.95,-0.4018,0.470718,0.446223,True,True,True,True
356,MPHASIS,2455.0,2957.9,-17.0,2380.84,-12.26,29.57,-0.4148,0.101906,0.097535,True,True,True,True
357,CIPLA,1423.5,1657.45,-14.12,1404.47,-9.05,20.87,-0.4336,0.059089,0.057622,True,True,True,True
358,APLLTD,813.45,983.37,-17.28,795.09,-11.85,26.38,-0.4492,0.033766,0.032595,True,True,True,True
359,INDIGO,5166.0,6101.5,-15.33,5006.43,-15.53,33.7,-0.4609,0.214438,0.205206,True,True,True,True
360,GODREJAGRO,609.3,745.51,-18.27,584.12,-15.84,29.07,-0.5448,0.025292,0.023972,True,True,True,True
361,KIRLOSENG,2123.1,2714.26,-21.78,1732.33,118.22,46.37,2.5497,0.088129,0.071412,False,True,True,False
362,THANGAMAYL,5440.5,7430.0,-26.78,4501.33,145.31,59.84,2.4282,0.225833,0.185507,False,True,True,False
363,HINDCOPPER,533.55,758.83,-29.69,492.31,132.35,55.86,2.3692,0.022147,0.020244,False,True,True,False
364,BSE,3405.0,4435.12,-23.23,3331.07,54.09,37.43,1.445,0.14134,0.137159,False,True,True,False
365,BBOX,745.9,1101.51,-32.28,718.72,63.15,44.28,1.4262,0.030962,0.029628,False,True,True,False
366,GVT&D,4339.2,5636.05,-23.01,4024.34,61.7,43.41,1.4214,0.180118,0.16582,False,True,True,False
367,CEMPRO,1268.1,1649.2,-23.11,1022.35,75.26,52.97,1.4209,0.052638,0.042071,False,True,True,False
368,GESHIP,1339.6,1766.73,-24.18,1314.56,45.87,34.73,1.3207,0.055606,0.054127,False,True,True,False
369,J&KBANK,150.01,201.75,-25.65,137.49,48.52,40.56,1.1965,0.006227,0.005662,False,True,True,False
370,TATASTEEL,186.5,219.87,-15.18,188.27,22.78,25.9,0.8794,0.007742,0.007739,True,False,True,False
371,CANBK,128.35,157.69,-18.61,129.65,25.07,28.73,0.8727,0.005328,0.005318,True,False,True,False
372,AXISBANK,1265.0,1417.21,-10.74,1269.23,20.56,23.89,0.8606,0.05251,0.052114,True,False,True,False
373,SANDUMA,205.45,272.33,-24.56,204.67,44.15,51.36,0.8595,0.008528,0.008401,False,True,True,False
374,SCHNEIDER,1201.9,1548.0,-22.36,1118.64,39.76,48.52,0.8194,0.04989,0.0461,False,True,True,False
375,SPARC,207.71,289.0,-28.13,181.63,45.67,56.77,0.8045,0.008622,0.007478,False,True,True,False
376,RAIN,199.31,250.82,-20.54,170.41,42.47,53.23,0.7979,0.008273,0.007009,False,True,True,False
377,GMDCLTD,567.65,771.9,-26.46,582.19,41.17,51.64,0.7973,0.023563,0.023928,False,False,False,False
378,MRPL,168.53,212.0,-20.5,162.59,38.83,49.01,0.7924,0.006996,0.006679,False,True,True,False
379,LUPIN,2171.5,2523.7,-13.96,2247.72,13.65,19.74,0.6913,0.090138,0.092391,True,False,False,False
380,COALINDIA,401.0,484.77,-17.28,419.57,13.54,22.29,0.6076,0.016645,0.017254,True,False,False,False
381,THERMAX,3944.2,5256.33,-24.96,3954.34,21.05,34.87,0.6037,0.163722,0.162921,False,False,True,False
382,INDUSTOWER,380.0,464.04,-18.11,391.54,15.11,25.65,0.5889,0.015774,0.016078,True,False,False,False
383,SAMMAANCAP,145.8,192.95,-24.44,155.34,23.11,40.73,0.5674,0.006052,0.006381,False,False,False,False
384,AVANTIFEED,826.75,1575.93,-47.54,999.24,31.17,55.52,0.5614,0.034318,0.04115,False,False,False,False
385,JAMNAAUTO,120.8,152.6,-20.84,123.13,22.28,41.54,0.5362,0.005014,0.005056,False,False,False,False
386,AXISCADES,1594.7,2211.0,-27.87,1601.15,25.87,48.37,0.5349,0.066195,0.065896,False,False,True,False
387,JKTYRE,380.25,605.8,-37.23,407.22,19.76,36.97,0.5345,0.015784,0.016679,False,False,False,False
388,BEL,411.9,472.81,-12.88,412.32,13.22,25.03,0.5282,0.017098,0.01693,True,False,True,False
389,KIRLPNU,723.3,1093.54,-33.86,713.6,18.04,35.69,0.5055,0.030024,0.029379,False,True,True,False
390,SUPRIYA,804.15,1085.0,-25.88,781.57,21.61,46.54,0.4644,0.03338,0.032117,False,True,True,False
391,NLCINDIA,270.6,387.8,-30.22,286.71,16.96,36.86,0.4601,0.011232,0.011798,False,False,False,False
392,CANFINHOME,815.5,962.69,-15.29,841.95,12.08,26.77,0.4513,0.033851,0.034551,True,False,False,False
393,MUTHOOTFIN,3091.0,4114.71,-24.88,3186.8,16.61,36.82,0.4511,0.128306,0.130689,False,False,False,False
394,CEATLTD,3511.5,4393.16,-20.07,3524.27,16.72,38.08,0.439,0.145761,0.14449,False,False,True,False
395,INOXGREEN,174.26,279.0,-37.54,182.36,19.83,45.25,0.4382,0.007233,0.007474,False,False,False,False
396,ASHAPURMIN,582.1,924.9,-37.06,639.28,20.16,55.05,0.3663,0.024163,0.026212,False,False,False,False
397,GMRAIRPORT,98.31,115.64,-14.99,100.48,10.83,29.69,0.3649,0.004081,0.004126,True,False,False,False
398,TRITURBINE,580.3,787.6,-26.32,581.92,10.45,36.74,0.2844,0.024088,0.023924,False,False,True,False
399,TATACOMM,1694.7,2110.0,-19.68,1727.02,9.43,33.47,0.2817,0.070346,0.070899,True,False,False,False
400,BANKBARODA,241.9,315.3,-23.28,259.72,6.2,27.43,0.2261,0.010041,0.010655,False,False,False,False
401,ONGC,232.25,307.5,-24.47,252.25,4.54,23.29,0.1949,0.009641,0.010369,False,False,False,False
402,GRSE,2612.9,3339.0,-21.75,2595.12,8.54,45.34,0.1884,0.10846,0.106546,False,True,True,False
403,BANCOINDIA,624.4,859.79,-27.38,633.68,8.44,45.97,0.1836,0.025919,0.025981,False,False,False,False
404,RATNAMANI,2611.1,3330.26,-21.59,2459.88,7.71,44.96,0.1715,0.108386,0.101077,False,True,True,False
405,REDTAPE,126.01,161.06,-21.76,127.83,6.17,39.56,0.1559,0.005231,0.005249,False,False,False,False
406,TIMKEN,3149.8,3921.83,-19.69,3280.45,4.13,27.29,0.1513,0.130747,0.134849,True,False,False,False
407,IOC,137.1,184.96,-25.88,143.81,3.88,25.84,0.1504,0.005691,0.005896,False,False,False,False
408,ATUL,6459.5,7144.77,-9.59,6473.49,3.68,25.07,0.1468,0.268131,0.265958,True,False,True,False
409,LINDEINDIA,6504.0,8035.37,-19.06,6802.83,3.5,27.58,0.1267,0.269978,0.279761,True,False,False,False
410,VAIBHAVGBL,221.55,286.08,-22.56,230.41,5.31,43.13,0.123,0.009196,0.009453,False,False,False,False
411,FIEMIND,2087.7,2674.8,-21.95,2186.38,4.05,36.11,0.1121,0.086659,0.089745,False,False,False,False
412,CENTURYPLY,753.8,859.0,-12.25,763.74,2.36,26.61,0.0887,0.03129,0.031343,True,False,False,False
413,NTPC,330.05,414.4,-20.35,355.2,1.67,18.95,0.0881,0.0137,0.0146,False,False,False,False
414,BANDHANBNK,168.25,218.86,-23.13,178.01,2.32,40.71,0.057,0.006984,0.007322,False,False,False,False
415,PTC,157.69,203.54,-22.53,157.38,1.22,31.73,0.0385,0.006546,0.006468,False,True,True,False
416,MMTC,63.07,78.35,-19.5,64.17,1.38,45.47,0.0304,0.002618,0.002634,True,False,False,False
417,HINDPETRO,364.0,483.54,-24.72,379.92,0.99,34.67,0.0286,0.015109,0.015564,False,False,False,False
418,GPIL,239.85,318.68,-24.74,256.52,1.0,36.05,0.0278,0.009956,0.010542,False,False,False,False
419,IDBI,92.66,118.38,-21.73,85.89,0.86,46.58,0.0185,0.003846,0.003514,False,True,True,False
420,NATCOPHARM,853.8,1224.73,-30.29,941.4,0.35,36.58,0.0096,0.035441,0.038706,False,False,False,False
421,BHARTIARTL,1882.4,2147.47,-12.34,1895.91,0.07,19.42,0.0038,0.078138,0.077759,True,False,True,False
422,ATGL,636.5,859.55,-25.95,640.25,0.16,47.58,0.0034,0.026421,0.026321,False,False,True,False
423,ADVENZYMES,299.8,417.2,-28.14,319.76,-0.25,39.1,-0.0064,0.012445,0.013141,False,False,False,False
424,ALKEM,5355.0,5875.53,-8.86,5455.75,-0.14,20.94,-0.0068,0.222284,0.223957,True,False,False,False
425,IGIL,338.95,386.09,-12.21,342.7,-0.28,36.48,-0.0076,0.01407,0.014079,True,False,False,False
426,CIEINDIA,389.95,518.55,-24.8,436.64,-0.75,31.05,-0.0242,0.016187,0.017942,False,False,False,False
427,CESC,148.11,197.2,-24.89,160.16,-1.78,28.35,-0.063,0.006148,0.006578,False,False,False,False
428,GREAVESCOT,194.41,269.69,-27.91,192.16,-3.05,44.41,-0.0688,0.00807,0.007886,False,True,True,False
429,CCAVENUE,15.27,20.5,-25.51,15.92,-2.74,37.52,-0.073,0.000634,0.000652,False,False,False,False
430,HEMIPROP,129.98,190.69,-31.84,136.86,-3.91,44.79,-0.0873,0.005395,0.005618,False,False,False,False
431,TORNTPOWER,1217.7,1817.8,-33.01,1399.69,-2.8,30.62,-0.0916,0.050546,0.057521,False,False,False,False
432,INDIACEM,369.75,485.8,-23.89,391.16,-3.5,31.56,-0.1108,0.015348,0.016041,False,False,False,False
433,POWERGRID,266.05,324.95,-18.13,284.74,-2.26,20.34,-0.1113,0.011044,0.011701,True,False,False,False
434,GALLANTT,577.85,948.0,-39.05,632.2,-6.41,55.34,-0.1158,0.023986,0.025988,False,False,False,False
435,ITI,275.5,372.85,-26.11,290.27,-4.36,36.93,-0.118,0.011436,0.011909,False,False,False,False
436,GICRE,353.3,417.95,-15.47,372.11,-2.69,22.39,-0.1204,0.014665,0.015279,True,False,False,False
437,TATACONSUM,1040.7,1271.94,-18.18,1112.32,-2.81,22.97,-0.1225,0.043199,0.045655,True,False,False,False
438,JPPOWER,16.82,24.5,-31.35,17.53,-6.81,50.1,-0.136,0.000698,0.00072,False,False,False,False
439,MFSL,1564.4,1892.5,-17.34,1602.08,-3.6,25.89,-0.139,0.064938,0.065738,True,False,False,False
440,SBILIFE,1761.1,2129.04,-17.28,1859.18,-2.92,19.7,-0.1483,0.073102,0.076257,True,False,False,False
441,RELIGARE,233.05,280.0,-16.77,240.77,-5.72,37.59,-0.1523,0.009674,0.009882,True,False,False,False
442,JUBLINGREA,683.5,792.33,-13.74,683.63,-5.47,35.82,-0.1526,0.028372,0.028055,True,False,True,False
443,TATAINVEST,638.75,1178.62,-45.81,673.81,-6.69,43.45,-0.154,0.026514,0.027638,False,False,False,False
444,COCHINSHIP,1535.0,1970.73,-22.11,1525.58,-5.95,37.15,-0.1601,0.063717,0.062545,False,True,True,False
445,KSB,793.85,1023.25,-22.42,829.2,-5.06,30.02,-0.1686,0.032952,0.034088,False,False,False,False
446,TIINDIA,2840.0,3415.14,-16.84,2860.31,-6.09,34.42,-0.1769,0.117887,0.117533,True,False,True,False
447,PFC,352.0,476.83,-26.18,398.32,-4.96,27.61,-0.1795,0.014611,0.016376,False,False,False,False
448,NHPC,74.82,87.4,-14.39,78.19,-4.33,23.61,-0.1836,0.003106,0.00321,True,False,False,False
449,BERGEPAINT,494.35,590.09,-16.23,504.24,-5.15,27.84,-0.1848,0.02052,0.020685,True,False,False,False
450,IFBIND,1336.8,2019.8,-33.82,1309.65,-8.18,44.09,-0.1855,0.05549,0.053618,False,True,True,False
451,SUNDARMFIN,4574.4,5612.41,-18.49,4660.74,-5.46,29.12,-0.1876,0.189881,0.191156,True,False,False,False
452,SPLPETRO,700.85,965.13,-27.38,699.51,-7.44,39.36,-0.1891,0.029092,0.028742,False,True,True,False
453,BORORENEW,502.25,721.0,-30.34,544.12,-8.67,41.82,-0.2074,0.020848,0.022322,False,False,False,False
454,BLACKBUCK,588.15,748.0,-21.37,572.83,-8.35,39.41,-0.2119,0.024414,0.023485,False,True,True,False
455,TANLA,544.25,750.08,-27.44,539.46,-10.48,46.15,-0.227,0.022592,0.022125,False,True,True,False
456,AADHARHFC,471.1,563.0,-16.32,488.95,-6.43,26.76,-0.2401,0.019555,0.020072,True,False,False,False
457,LTIM,4675.0,6344.47,-26.31,4552.9,-7.92,32.55,-0.2434,0.194057,0.18622,False,True,True,False
458,PCBL,322.1,413.23,-22.05,308.68,-11.58,46.49,-0.2491,0.01337,0.01266,False,True,True,False
459,AIIL,545.9,683.0,-20.07,524.27,-12.68,49.81,-0.2545,0.02266,0.021489,False,True,True,False
460,KFINTECH,949.95,1198.77,-20.76,941.29,-8.66,33.5,-0.2585,0.039432,0.038564,False,True,True,False
461,MSUMI,37.74,52.82,-28.55,40.42,-7.98,30.76,-0.2596,0.001567,0.001656,False,False,False,False
462,ECLERX,1955.5,2496.12,-21.66,1749.83,-12.16,46.65,-0.2606,0.081172,0.071543,False,True,True,False
463,DRREDDY,1178.0,1405.98,-16.22,1243.16,-6.15,23.4,-0.263,0.048898,0.051055,True,False,False,False
464,HUDCO,183.23,239.22,-23.4,200.02,-8.6,31.91,-0.2695,0.007606,0.008205,False,False,False,False
465,FORCEMOT,17370.0,26450.0,-34.33,18800.17,-12.75,46.71,-0.2729,0.721021,0.771671,False,False,False,False
466,TRIVENI,282.57,487.94,-42.09,357.13,-15.39,55.65,-0.2765,0.011729,0.014672,False,False,False,False
467,HCLTECH,1316.1,1729.01,-23.88,1313.47,-7.84,28.22,-0.278,0.054631,0.053787,False,True,True,False
468,HBLENGINE,674.1,1119.11,-39.76,754.48,-12.27,43.75,-0.2805,0.027982,0.030934,False,False,False,False
469,HDFCAMC,2569.0,2903.74,-11.53,2587.59,-8.84,31.34,-0.2821,0.106638,0.106182,True,False,True,False
470,BDL,1306.0,1648.13,-20.76,1356.4,-11.26,38.46,-0.2929,0.054211,0.055601,False,False,False,False
471,SFL,637.0,832.45,-23.48,649.09,-11.49,39.13,-0.2937,0.026442,0.026657,False,False,False,False
472,HYUNDAI,2267.0,2862.66,-20.81,2049.07,-8.17,27.44,-0.2979,0.094102,0.083947,False,True,True,False
473,SRF,2589.9,3198.01,-19.02,2719.0,-8.76,29.27,-0.2993,0.107506,0.111516,True,False,False,False
474,TATAPOWER,351.85,462.04,-23.85,388.21,-6.28,20.84,-0.3013,0.014605,0.015949,False,False,False,False
475,CSBBANK,336.3,574.4,-41.45,368.24,-13.67,45.32,-0.3016,0.01396,0.01509,False,False,False,False
476,RECLTD,316.8,381.34,-16.93,347.47,-8.39,27.31,-0.3071,0.01315,0.014262,True,False,False,False
477,RITES,217.0,272.1,-20.25,219.18,-10.45,33.92,-0.3081,0.009008,0.008985,False,False,True,False
478,DIXON,14650.0,18471.0,-20.69,12909.58,-12.07,38.88,-0.3104,0.608115,0.52926,False,True,True,False
479,SONATSOFTW,304.6,411.03,-25.89,297.78,-14.25,45.75,-0.3114,0.012644,0.01219,False,True,True,False
480,SUDARSCHEM,1256.9,1595.87,-21.24,999.27,-12.49,39.89,-0.3131,0.052173,0.04096,False,True,True,False
481,TSFINV,407.2,684.57,-40.52,429.15,-13.75,43.05,-0.3194,0.016903,0.017578,False,False,False,False
482,UCOBANK,25.48,33.64,-24.25,26.96,-8.88,27.5,-0.3229,0.001058,0.001105,False,False,False,False
483,BBTC,1563.2,2114.67,-26.08,1594.48,-10.74,32.91,-0.3264,0.064888,0.065314,False,False,False,False
484,RELIANCE,1287.0,1604.38,-19.78,1355.73,-6.64,20.07,-0.3309,0.053423,0.055601,True,False,False,False
485,BRITANNIA,5308.5,6232.21,-14.82,5476.32,-6.39,19.32,-0.3309,0.220353,0.2246,True,False,False,False
486,AARTIDRUGS,418.55,531.7,-21.28,399.77,-10.48,31.4,-0.3337,0.017374,0.016391,False,True,True,False
487,FACT,832.5,1058.6,-21.36,854.0,-13.76,41.03,-0.3353,0.034557,0.035057,False,False,False,False
488,MAHSCOOTER,13696.0,18282.17,-25.09,13202.16,-10.9,31.52,-0.3457,0.568515,0.540988,False,True,True,False
489,TRIDENT,24.32,30.31,-19.77,25.44,-10.45,29.89,-0.3495,0.00101,0.001043,True,False,False,False
490,VOLTAS,1200.0,1577.54,-23.93,1331.74,-10.65,30.42,-0.3502,0.049811,0.054637,False,False,False,False
491,JSL,705.15,879.22,-19.8,730.07,-10.85,30.85,-0.3516,0.02927,0.029946,True,False,False,False
492,NBCC,87.5,124.83,-29.9,97.76,-12.28,34.72,-0.3536,0.003632,0.004007,False,False,False,False
493,CENTRALBK,30.54,40.26,-24.14,33.65,-9.96,28.09,-0.3547,0.001268,0.00138,False,False,False,False
494,ELECTCAST,81.5,102.67,-20.62,77.96,-16.49,46.41,-0.3552,0.003383,0.0032,False,True,True,False
495,MARUTI,13376.0,17197.29,-22.22,13834.43,-8.18,22.92,-0.357,0.555232,0.566878,False,False,False,False
496,DBL,406.95,585.0,-30.44,442.4,-13.04,36.33,-0.359,0.016892,0.018146,False,False,False,False
497,PCJEWELLER,10.94,15.38,-28.87,9.96,-16.1,44.48,-0.3621,0.000454,0.000408,False,True,True,False
498,IEX,121.8,155.9,-21.87,128.65,-11.36,31.28,-0.3631,0.005056,0.005277,False,False,False,False
499,NAVA,564.85,732.56,-22.89,585.08,-13.11,35.81,-0.3661,0.023447,0.024031,False,False,False,False
500,WAAREERTL,878.7,1358.0,-35.29,961.19,-14.24,38.75,-0.3675,0.036474,0.039417,False,False,False,False
501,BECTORFOOD,232.87,297.55,-21.74,214.59,-15.21,41.37,-0.3676,0.009666,0.008786,False,True,True,False
502,SUNTV,474.5,653.93,-27.44,529.3,-12.52,33.89,-0.3693,0.019696,0.021725,False,False,False,False
503,TEGA,1658.7,2125.0,-21.94,1709.11,-12.26,33.14,-0.3701,0.068852,0.070089,False,False,False,False
504,SHARDACROP,783.75,1282.81,-38.9,897.37,-18.59,49.52,-0.3754,0.032533,0.036838,False,False,False,False
505,BLUEJET,577.65,758.17,-23.81,535.82,-18.2,48.2,-0.3776,0.023978,0.021964,False,True,True,False
506,SUBROS,726.2,1213.7,-40.17,791.1,-16.47,43.08,-0.3824,0.030144,0.03241,False,False,False,False
507,OLAELEC,38.98,71.25,-45.29,38.81,-23.3,60.75,-0.3835,0.001618,0.001593,False,True,True,False
508,MRF,132080.0,163308.49,-19.12,135193.54,-9.83,24.48,-0.4016,5.48258,5.54125,True,False,False,False
509,OLECTRA,1312.3,1714.2,-23.45,1281.98,-17.59,43.64,-0.403,0.054473,0.052636,False,True,True,False
510,NTPCGREEN,90.82,119.95,-24.29,96.85,-11.52,28.3,-0.4072,0.00377,0.003979,False,False,False,False
511,ARVINDFASN,450.65,576.98,-21.9,460.57,-14.03,34.07,-0.4117,0.018706,0.018888,False,False,False,False
512,BLUEDART,4989.5,7036.0,-29.09,5243.32,-12.4,29.94,-0.4143,0.207112,0.214952,False,False,False,False
513,CERA,5654.5,6663.07,-15.14,5715.0,-11.55,27.89,-0.4144,0.234716,0.234682,True,False,True,False
514,SARDAEN,508.25,637.3,-20.25,518.96,-13.95,33.24,-0.4196,0.021097,0.021319,False,False,False,False
515,ONESOURCE,1532.2,1925.0,-20.41,1630.14,-17.7,41.71,-0.4244,0.063601,0.066943,False,False,False,False
516,VEDL,287.95,795.0,-63.78,413.56,-31.63,74.15,-0.4266,0.011953,0.016915,False,False,False,False
517,DOMS,2198.9,2762.06,-20.39,2319.49,-11.55,27.03,-0.4272,0.091275,0.095125,False,False,False,False
518,CHOLAHLDNG,1498.8,2062.37,-27.33,1642.59,-15.94,36.88,-0.4323,0.062214,0.067305,False,False,False,False
519,IONEXCHANG,370.2,486.0,-23.83,393.19,-17.16,39.57,-0.4336,0.015367,0.016141,False,False,False,False
520,AFFLE,1620.2,2185.9,-25.88,1578.75,-14.49,33.19,-0.4365,0.067254,0.064697,False,True,True,False
521,LXCHEM,171.34,240.59,-28.78,162.96,-18.9,42.81,-0.4416,0.007112,0.00668,False,True,True,False
522,ESCORTS,3015.5,4112.49,-26.67,3136.56,-13.69,30.74,-0.4453,0.125172,0.128466,False,False,False,False
523,BSOFT,300.9,467.1,-35.58,338.8,-16.86,37.83,-0.4456,0.01249,0.013877,False,False,False,False
524,LTTS,3568.7,4673.3,-23.64,3604.15,-16.19,35.87,-0.4515,0.148135,0.147668,False,False,True,False
525,RAILTEL,278.9,408.55,-31.73,313.03,-17.91,39.62,-0.4519,0.011577,0.012829,False,False,False,False
526,REFEX,287.55,413.68,-30.49,298.73,-24.06,52.7,-0.4565,0.011936,0.012257,False,False,False,False
527,GMRP&UI,93.35,136.95,-31.84,104.78,-17.96,39.09,-0.4593,0.003875,0.004298,False,False,False,False
528,ANUP,1800.5,2559.39,-29.65,2048.55,-20.62,44.71,-0.4612,0.074738,0.084006,False,False,False,False
529,EIEL,199.23,276.1,-27.84,204.88,-22.1,47.37,-0.4665,0.00827,0.008405,False,False,False,False
530,FSL,269.3,371.59,-27.53,272.72,-22.26,47.66,-0.467,0.011179,0.011163,False,False,True,False
531,MOIL,258.25,398.62,-35.21,299.5,-18.93,40.05,-0.4728,0.01072,0.012275,False,False,False,False
532,GMMPFAUDLR,1026.7,1304.86,-21.32,929.54,-15.42,32.27,-0.478,0.042618,0.038053,False,True,True,False
533,TEXRAIL,109.44,153.0,-28.47,114.07,-20.5,42.71,-0.48,0.004543,0.004672,False,False,False,False
534,CAMPUS,226.14,294.65,-23.25,240.48,-12.82,26.61,-0.4816,0.009387,0.00986,False,False,False,False
535,JSLL,512.5,849.5,-39.67,646.97,-26.59,54.92,-0.4841,0.021274,0.02655,False,False,False,False
536,RENUKA,24.14,33.5,-27.94,24.85,-17.24,35.42,-0.4868,0.001002,0.001019,False,False,False,False
537,DATAMATICS,791.9,1048.31,-24.46,795.42,-20.24,41.37,-0.4892,0.032871,0.032636,False,False,True,False
538,SOBHA,1270.2,1724.93,-26.36,1395.69,-15.31,31.22,-0.4902,0.052725,0.057227,False,False,False,False
539,SURYAROSNI,220.46,308.07,-28.44,244.64,-19.28,38.47,-0.5012,0.009151,0.010031,False,False,False,False
540,DEVYANI,139.94,191.0,-26.73,127.06,-19.62,39.03,-0.5026,0.005809,0.005203,False,True,True,False
541,IRB,19.07,23.84,-19.99,20.74,-12.89,25.65,-0.5026,0.000792,0.000852,True,False,False,False
542,SUNTECK,306.0,472.5,-35.24,339.2,-21.01,41.8,-0.5027,0.012702,0.013876,False,False,False,False
543,WAAREEENER,2640.0,3862.83,-31.66,2939.13,-19.1,37.59,-0.5083,0.109585,0.120667,False,False,False,False
544,MGL,1092.6,1341.92,-18.58,1114.29,-15.22,29.56,-0.5149,0.045353,0.045702,True,False,False,False
545,POWERMECH,2580.6,3233.59,-20.19,2494.53,-19.82,38.44,-0.5155,0.10712,0.102421,False,True,True,False
546,KITEX,128.4,232.7,-44.82,164.73,-27.87,53.92,-0.5169,0.00533,0.006746,False,False,False,False
547,ELECON,425.25,632.51,-32.77,478.03,-23.17,44.72,-0.518,0.017652,0.019618,False,False,False,False
548,RELAXO,356.75,526.0,-32.18,371.8,-23.39,44.35,-0.5274,0.014809,0.015225,False,False,False,False
549,DCMSHRIRAM,1022.3,1400.48,-27.0,1094.08,-16.84,31.92,-0.5276,0.042435,0.04487,False,False,False,False
550,KANSAINER,195.77,260.89,-24.96,209.93,-14.84,28.08,-0.5284,0.008126,0.008606,False,False,False,False
551,TIMETECHNO,186.29,249.15,-25.23,189.9,-19.2,36.3,-0.5289,0.007733,0.007787,False,False,False,False
552,BHARTIHEXA,1550.1,1934.32,-19.86,1578.84,-14.81,27.93,-0.5303,0.064344,0.06473,True,False,False,False
553,HDBFS,679.35,796.67,-14.73,698.27,-13.53,25.29,-0.5351,0.0282,0.028626,True,False,False,False
554,SANOFICONR,4213.7,5275.81,-20.13,4528.4,-16.54,30.59,-0.5408,0.174909,0.185973,False,False,False,False
555,IOB,32.81,41.8,-21.51,34.82,-14.06,25.74,-0.5465,0.001362,0.001428,False,False,False,False
556,PFIZER,4703.8,5489.44,-14.31,4733.11,-12.56,22.77,-0.5513,0.195253,0.194138,True,False,True,False
557,MAXHEALTH,1014.1,1219.73,-16.86,1057.96,-14.15,25.64,-0.5521,0.042095,0.043404,True,False,False,False
558,JSWCEMENT,125.24,161.55,-22.48,127.95,-16.47,29.78,-0.5531,0.005199,0.005256,False,False,False,False
559,WESTLIFE,555.75,774.46,-28.24,524.17,-21.52,38.83,-0.5542,0.023069,0.021481,False,True,True,False
560,SUZLON,46.79,61.5,-23.92,51.71,-17.87,31.92,-0.5598,0.001942,0.002123,False,False,False,False
561,JWL,245.1,358.25,-31.58,279.82,-25.65,44.41,-0.5775,0.010174,0.011471,False,False,False,False
562,ABREL,1387.0,1961.88,-29.3,1438.17,-22.31,38.53,-0.5789,0.057574,0.058892,False,False,False,False
563,RHIM,369.35,508.3,-27.34,408.05,-23.38,40.29,-0.5804,0.015332,0.016717,False,False,False,False
564,MEDPLUS,676.35,1022.2,-33.83,802.68,-17.64,30.09,-0.5864,0.028075,0.032968,False,False,False,False
565,RCF,119.81,161.77,-25.94,130.18,-19.83,33.64,-0.5894,0.004973,0.005338,False,False,False,False
566,HERITGFOOD,370.55,535.95,-30.86,363.92,-19.9,33.51,-0.5938,0.015381,0.014892,False,True,True,False
567,PURVA,215.78,305.0,-29.25,223.54,-25.27,42.3,-0.5974,0.008957,0.009158,False,False,False,False
568,MASTEK,1885.4,2587.07,-27.12,1801.94,-24.61,40.59,-0.6064,0.078262,0.073762,False,True,True,False
569,PARADEEP,165.88,231.0,-28.19,140.97,-26.53,43.58,-0.6087,0.006886,0.005775,False,True,True,False
570,RAMCOCEM,895.65,1211.19,-26.05,959.74,-15.56,25.56,-0.6088,0.037178,0.039334,False,False,False,False
571,IREDA,117.02,162.49,-27.98,128.2,-18.4,30.01,-0.6132,0.004857,0.005257,False,False,False,False
572,VBL,414.0,555.18,-25.43,471.09,-18.32,29.77,-0.6154,0.017185,0.019348,False,False,False,False
573,JUBLPHARMA,882.65,1178.7,-25.12,962.51,-17.64,28.62,-0.6161,0.036638,0.039465,False,False,False,False
574,AAVAS,1275.5,1771.9,-28.02,1424.13,-18.88,30.43,-0.6203,0.052945,0.058392,False,False,False,False
575,SAPPHIRE,231.5,347.9,-33.46,210.79,-28.51,45.68,-0.624,0.009609,0.008624,False,True,True,False
576,SWSOLAR,195.37,281.7,-30.65,213.51,-26.73,42.83,-0.6242,0.00811,0.008756,False,False,False,False
577,JAIBALAJI,69.23,108.0,-35.9,72.37,-31.48,50.35,-0.6251,0.002874,0.002969,False,False,False,False
578,COROMANDEL,1913.7,2486.77,-23.04,2064.16,-18.92,29.96,-0.6318,0.079437,0.084586,False,False,False,False
579,UPL,571.0,804.41,-29.02,632.16,-20.27,31.65,-0.6404,0.023702,0.025905,False,False,False,False
580,WEBELSOLAR,77.84,141.5,-44.99,96.78,-37.89,58.64,-0.646,0.003231,0.003973,False,False,False,False
581,EMBDL,62.78,105.7,-40.61,65.71,-34.72,52.55,-0.6607,0.002606,0.00269,False,False,False,False
582,TARIL,303.45,552.0,-45.03,325.65,-39.32,59.45,-0.6613,0.012596,0.013363,False,False,False,False
583,IRCON,122.4,188.01,-34.9,141.86,-25.04,37.74,-0.6634,0.005081,0.005811,False,False,False,False
584,BLUESTARCO,1480.0,2030.04,-27.1,1691.19,-20.25,30.49,-0.6642,0.061434,0.069365,False,False,False,False
585,ICICIGI,1562.0,2057.09,-24.07,1778.55,-16.0,23.95,-0.6682,0.064838,0.07295,False,False,False,False
586,NEWGEN,567.1,1030.41,-44.96,580.59,-35.97,52.93,-0.6796,0.02354,0.023698,False,False,False,False
587,KAYNES,3943.1,7705.0,-48.82,3975.93,-36.38,53.2,-0.6838,0.163676,0.162607,False,False,True,False
588,SAFARI,1509.7,2504.02,-39.71,1703.74,-24.88,35.79,-0.6952,0.062667,0.069683,False,False,False,False
589,APTUS,256.15,347.6,-26.31,268.27,-22.55,32.34,-0.6972,0.010633,0.011001,False,False,False,False
590,SAMHI,156.01,222.0,-29.73,170.51,-25.05,35.87,-0.6984,0.006476,0.006987,False,False,False,False
591,GHCL,441.45,649.68,-32.05,473.38,-18.97,27.03,-0.702,0.018324,0.019389,False,False,False,False
592,GSFC,157.97,215.43,-26.67,168.6,-19.05,26.97,-0.7064,0.006557,0.006913,False,False,False,False
593,JMFINANCIL,129.29,190.77,-32.23,131.05,-28.99,40.96,-0.7077,0.005367,0.005371,False,False,False,False
594,TARC,117.9,186.3,-36.71,135.88,-29.65,41.47,-0.7149,0.004894,0.005563,False,False,False,False
595,DBREALTY,107.37,184.8,-41.9,120.06,-36.58,51.05,-0.7166,0.004457,0.004919,False,False,False,False
596,ICICIPRULI,506.0,704.36,-28.16,545.44,-17.61,24.5,-0.7188,0.021004,0.022339,False,False,False,False
597,JUBLFOOD,490.45,665.86,-26.34,489.13,-23.25,31.96,-0.7273,0.020358,0.020028,False,True,True,False
598,PRSMJOHNSN,111.18,176.0,-36.83,122.69,-25.59,34.98,-0.7316,0.004615,0.00503,False,False,False,False
599,VIPIND,305.8,454.3,-32.69,329.94,-27.32,37.0,-0.7384,0.012694,0.013513,False,False,False,False
600,LATENTVIEW,279.6,517.5,-45.97,331.61,-34.2,46.14,-0.7412,0.011606,0.013551,False,False,False,False
601,BLS,239.03,372.3,-35.8,274.84,-35.17,47.42,-0.7417,0.009922,0.011262,False,False,False,False
602,HAPPSTMNDS,408.0,574.71,-29.01,407.69,-28.79,38.36,-0.7504,0.016936,0.016701,False,True,True,False
603,INFY,1144.0,1691.4,-32.36,1236.26,-22.42,29.78,-0.753,0.047487,0.050609,False,False,False,False
604,STYRENIX,2020.8,2678.51,-24.56,2213.34,-23.14,30.72,-0.7533,0.083882,0.090899,False,False,False,False
605,SUPREMEIND,3636.9,4596.8,-20.88,3597.44,-19.7,26.15,-0.7535,0.150966,0.147659,False,True,True,False
606,COLPAL,1826.9,2448.35,-25.38,2064.89,-18.2,23.81,-0.7643,0.075834,0.084724,False,False,False,False
607,IXIGO,163.36,339.15,-51.83,194.51,-42.58,55.59,-0.7661,0.006781,0.007953,False,False,False,False
608,INTELLECT,679.7,1232.73,-44.86,773.85,-30.2,39.0,-0.7743,0.028214,0.031657,False,False,False,False
609,HEXT,555.7,806.97,-31.14,565.33,-30.85,39.78,-0.7754,0.023067,0.023125,False,False,False,False
610,AWL,196.27,281.43,-30.26,203.61,-21.69,27.88,-0.7781,0.008147,0.008339,False,False,False,False
611,DALBHARAT,1845.3,2484.34,-25.72,1893.96,-21.01,26.94,-0.7801,0.076598,0.077601,False,False,False,False
612,DMART,3830.6,4949.5,-22.61,4083.88,-18.78,24.03,-0.7817,0.159006,0.167766,False,False,False,False
613,JKCEMENT,5168.5,7098.08,-27.18,5495.86,-25.18,32.1,-0.7844,0.214542,0.22537,False,False,False,False
614,GODFRYPHLP,2123.7,3868.28,-45.1,2278.64,-38.23,48.74,-0.7844,0.088154,0.093336,False,False,False,False
615,TTML,38.84,60.62,-35.93,43.87,-32.03,40.67,-0.7875,0.001612,0.001797,False,False,False,False
616,SBICARD,641.05,961.63,-33.34,694.87,-21.14,26.66,-0.7928,0.02661,0.028437,False,False,False,False
617,AHLUCONT,641.1,1077.95,-40.53,831.19,-30.6,38.34,-0.7981,0.026612,0.03406,False,False,False,False
618,NFL,71.09,101.34,-29.85,77.38,-23.9,29.92,-0.7986,0.002951,0.003171,False,False,False,False
619,EUREKAFORB,427.75,668.3,-35.99,487.04,-25.62,31.84,-0.8044,0.017756,0.019946,False,False,False,False
620,NESCO,1048.4,1628.41,-35.62,1131.01,-26.99,33.37,-0.809,0.043519,0.046378,False,False,False,False
621,TCS,2342.0,3287.16,-28.75,2482.39,-22.74,27.95,-0.8135,0.097215,0.101613,False,False,False,False
622,ELLEN,319.8,559.8,-42.87,299.6,-39.51,48.49,-0.8149,0.013275,0.01225,False,True,True,False
623,CLEAN,836.45,1214.89,-31.15,833.32,-25.84,31.62,-0.8172,0.034721,0.034147,False,True,True,False
624,ABBOTINDIA,26175.0,32025.59,-18.27,26958.3,-15.99,19.51,-0.8194,1.086512,1.10607,True,False,False,False
625,HAVELLS,1222.9,1608.14,-23.96,1288.25,-18.79,22.88,-0.8211,0.050762,0.052799,False,False,False,False
626,TECHNOE,1025.5,1565.32,-34.49,1108.48,-32.2,39.12,-0.8231,0.042568,0.045473,False,False,False,False
627,PAGEIND,35985.0,46547.97,-22.69,37865.49,-19.89,24.08,-0.8259,1.493721,1.554511,False,False,False,False
628,CHAMBLFERT,421.55,566.87,-25.64,454.64,-21.87,26.42,-0.8277,0.017498,0.018664,False,False,False,False
629,FINPIPE,160.56,222.5,-27.84,173.81,-22.89,27.28,-0.8392,0.006665,0.00713,False,False,False,False
630,MANYAVAR,547.8,779.0,-29.68,485.02,-28.93,34.41,-0.841,0.022739,0.019836,False,True,True,False
631,SIGNATURE,779.25,1158.0,-32.71,878.52,-30.54,36.02,-0.848,0.032346,0.035951,False,False,False,False
632,INDIASHLTR,649.85,956.14,-32.03,766.04,-27.21,31.94,-0.8518,0.026975,0.031424,False,False,False,False
633,ERIS,1314.8,1809.09,-27.32,1420.91,-25.26,29.57,-0.8544,0.054577,0.058262,False,False,False,False
634,SHAKTIPUMP,493.55,912.2,-45.89,585.47,-39.09,45.11,-0.8666,0.020487,0.023962,False,False,False,False
635,THOMASCOOK,108.43,180.73,-40.0,112.96,-37.47,42.8,-0.8755,0.004501,0.00462,False,False,False,False
636,NUVOCO,324.85,477.5,-31.97,335.48,-30.04,34.29,-0.876,0.013484,0.01375,False,False,False,False
637,JIOFIN,238.4,320.85,-25.7,254.02,-24.32,27.53,-0.8834,0.009896,0.010404,False,False,False,False
638,KPIGREEN,314.25,541.7,-41.99,405.74,-36.85,41.61,-0.8855,0.013044,0.016639,False,False,False,False
639,KSCL,786.8,1218.71,-35.44,896.15,-31.58,34.98,-0.9027,0.03266,0.036753,False,False,False,False
640,ACI,484.3,722.59,-32.98,555.44,-28.99,31.98,-0.9065,0.020103,0.0228,False,False,False,False
641,SHREECEM,24000.0,30583.61,-21.53,25922.23,-19.86,21.79,-0.9115,0.996229,1.063174,False,False,False,False
642,RVNL,214.22,398.2,-46.2,269.83,-31.06,33.89,-0.9165,0.008892,0.011045,False,False,False,False
643,EIHOTEL,297.8,432.84,-31.2,327.04,-26.22,28.54,-0.9186,0.012362,0.013406,False,False,False,False
644,BIRLACORPN,881.2,1328.83,-33.69,985.84,-29.87,32.38,-0.9225,0.036578,0.0404,False,False,False,False
645,ZAGGLE,190.26,409.2,-53.5,246.85,-52.06,56.32,-0.9244,0.007898,0.010081,False,False,False,False
646,SWIGGY,280.5,474.0,-40.82,297.71,-34.85,37.23,-0.936,0.011643,0.012173,False,False,False,False
647,KNRCON,124.55,220.0,-43.39,139.71,-35.86,38.17,-0.9394,0.00517,0.005721,False,False,False,False
648,CROMPTON,233.0,333.49,-30.13,263.73,-27.43,29.1,-0.9427,0.009672,0.010827,False,False,False,False
649,COHANCE,449.9,1038.9,-56.69,485.92,-48.92,51.28,-0.9541,0.018675,0.019889,False,False,False,False
650,ABFRL,52.49,94.95,-44.72,67.49,-36.42,37.9,-0.9609,0.002179,0.002768,False,False,False,False
651,MAPMYINDIA,965.9,1992.15,-51.51,1136.21,-42.99,44.64,-0.9629,0.040094,0.046356,False,False,False,False
652,RAYMONDLSL,691.35,1348.3,-48.72,840.44,-40.0,41.48,-0.9644,0.028698,0.034379,False,False,False,False
653,TRENT,2898.0,5665.63,-48.85,3187.64,-45.19,46.64,-0.9689,0.120295,0.130438,False,False,False,False
654,NCC,148.4,218.93,-32.22,154.68,-28.91,29.73,-0.9725,0.00616,0.006341,False,False,False,False
655,GODREJCP,915.0,1284.14,-28.75,1064.29,-25.89,26.3,-0.9845,0.037981,0.043631,False,False,False,False
656,ASHOKA,112.65,214.5,-47.48,137.14,-36.89,37.39,-0.9865,0.004676,0.005609,False,False,False,False
657,VMM,107.0,155.32,-31.11,118.97,-30.13,30.48,-0.9886,0.004442,0.004877,False,False,False,False
658,SWANCORP,298.15,505.75,-41.05,351.03,-34.25,34.62,-0.9891,0.012376,0.014358,False,False,False,False
659,WHIRLPOOL,813.25,1428.46,-43.07,882.72,-36.09,36.17,-0.9976,0.033758,0.036151,False,False,False,False
660,TATAELXSI,3685.0,5845.18,-36.96,4292.13,-31.53,31.56,-0.999,0.152963,0.175707,False,False,False,False
661,TATACHEM,655.75,1011.1,-35.15,723.96,-28.81,28.6,-1.0072,0.02722,0.029689,False,False,False,False
662,BAYERCROP,4048.7,5305.22,-23.68,4400.01,-21.42,21.26,-1.0078,0.16806,0.180554,False,False,False,False
663,CELLO,350.8,670.83,-47.71,425.13,-34.7,33.99,-1.0208,0.014562,0.017382,False,False,False,False
664,WIPRO,180.95,263.22,-31.26,199.28,-25.51,24.91,-1.0239,0.007511,0.008161,False,False,False,False
665,RTNPOWER,7.95,12.84,-38.08,9.25,-33.36,32.4,-1.0297,0.00033,0.000379,False,False,False,False
666,AURIONPRO,707.6,1343.93,-47.35,892.73,-45.89,44.56,-1.03,0.029372,0.036539,False,False,False,False
667,AMBUJACEM,412.05,597.84,-31.08,461.69,-27.71,26.89,-1.0302,0.017104,0.018903,False,False,False,False
668,ZENSARTECH,470.6,845.39,-44.33,549.59,-39.88,38.61,-1.0328,0.019534,0.022477,False,False,False,False
669,IGL,147.61,219.29,-32.69,165.91,-27.01,26.06,-1.0366,0.006127,0.006799,False,False,False,False
670,BATAINDIA,681.3,1223.99,-44.34,755.02,-32.97,31.8,-1.0368,0.02828,0.030879,False,False,False,False
671,BIKAJI,618.8,817.1,-24.27,658.46,-22.37,21.55,-1.0383,0.025686,0.027006,False,False,False,False
672,AFCONS,286.65,476.09,-39.79,323.38,-33.45,32.0,-1.0455,0.011899,0.013246,False,False,False,False
673,IRFC,83.9,135.73,-38.19,100.38,-29.45,28.11,-1.0474,0.003483,0.004111,False,False,False,False
674,TMPV,319.4,733.61,-56.46,377.37,-52.75,50.35,-1.0477,0.013258,0.015469,False,False,False,False
675,SKFINDIA,1571.3,4953.04,-68.28,1880.99,-64.64,61.42,-1.0525,0.065224,0.076963,False,False,False,False
676,ITCHOTELS,162.73,252.02,-35.43,174.08,-31.51,29.77,-1.0585,0.006755,0.007128,False,False,False,False
677,PNCINFRA,195.22,324.36,-39.81,229.42,-34.85,32.88,-1.0601,0.008103,0.009399,False,False,False,False
678,SJVN,64.88,97.93,-33.75,73.55,-33.03,31.04,-1.064,0.002693,0.003017,False,False,False,False
679,RPOWER,22.45,50.73,-55.75,28.82,-49.81,46.69,-1.0667,0.000932,0.001178,False,False,False,False
680,GILLETTE,7316.0,10437.38,-29.91,7949.41,-24.67,23.09,-1.0682,0.303684,0.32606,False,False,False,False
681,TRANSRAILL,452.75,818.09,-44.66,530.16,-40.12,37.4,-1.0726,0.018793,0.021719,False,False,False,False
682,ROUTE,509.35,872.04,-41.59,571.28,-39.42,36.55,-1.0784,0.021143,0.023388,False,False,False,False
683,DABUR,386.0,566.62,-31.88,446.21,-24.76,22.78,-1.0867,0.016023,0.018288,False,False,False,False
684,CRIZAC,172.9,375.59,-53.97,216.68,-46.77,42.67,-1.0961,0.007177,0.008867,False,False,False,False
685,VIKRAMSOLR,172.71,407.95,-57.66,205.68,-51.54,46.75,-1.1024,0.007169,0.008424,False,False,False,False
686,UTIAMC,887.7,1362.82,-34.86,968.93,-31.55,28.54,-1.1055,0.036848,0.039694,False,False,False,False
687,LEMONTREE,108.53,180.68,-39.93,121.82,-34.3,30.92,-1.1095,0.004505,0.004985,False,False,False,False
688,ABLBL,84.6,150.53,-43.8,103.41,-38.77,34.63,-1.1195,0.003512,0.004232,False,False,False,False
689,RTNINDIA,30.24,64.0,-52.75,35.73,-48.04,42.67,-1.1259,0.001255,0.001463,False,False,False,False
690,HINDUNILVR,2010.4,2701.08,-25.57,2198.65,-23.98,21.25,-1.1288,0.083451,0.090171,False,False,False,False
691,BAJAJHFL,85.0,117.0,-27.35,90.19,-24.33,21.42,-1.1359,0.003528,0.003697,False,False,False,False
692,EIDPARRY,805.3,1176.0,-31.52,838.44,-31.49,27.01,-1.1659,0.033428,0.034316,False,False,False,False
693,SYNGENE,403.4,677.03,-40.42,471.11,-37.65,32.01,-1.176,0.016745,0.019276,False,False,False,False
694,GODIGIT,262.35,381.4,-31.21,306.41,-29.18,24.74,-1.1797,0.01089,0.012567,False,False,False,False
695,FIRSTCRY,185.48,438.7,-57.72,243.85,-50.57,42.61,-1.1868,0.007699,0.00998,False,False,False,False
696,HDFCBANK,720.3,1003.9,-28.25,812.15,-24.78,20.76,-1.1933,0.029899,0.03326,False,False,False,False
697,ACC,1306.4,1975.57,-33.87,1471.79,-26.94,22.22,-1.2126,0.054228,0.060254,False,False,False,False
698,RALLIS,209.63,367.2,-42.91,244.41,-42.03,34.53,-1.2171,0.008702,0.010018,False,False,False,False
699,AWFIS,253.25,639.4,-60.39,354.12,-56.01,45.61,-1.2279,0.010512,0.01446,False,False,False,False
700,KPITTECH,609.4,1313.89,-53.62,784.62,-48.68,39.23,-1.2408,0.025296,0.032031,False,False,False,False
701,NETWORK18,28.8,58.1,-50.43,35.02,-46.16,36.35,-1.27,0.001195,0.001432,False,False,False,False
702,UBL,1334.1,1868.7,-28.61,1477.59,-27.52,21.5,-1.28,0.055378,0.060568,False,False,False,False
703,PIIND,2420.1,3812.93,-36.53,2935.05,-35.76,27.61,-1.2951,0.100457,0.120264,False,False,False,False
704,KEC,425.8,927.0,-54.07,558.89,-47.38,36.42,-1.3011,0.017675,0.022858,False,False,False,False
705,INOXWIND,71.79,159.3,-54.93,97.46,-49.45,37.74,-1.3104,0.00298,0.003984,False,False,False,False
706,EMAMILTD,379.4,606.01,-37.39,443.17,-32.45,24.7,-1.3134,0.015749,0.01815,False,False,False,False
707,HDFCLIFE,548.0,800.15,-31.51,620.82,-29.18,22.06,-1.3232,0.022747,0.025419,False,False,False,False
708,HGINFRA,496.5,1046.12,-52.54,627.28,-49.0,36.93,-1.327,0.020609,0.025654,False,False,False,False
709,JYOTHYLAB,207.4,340.94,-39.17,230.62,-37.55,28.16,-1.3336,0.008609,0.009438,False,False,False,False
710,INDIAMART,1756.9,2581.36,-31.94,1998.83,-31.91,23.61,-1.3511,0.072928,0.081942,False,False,False,False
711,BAJAJELEC,332.75,647.96,-48.65,384.95,-41.51,30.45,-1.3631,0.013812,0.015748,False,False,False,False
712,ALOKINDS,9.24,19.34,-52.22,13.65,-47.56,34.7,-1.3707,0.000384,0.000559,False,False,False,False
713,ORIENTCEM,131.37,237.15,-44.61,154.08,-43.96,31.45,-1.398,0.005453,0.006308,False,False,False,False
714,OSWALPUMPS,295.55,846.0,-65.07,411.75,-64.6,45.44,-1.4217,0.012268,0.016821,False,False,False,False
715,IRCTC,485.65,729.66,-33.44,559.16,-31.42,21.93,-1.4326,0.020159,0.022894,False,False,False,False
716,STARCEMENT,187.79,307.54,-38.94,214.39,-33.18,22.16,-1.4971,0.007795,0.008796,False,False,False,False
717,JKLAKSHMI,540.85,978.64,-44.73,644.7,-40.91,26.95,-1.5181,0.02245,0.026386,False,False,False,False
718,CMSINFO,242.55,429.13,-43.48,305.39,-43.48,28.15,-1.5443,0.010068,0.012513,False,False,False,False
719,ITC,266.0,407.14,-34.67,306.65,-30.84,19.57,-1.5759,0.011042,0.012561,False,False,False,False
720,PATANJALI,348.45,606.9,-42.58,445.4,-41.06,25.3,-1.6229,0.014464,0.018241,False,False,False,False
721,AEQUS,245.99,274.39,-10.35,201.05,,57.62,,0.010211,0.008306,True,True,True,False
722,ATLANTAELE,1745.1,2152.6,-18.93,1485.71,,56.54,,0.072438,0.061392,True,True,True,False
723,CANHLIFE,154.19,166.25,-7.25,143.2,,30.61,,0.0064,0.005891,True,True,True,False
724,CAPILLARY,501.5,798.95,-37.23,533.76,,46.71,,0.020817,0.021945,False,False,False,False
725,CORONA,2079.5,2270.1,-8.4,1827.83,,32.08,,0.086319,0.075517,True,True,True,False
726,CRAMC,259.9,348.32,-25.38,257.6,,40.26,,0.010788,0.010573,False,True,True,False
727,EMMVEE,324.1,371.55,-12.77,286.57,,53.22,,0.013453,0.011835,True,True,True,False
728,GROWW,191.46,227.2,-15.73,188.56,,51.13,,0.007947,0.007773,True,True,True,False
729,ICICIAMC,3139.6,3597.03,-12.72,3141.78,,33.86,,0.130323,0.129873,True,False,True,False
730,JAINREC,287.95,593.95,-51.52,372.78,,53.38,,0.011953,0.015328,False,False,False,False
731,LENSKART,636.15,673.9,-5.6,527.84,,35.56,,0.026406,0.021756,True,True,True,False
732,LGEINDIA,1691.4,1755.0,-3.62,1558.55,,28.86,,0.070209,0.064071,True,True,True,False
733,MEESHO,208.63,254.4,-17.99,180.84,,56.72,,0.00866,0.007462,True,True,True,False
734,ORKLAINDIA,595.4,760.0,-21.66,597.09,,27.27,,0.024715,0.024578,False,False,True,False
735,PARKHOSPS,290.55,305.0,-4.74,250.62,,42.61,,0.012061,0.010377,True,True,True,False
736,PINELABS,165.07,284.0,-41.88,171.51,,46.66,,0.006852,0.007034,False,False,False,False
737,PIRAMALFIN,2278.4,2299.9,-0.93,1956.05,,33.17,,0.094575,0.080629,True,True,True,False
738,PWL,119.46,161.99,-26.25,117.72,,52.43,,0.004959,0.004841,False,True,True,False
739,RUBICON,1804.4,1899.0,-4.98,1183.04,,45.88,,0.0749,0.048818,True,True,True,False
740,SAATVIKGL,422.3,567.0,-25.52,434.01,,43.64,,0.017529,0.017847,False,False,False,False
741,SKFINDUS,2952.2,3018.35,-2.19,2521.92,,35.26,,0.122544,0.103961,True,True,True,False
742,STYL,402.1,434.7,-7.5,312.64,,44.06,,0.016691,0.01284,True,True,True,False
743,SUDEEPPHRM,1152.1,1180.0,-2.36,796.8,,46.6,,0.047823,0.032869,True,True,True,False
744,TATACAP,375.7,390.2,-3.72,341.6,,27.0,,0.015595,0.014037,True,True,True,False
745,TENNIND,537.5,657.0,-18.19,561.17,,37.5,,0.022311,0.023137,True,False,False,False
746,TMCV,466.3,503.32,-7.35,423.07,,38.84,,0.019356,0.01741,True,True,True,False
747,URBANCO,168.41,201.18,-16.29,134.22,,45.22,,0.006991,0.005512,True,True,True,False
748,UTLSOLAR,449.55,494.25,-9.04,314.44,,45.83,,0.018661,0.01298,True,True,True,False
749,WAKEFIT,144.71,224.0,-35.4,141.57,,50.71,,0.006007,0.005829,False,True,True,False
750,WEWORK,691.6,794.5,-12.95,624.33,,39.42,,0.028708,0.02565,True,True,True,False
