symbol,ex_date,action_type,ratio,source_url,fetched_at,subject_raw
KOTHARIPRO,2016-01-05,bonus,0.5,https://www.nseindia.com/api/corporates-corporateActions?index=equities&from_date=01-01-2016&to_date=31-12-2016,2026-09-24 14:42:34 UTC,Bonus 1:2
GREENPLY,2016-01-06,split,5.0,https://www.nseindia.com/api/corporates-corporateActions?index=equities&from_date=01-01-2016&to_date=31-12-2016,2026-09-24 14:42:34 UTC,Face Value Split (Sub-Division) - From Rs 5/- Per Share To Re 1/- Per Share
MOLDTKPAC,2016-02-17,split,2.0,https://www.nseindia.com/api/corporates-corporateActions?index=equities&from_date=01-01-2016&to_date=31-12-2016,2026-09-24 14:42:34 UTC,Face Value Split (Sub-Division) - From Rs 10/- Per Share To Rs 5/- Per Share
PRAKASHSTL,2016-03-03,split,10.0,https://www.nseindia.com/api/corporates-corporateActions?index=equities&from_date=01-01-2016&to_date=31-12-2016,2026-09-24 14:42:34 UTC,Face Value Split (Sub-Division) - From Rs 10/- Per Share To Re 1/- Per Share
MINDTREE,2016-03-09,bonus,1.0,https://www.nseindia.com/api/corporates-corporateActions?index=equities&from_date=01-01-2016&to_date=31-12-2016,2026-09-24 14:42:34 UTC,Bonus 1:1
RAMASTEEL,2016-03-14,bonus,4.0,https://www.nseindia.com/api/corporates-corporateActions?index=equities&from_date=01-01-2016&to_date=31-12-2016,2026-09-24 14:42:34 UTC,Bonus 4:1/Face Value Split (Sub-Division) - From Rs 10/- Per Share To Rs 5/- Per Share
VEEDOL,2016-03-16,bonus,1.0,https://www.nseindia.com/api/corporates-corporateActions?index=equities&from_date=01-01-2016&to_date=31-12-2016,2026-09-24 14:42:34 UTC,Bonus 1:1/Face Value Split (Sub-Division) - From Rs 10/- Per Share To Rs 5/- Per Share
PRECWIRE,2016-03-21,split,2.0,https://www.nseindia.com/api/corporates-corporateActions?index=equities&from_date=01-01-2016&to_date=31-12-2016,2026-09-24 14:42:34 UTC,Face Value Split (Sub-Division) - From Rs 10/- Per Share To Rs 5/- Per Share
WELSPUNLIV,2016-03-21,split,6.0,https://www.nseindia.com/api/corporates-corporateActions?index=equities&from_date=01-01-2016&to_date=31-12-2016,2026-09-24 14:42:34 UTC,Interim Div - Rs 6/- Per Share + Face Value Split (Sub-Division) - From Rs 10/- Per Share To Re 1/- Per Share
VIVIDHA,2016-03-30,bonus,0.3333333333333333,https://www.nseindia.com/api/corporates-corporateActions?index=equities&from_date=01-01-2016&to_date=31-12-2016,2026-09-24 14:42:34 UTC,Bonus 1:3
VIVIMEDLAB,2016-04-06,split,5.0,https://www.nseindia.com/api/corporates-corporateActions?index=equities&from_date=01-01-2016&to_date=31-12-2016,2026-09-24 14:42:34 UTC,Face Value Split (Sub-Division) - From Rs 10/- Per Share To Rs 2/- Per Share
DISHMAN,2016-05-02,bonus,1.0,https://www.nseindia.com/api/corporates-corporateActions?index=equities&from_date=01-01-2016&to_date=31-12-2016,2026-09-24 14:42:34 UTC,Bonus 1:1
GMBREW,2016-05-30,bonus,0.25,https://www.nseindia.com/api/corporates-corporateActions?index=equities&from_date=01-01-2016&to_date=31-12-2016,2026-09-24 14:42:34 UTC,Bonus 1:4
NBCC,2016-06-02,split,5.0,https://www.nseindia.com/api/corporates-corporateActions?index=equities&from_date=01-01-2016&to_date=31-12-2016,2026-09-24 14:42:34 UTC,Face Value Split (Sub-Division) - From Rs 10/- Per Share To Rs 2/- Per Share
LUXIND,2016-06-06,split,5.0,https://www.nseindia.com/api/corporates-corporateActions?index=equities&from_date=01-01-2016&to_date=31-12-2016,2026-09-24 14:42:34 UTC,Face Value Split From Rs 10 To Rs 2
PINCON,2016-06-23,bonus,1.0,https://www.nseindia.com/api/corporates-corporateActions?index=equities&from_date=01-01-2016&to_date=31-12-2016,2026-09-24 14:42:34 UTC,Bonus 1:1
ITC,2016-07-01,bonus,0.5,https://www.nseindia.com/api/corporates-corporateActions?index=equities&from_date=01-01-2016&to_date=31-12-2016,2026-09-24 14:42:34 UTC,Bonus 1:2
BPCL,2016-07-13,bonus,1.0,https://www.nseindia.com/api/corporates-corporateActions?index=equities&from_date=01-01-2016&to_date=31-12-2016,2026-09-24 14:42:34 UTC,Bonus 1:1
HATSUN,2016-07-13,bonus,0.4,https://www.nseindia.com/api/corporates-corporateActions?index=equities&from_date=01-01-2016&to_date=31-12-2016,2026-09-24 14:42:34 UTC,Bonus 2:5
GANESHHOU,2016-07-14,bonus,0.5,https://www.nseindia.com/api/corporates-corporateActions?index=equities&from_date=01-01-2016&to_date=31-12-2016,2026-09-24 14:42:34 UTC,Bonus 1:2
GRINDWELL,2016-07-14,bonus,1.0,https://www.nseindia.com/api/corporates-corporateActions?index=equities&from_date=01-01-2016&to_date=31-12-2016,2026-09-24 14:42:34 UTC,Bonus 1:1
BERGEPAINT,2016-07-15,bonus,0.4,https://www.nseindia.com/api/corporates-corporateActions?index=equities&from_date=01-01-2016&to_date=31-12-2016,2026-09-24 14:42:34 UTC,Bonus 2:5
KTIL,2016-08-11,bonus,0.04,https://www.nseindia.com/api/corporates-corporateActions?index=equities&from_date=01-01-2016&to_date=31-12-2016,2026-09-24 14:42:34 UTC,Bonus 1:25/ Face Value Split (Sub-Division) - From Rs 10/- Per Share To Rs 5/- Per Share
PNCINFRA,2016-08-12,split,5.0,https://www.nseindia.com/api/corporates-corporateActions?index=equities&from_date=01-01-2016&to_date=31-12-2016,2026-09-24 14:42:34 UTC,Face Value Split From Rs 10 To Rs 2
PILITA,2016-08-24,split,4.0,https://www.nseindia.com/api/corporates-corporateActions?index=equities&from_date=01-01-2016&to_date=31-12-2016,2026-09-24 14:42:34 UTC,Face Value Split (Sub-Division) - From Rs 4/- Per Share To Re 1/- Per Share
PFC,2016-08-26,bonus,1.0,https://www.nseindia.com/api/corporates-corporateActions?index=equities&from_date=01-01-2016&to_date=31-12-2016,2026-09-24 14:42:34 UTC,Bonus 1:1
MENONBE,2016-08-30,bonus,0.2,https://www.nseindia.com/api/corporates-corporateActions?index=equities&from_date=01-01-2016&to_date=31-12-2016,2026-09-24 14:42:34 UTC,Bonus 1:5
VGUARD,2016-08-30,split,10.0,https://www.nseindia.com/api/corporates-corporateActions?index=equities&from_date=01-01-2016&to_date=31-12-2016,2026-09-24 14:42:34 UTC,Face Value Split From Rs 10 To Re 1
NAVA,2016-09-01,bonus,1.0,https://www.nseindia.com/api/corporates-corporateActions?index=equities&from_date=01-01-2016&to_date=31-12-2016,2026-09-24 14:42:34 UTC,Bonus 1:1
TECHNO,2016-09-06,bonus,1.0,https://www.nseindia.com/api/corporates-corporateActions?index=equities&from_date=01-01-2016&to_date=31-12-2016,2026-09-24 14:42:34 UTC,Bonus 1:1
BAJFINANCE,2016-09-08,bonus,1.0,https://www.nseindia.com/api/corporates-corporateActions?index=equities&from_date=01-01-2016&to_date=31-12-2016,2026-09-24 14:42:34 UTC,Bonus 1:1/Face Value Split (Sub-Division) - From Rs 10/- Per Share To Rs 2/- Per Share
TRENT,2016-09-12,split,10.0,https://www.nseindia.com/api/corporates-corporateActions?index=equities&from_date=01-01-2016&to_date=31-12-2016,2026-09-24 14:42:34 UTC,Face Value Split From Rs 10 To Re 1
UNOMINDA,2016-09-12,split,5.0,https://www.nseindia.com/api/corporates-corporateActions?index=equities&from_date=01-01-2016&to_date=31-12-2016,2026-09-24 14:42:34 UTC,Face Value Split From Rs 10 To Rs 2
HINDPETRO,2016-09-14,bonus,2.0,https://www.nseindia.com/api/corporates-corporateActions?index=equities&from_date=01-01-2016&to_date=31-12-2016,2026-09-24 14:42:34 UTC,Bonus 2:1
SYMPHONY,2016-09-14,bonus,1.0,https://www.nseindia.com/api/corporates-corporateActions?index=equities&from_date=01-01-2016&to_date=31-12-2016,2026-09-24 14:42:34 UTC,Bonus 1:1
JMTAUTOLTD,2016-09-21,split,2.0,https://www.nseindia.com/api/corporates-corporateActions?index=equities&from_date=01-01-2016&to_date=31-12-2016,2026-09-24 14:42:34 UTC,Face Value Split From Rs 2 To Re 1
RECLTD,2016-09-28,bonus,1.0,https://www.nseindia.com/api/corporates-corporateActions?index=equities&from_date=01-01-2016&to_date=31-12-2016,2026-09-24 14:42:34 UTC,Bonus 1:1
KAJARIACER,2016-10-04,split,2.0,https://www.nseindia.com/api/corporates-corporateActions?index=equities&from_date=01-01-2016&to_date=31-12-2016,2026-09-24 14:42:34 UTC,Face Value Split From Rs 2 To Re 1
GRASIM,2016-10-06,split,5.0,https://www.nseindia.com/api/corporates-corporateActions?index=equities&from_date=01-01-2016&to_date=31-12-2016,2026-09-24 14:42:34 UTC,Face Value Split From Rs 10 To Re 2
SECURKLOUD,2016-10-10,bonus,0.3333333333333333,https://www.nseindia.com/api/corporates-corporateActions?index=equities&from_date=01-01-2016&to_date=31-12-2016,2026-09-24 14:42:34 UTC,Bonus 1:3/Face Value Split (Sub-Division) - From Rs 10/- Per Share To Rs 5/- Per Share
SHAH,2016-10-13,split,10.0,https://www.nseindia.com/api/corporates-corporateActions?index=equities&from_date=01-01-2016&to_date=31-12-2016,2026-09-24 14:42:34 UTC,Face Value Split From Rs 10 To Re 1
IOC,2016-10-18,bonus,1.0,https://www.nseindia.com/api/corporates-corporateActions?index=equities&from_date=01-01-2016&to_date=31-12-2016,2026-09-24 14:42:34 UTC,Bonus 1:1
ALANKIT,2016-10-19,bonus,1.0,https://www.nseindia.com/api/corporates-corporateActions?index=equities&from_date=01-01-2016&to_date=31-12-2016,2026-09-24 14:42:34 UTC,Bonus 1:1
SUNILHITEC,2016-12-01,bonus,1.0,https://www.nseindia.com/api/corporates-corporateActions?index=equities&from_date=01-01-2016&to_date=31-12-2016,2026-09-24 14:42:34 UTC,Bonus 1:1/Face Value Split (Sub-Division) - From Rs 10/- Per Share To Re 1/- Per Share
INDIANHUME,2016-12-09,bonus,1.0,https://www.nseindia.com/api/corporates-corporateActions?index=equities&from_date=01-01-2016&to_date=31-12-2016,2026-09-24 14:42:34 UTC,Bonus 1:1
ONGC,2016-12-15,bonus,0.5,https://www.nseindia.com/api/corporates-corporateActions?index=equities&from_date=01-01-2016&to_date=31-12-2016,2026-09-24 14:42:34 UTC,Bonus 1: 2
BALMLAWRIE,2016-12-26,bonus,3.0,https://www.nseindia.com/api/corporates-corporateActions?index=equities&from_date=01-01-2016&to_date=31-12-2016,2026-09-24 14:42:34 UTC,Bonus 3:1
ENGINERSIN,2016-12-30,bonus,1.0,https://www.nseindia.com/api/corporates-corporateActions?index=equities&from_date=01-01-2016&to_date=31-12-2016,2026-09-24 14:42:34 UTC,Bonus 1:1
GATECH,2017-01-10,bonus,0.25,https://www.nseindia.com/api/corporates-corporateActions?index=equities&from_date=01-01-2017&to_date=31-12-2017,2026-09-24 14:42:34 UTC,Bonus 1:4
OIL,2017-01-12,bonus,0.3333333333333333,https://www.nseindia.com/api/corporates-corporateActions?index=equities&from_date=01-01-2017&to_date=31-12-2017,2026-09-24 14:42:34 UTC,Bonus 1:3
GAYAPROJ,2017-02-10,split,5.0,https://www.nseindia.com/api/corporates-corporateActions?index=equities&from_date=01-01-2017&to_date=31-12-2017,2026-09-24 14:42:34 UTC,Face Value Split From Rs 10/- Per Share To Rs 2/- Per Share
ORBTEXP,2017-02-14,bonus,1.0,https://www.nseindia.com/api/corporates-corporateActions?index=equities&from_date=01-01-2017&to_date=31-12-2017,2026-09-24 14:42:34 UTC,Bonus 1:1/Interim Dividend Rs 2/- Per Share (Purpose Revised)
COMPINFO,2017-02-16,split,5.0,https://www.nseindia.com/api/corporates-corporateActions?index=equities&from_date=01-01-2017&to_date=31-12-2017,2026-09-24 14:42:34 UTC,Face Value Split (Sub-Division) - From Rs 10/- Per Share To Rs 2/- Per Share
NBCC,2017-02-17,bonus,0.5,https://www.nseindia.com/api/corporates-corporateActions?index=equities&from_date=01-01-2017&to_date=31-12-2017,2026-09-24 14:42:34 UTC,Bonus 1:2
GAIL,2017-03-09,bonus,0.3333333333333333,https://www.nseindia.com/api/corporates-corporateActions?index=equities&from_date=01-01-2017&to_date=31-12-2017,2026-09-24 14:42:34 UTC,Bonus 1:3
ABMINTLTD,2017-03-15,bonus,5.0,https://www.nseindia.com/api/corporates-corporateActions?index=equities&from_date=01-01-2017&to_date=31-12-2017,2026-09-24 14:42:34 UTC,Bonus 5:1
VGUARD,2017-03-15,bonus,0.4,https://www.nseindia.com/api/corporates-corporateActions?index=equities&from_date=01-01-2017&to_date=31-12-2017,2026-09-24 14:42:34 UTC,Bonus 2:5
BEL,2017-03-16,split,10.0,https://www.nseindia.com/api/corporates-corporateActions?index=equities&from_date=01-01-2017&to_date=31-12-2017,2026-09-24 14:42:34 UTC,Face Value Split From Rs 10/- Per Share To Re 1/- Per Share
POLYMED,2017-03-24,bonus,1.0,https://www.nseindia.com/api/corporates-corporateActions?index=equities&from_date=01-01-2017&to_date=31-12-2017,2026-09-24 14:42:34 UTC,Bonus 1:1
CONCOR,2017-04-05,bonus,0.25,https://www.nseindia.com/api/corporates-corporateActions?index=equities&from_date=01-01-2017&to_date=31-12-2017,2026-09-24 14:42:34 UTC,Bonus 1:4
BLS,2017-04-26,split,10.0,https://www.nseindia.com/api/corporates-corporateActions?index=equities&from_date=01-01-2017&to_date=31-12-2017,2026-09-24 14:42:34 UTC,Face Value Split From Rs 10/- Per Share To Re 1/- Per Share
BEARDSELL,2017-05-04,bonus,0.2,https://www.nseindia.com/api/corporates-corporateActions?index=equities&from_date=01-01-2017&to_date=31-12-2017,2026-09-24 14:42:34 UTC,Bonus 1:5/Face Value Split (Sub-Division) - From Rs 10/- Per Share To Rs 2/- Per Share
ADVENZYMES,2017-05-25,split,5.0,https://www.nseindia.com/api/corporates-corporateActions?index=equities&from_date=01-01-2017&to_date=31-12-2017,2026-09-24 14:42:34 UTC,Face Value Split From Rs 10/- Per Share To Rs 2/- Per Share
HINDCOMPOS,2017-05-25,bonus,0.5,https://www.nseindia.com/api/corporates-corporateActions?index=equities&from_date=01-01-2017&to_date=31-12-2017,2026-09-24 14:42:34 UTC,Bonus 1:2/Face Value Split (Sub-Division) From Rs 10 Per Share To Rs 5 Per Share
MUTHOOTCAP,2017-06-12,bonus,0.1,https://www.nseindia.com/api/corporates-corporateActions?index=equities&from_date=01-01-2017&to_date=31-12-2017,2026-09-24 14:42:34 UTC,Bonus 1:10
WIPRO,2017-06-13,bonus,1.0,https://www.nseindia.com/api/corporates-corporateActions?index=equities&from_date=01-01-2017&to_date=31-12-2017,2026-09-24 14:42:34 UTC,Bonus 1:1
BIOCON,2017-06-15,bonus,2.0,https://www.nseindia.com/api/corporates-corporateActions?index=equities&from_date=01-01-2017&to_date=31-12-2017,2026-09-24 14:42:34 UTC,Bonus 2:1
ICICIBANK,2017-06-20,bonus,0.1,https://www.nseindia.com/api/corporates-corporateActions?index=equities&from_date=01-01-2017&to_date=31-12-2017,2026-09-24 14:42:34 UTC,Annual General Meeting/Dividend - Rs 2.50 Per Share/Bonus 1:10 (Revised)
ARCOTECH,2017-06-22,split,5.0,https://www.nseindia.com/api/corporates-corporateActions?index=equities&from_date=01-01-2017&to_date=31-12-2017,2026-09-24 14:42:34 UTC,Face Value Split From Rs 10/- Per Share To Rs 2/- Per Share
GODREJCP,2017-06-22,bonus,1.0,https://www.nseindia.com/api/corporates-corporateActions?index=equities&from_date=01-01-2017&to_date=31-12-2017,2026-09-24 14:42:34 UTC,Bonus 1:1
KITEX,2017-06-22,bonus,0.4,https://www.nseindia.com/api/corporates-corporateActions?index=equities&from_date=01-01-2017&to_date=31-12-2017,2026-09-24 14:42:34 UTC,Bonus 2:5
PETRONET,2017-07-03,bonus,1.0,https://www.nseindia.com/api/corporates-corporateActions?index=equities&from_date=01-01-2017&to_date=31-12-2017,2026-09-24 14:42:34 UTC,Bonus 1:1
PLASTIBLEN,2017-07-03,bonus,1.0,https://www.nseindia.com/api/corporates-corporateActions?index=equities&from_date=01-01-2017&to_date=31-12-2017,2026-09-24 14:42:34 UTC,Bonus 1:1
SANWARIA,2017-07-03,bonus,1.0,https://www.nseindia.com/api/corporates-corporateActions?index=equities&from_date=01-01-2017&to_date=31-12-2017,2026-09-24 14:42:34 UTC,Bonus 1:1
MOTHERSON,2017-07-05,bonus,0.5,https://www.nseindia.com/api/corporates-corporateActions?index=equities&from_date=01-01-2017&to_date=31-12-2017,2026-09-24 14:42:34 UTC,Bonus 1:2
PCJEWELLER,2017-07-06,bonus,1.0,https://www.nseindia.com/api/corporates-corporateActions?index=equities&from_date=01-01-2017&to_date=31-12-2017,2026-09-24 14:42:34 UTC,Bonus 1:1
MAANALU,2017-07-10,bonus,1.0,https://www.nseindia.com/api/corporates-corporateActions?index=equities&from_date=01-01-2017&to_date=31-12-2017,2026-09-24 14:42:34 UTC,Bonus 1:1
MHRIL,2017-07-10,bonus,0.5,https://www.nseindia.com/api/corporates-corporateActions?index=equities&from_date=01-01-2017&to_date=31-12-2017,2026-09-24 14:42:34 UTC,Bonus 1:2
HINDPETRO,2017-07-11,bonus,0.5,https://www.nseindia.com/api/corporates-corporateActions?index=equities&from_date=01-01-2017&to_date=31-12-2017,2026-09-24 14:42:34 UTC,Bonus 1:2/ Dividend - Rs 1.10 Per Share
MUNJALAU,2017-07-11,bonus,1.0,https://www.nseindia.com/api/corporates-corporateActions?index=equities&from_date=01-01-2017&to_date=31-12-2017,2026-09-24 14:42:34 UTC,Bonus 1:1
AURUS,2017-07-12,bonus,0.4,https://www.nseindia.com/api/corporates-corporateActions?index=equities&from_date=01-01-2017&to_date=31-12-2017,2026-09-24 14:42:34 UTC,Bonus 2:5
BPCL,2017-07-13,bonus,0.5,https://www.nseindia.com/api/corporates-corporateActions?index=equities&from_date=01-01-2017&to_date=31-12-2017,2026-09-24 14:42:34 UTC,Bonus 1:2
CUB,2017-07-13,bonus,0.1,https://www.nseindia.com/api/corporates-corporateActions?index=equities&from_date=01-01-2017&to_date=31-12-2017,2026-09-24 14:42:34 UTC,Bonus 1:10
GPTINFRA,2017-07-13,bonus,1.0,https://www.nseindia.com/api/corporates-corporateActions?index=equities&from_date=01-01-2017&to_date=31-12-2017,2026-09-24 14:42:34 UTC,Bonus 1:1
LT,2017-07-13,bonus,0.5,https://www.nseindia.com/api/corporates-corporateActions?index=equities&from_date=01-01-2017&to_date=31-12-2017,2026-09-24 14:42:34 UTC,Bonus 1:2
NAVINFLUOR,2017-07-19,split,5.0,https://www.nseindia.com/api/corporates-corporateActions?index=equities&from_date=01-01-2017&to_date=31-12-2017,2026-09-24 14:42:34 UTC,Face Value Split From Rs 10/- Per Share To Rs 2/- Per Share
SUNTECK,2017-07-25,split,2.0,https://www.nseindia.com/api/corporates-corporateActions?index=equities&from_date=01-01-2017&to_date=31-12-2017,2026-09-24 14:42:34 UTC,Face Value Split (Sub-Division) - From Rs 2/- Per Share To Rs 1/- Per Share
JAYAGROGN,2017-08-01,bonus,1.0,https://www.nseindia.com/api/corporates-corporateActions?index=equities&from_date=01-01-2017&to_date=31-12-2017,2026-09-24 14:42:34 UTC,Bonus 1:1
CORALFINAC,2017-08-03,split,5.0,https://www.nseindia.com/api/corporates-corporateActions?index=equities&from_date=01-01-2017&to_date=31-12-2017,2026-09-24 14:42:34 UTC,Face Value Split (Sub-Division) - From Rs 10/- Per Share To Rs 2/- Per Share
VIJIFIN,2017-08-04,bonus,0.1,https://www.nseindia.com/api/corporates-corporateActions?index=equities&from_date=01-01-2017&to_date=31-12-2017,2026-09-24 14:42:34 UTC,Bonus 1:10
DWARKESH,2017-08-10,split,10.0,https://www.nseindia.com/api/corporates-corporateActions?index=equities&from_date=01-01-2017&to_date=31-12-2017,2026-09-24 14:42:34 UTC,Annual General Meeting/Dividend - Rs 10 Per Share/Face Value Split (Sub-Division) - From Rs 10/- Per Share To Re 1/- Per Share (Purpose Revised)
CCAVENUE,2017-08-31,split,10.0,https://www.nseindia.com/api/corporates-corporateActions?index=equities&from_date=01-01-2017&to_date=31-12-2017,2026-09-24 14:42:34 UTC,Annual General Meeting/Face Value Split (Sub-Division) - From Rs 10/- Per Share To Re 1/- Per Share
DOLLAR,2017-08-31,split,5.0,https://www.nseindia.com/api/corporates-corporateActions?index=equities&from_date=01-01-2017&to_date=31-12-2017,2026-09-24 14:42:34 UTC,Face Value Split (Sub-Division) - From Rs 10/- Per Share To Rs 2/- Per Share
RELIANCE,2017-09-07,bonus,1.0,https://www.nseindia.com/api/corporates-corporateActions?index=equities&from_date=01-01-2017&to_date=31-12-2017,2026-09-24 14:42:34 UTC,Bonus 1:1
DECCANCE,2017-09-11,split,2.0,https://www.nseindia.com/api/corporates-corporateActions?index=equities&from_date=01-01-2017&to_date=31-12-2017,2026-09-24 14:42:34 UTC,Face Value Split (Sub-Division) - From Rs 10/- Per Share To Rs 5/- Per Share
NESCO,2017-09-15,split,5.0,https://www.nseindia.com/api/corporates-corporateActions?index=equities&from_date=01-01-2017&to_date=31-12-2017,2026-09-24 14:42:34 UTC,Face Value Split (Sub-Division) - From Rs 10/- Per Share To Rs 2/- Per Share
TATAELXSI,2017-09-18,bonus,1.0,https://www.nseindia.com/api/corporates-corporateActions?index=equities&from_date=01-01-2017&to_date=31-12-2017,2026-09-24 14:42:34 UTC,Bonus 1:1
YESBANK,2017-09-21,split,5.0,https://www.nseindia.com/api/corporates-corporateActions?index=equities&from_date=01-01-2017&to_date=31-12-2017,2026-09-24 14:42:34 UTC,Face Value Split (Sub-Division) - From Rs 10/- Per Share To Rs 2/- Per Share
SUTLEJTEX,2017-09-26,split,10.0,https://www.nseindia.com/api/corporates-corporateActions?index=equities&from_date=01-01-2017&to_date=31-12-2017,2026-09-24 14:42:34 UTC,Face Value Split (Sub-Division) - From Rs 10/- Per Share To Re 1/- Per Share
MANPASAND,2017-09-27,bonus,1.0,https://www.nseindia.com/api/corporates-corporateActions?index=equities&from_date=01-01-2017&to_date=31-12-2017,2026-09-24 14:42:34 UTC,Bonus 1:1
MOIL,2017-09-27,bonus,1.0,https://www.nseindia.com/api/corporates-corporateActions?index=equities&from_date=01-01-2017&to_date=31-12-2017,2026-09-24 14:42:34 UTC,Bonus 1:1
BEL,2017-09-28,bonus,0.1,https://www.nseindia.com/api/corporates-corporateActions?index=equities&from_date=01-01-2017&to_date=31-12-2017,2026-09-24 14:42:34 UTC,Bonus 1:10
BHARATFORG,2017-09-28,bonus,1.0,https://www.nseindia.com/api/corporates-corporateActions?index=equities&from_date=01-01-2017&to_date=31-12-2017,2026-09-24 14:42:34 UTC,Bonus 1:1
BHEL,2017-09-28,bonus,0.5,https://www.nseindia.com/api/corporates-corporateActions?index=equities&from_date=01-01-2017&to_date=31-12-2017,2026-09-24 14:42:34 UTC,Bonus 1:2
TARIL,2017-09-28,split,10.0,https://www.nseindia.com/api/corporates-corporateActions?index=equities&from_date=01-01-2017&to_date=31-12-2017,2026-09-24 14:42:34 UTC,Face Value Split (Sub-Division) - From Rs 10/- Per Share To Re 1/- Per Share
PANAMAPET,2017-10-03,bonus,0.5,https://www.nseindia.com/api/corporates-corporateActions?index=equities&from_date=01-01-2017&to_date=31-12-2017,2026-09-24 14:42:34 UTC,Bonus 1:2
JAMNAAUTO,2017-10-05,split,5.0,https://www.nseindia.com/api/corporates-corporateActions?index=equities&from_date=01-01-2017&to_date=31-12-2017,2026-09-24 14:42:34 UTC,Face Value Split (Sub-Division) - From Rs 5/- Per Share To Re 1/- Per Share
HERITGFOOD,2017-10-10,split,2.0,https://www.nseindia.com/api/corporates-corporateActions?index=equities&from_date=01-01-2017&to_date=31-12-2017,2026-09-24 14:42:34 UTC,Face Value Split (Sub-Division) - From Rs 10/- Per Share To Rs 5/- Per Share
CANFINHOME,2017-10-12,split,5.0,https://www.nseindia.com/api/corporates-corporateActions?index=equities&from_date=01-01-2017&to_date=31-12-2017,2026-09-24 14:42:34 UTC,Face Value Split (Sub-Division) - From Rs 10/- Per Share To Rs 2/- Per Share
POKARNA,2017-10-18,split,5.0,https://www.nseindia.com/api/corporates-corporateActions?index=equities&from_date=01-01-2017&to_date=31-12-2017,2026-09-24 14:42:34 UTC,Face Value Split (Sub-Division) - From Rs 10/- Per Share To Rs 2/- Per Share
SIYSIL,2017-10-25,split,5.0,https://www.nseindia.com/api/corporates-corporateActions?index=equities&from_date=01-01-2017&to_date=31-12-2017,2026-09-24 14:42:34 UTC,Face Value Split (Sub-Division) - From Rs 10/- Per Share To Rs 2/- Per Share
ATLASCYCLE,2017-10-30,split,2.0,https://www.nseindia.com/api/corporates-corporateActions?index=equities&from_date=01-01-2017&to_date=31-12-2017,2026-09-24 14:42:34 UTC,Face Value Split (Sub-Division) - From Rs 10/- Per Share To Rs 5/- Per Share
INFINITE,2017-11-01,bonus,0.038461538461538464,https://www.nseindia.com/api/corporates-corporateActions?index=equities&from_date=01-01-2017&to_date=31-12-2017,2026-09-24 14:42:34 UTC,Bonus 1:26
IGL,2017-11-09,split,5.0,https://www.nseindia.com/api/corporates-corporateActions?index=equities&from_date=01-01-2017&to_date=31-12-2017,2026-09-24 14:42:34 UTC,Face Value Split (Sub-Division) - From Rs 10/- Per Share To Rs 2/- Per Share
NBIFIN,2017-12-07,split,2.0,https://www.nseindia.com/api/corporates-corporateActions?index=equities&from_date=01-01-2017&to_date=31-12-2017,2026-09-24 14:42:34 UTC,Face Value Split (Sub-Division) - From Rs 10/- Per Share To Rs 5/- Per Share
BALKRISIND,2017-12-21,bonus,1.0,https://www.nseindia.com/api/corporates-corporateActions?index=equities&from_date=01-01-2017&to_date=31-12-2017,2026-09-24 14:42:34 UTC,Bonus 1:1
CASTROLIND,2017-12-21,bonus,1.0,https://www.nseindia.com/api/corporates-corporateActions?index=equities&from_date=01-01-2017&to_date=31-12-2017,2026-09-24 14:42:34 UTC,Bonus 1:1
M&M,2017-12-21,bonus,1.0,https://www.nseindia.com/api/corporates-corporateActions?index=equities&from_date=01-01-2017&to_date=31-12-2017,2026-09-24 14:42:34 UTC,Bonus 1:1
VAKRANGEE,2017-12-21,bonus,1.0,https://www.nseindia.com/api/corporates-corporateActions?index=equities&from_date=01-01-2017&to_date=31-12-2017,2026-09-24 14:42:34 UTC,Bonus 1:1
JINDWORLD,2017-12-26,split,2.0,https://www.nseindia.com/api/corporates-corporateActions?index=equities&from_date=01-01-2017&to_date=31-12-2017,2026-09-24 14:42:34 UTC,Face Value Split (Sub-Division) - From Rs 10/- Per Share To Rs 5/- Per Share
BILENERGY,2018-01-11,bonus,1.0,https://www.nseindia.com/api/corporates-corporateActions?index=equities&from_date=01-01-2018&to_date=31-12-2018,2026-09-24 14:42:34 UTC,Bonus 1:1
LANDSMILL,2018-01-23,bonus,2.0,https://www.nseindia.com/api/corporates-corporateActions?index=equities&from_date=01-01-2018&to_date=31-12-2018,2026-09-24 14:42:34 UTC,Bonus 2:1
IOC,2018-03-15,bonus,1.0,https://www.nseindia.com/api/corporates-corporateActions?index=equities&from_date=01-01-2018&to_date=31-12-2018,2026-09-24 14:42:34 UTC,Bonus 1:1
INDNIPPON,2018-03-21,split,2.0,https://www.nseindia.com/api/corporates-corporateActions?index=equities&from_date=01-01-2018&to_date=31-12-2018,2026-09-24 14:42:34 UTC,Face Value Split (Sub-Division) - From Rs 10/- Per Share To Rs 5/- Per Share
LAOPALA,2018-03-22,bonus,1.0,https://www.nseindia.com/api/corporates-corporateActions?index=equities&from_date=01-01-2018&to_date=31-12-2018,2026-09-24 14:42:34 UTC,Bonus 1:1
GAIL,2018-03-27,bonus,0.3333333333333333,https://www.nseindia.com/api/corporates-corporateActions?index=equities&from_date=01-01-2018&to_date=31-12-2018,2026-09-24 14:42:34 UTC,Bonus 1:3
KELLTONTEC,2018-03-27,bonus,1.0,https://www.nseindia.com/api/corporates-corporateActions?index=equities&from_date=01-01-2018&to_date=31-12-2018,2026-09-24 14:42:34 UTC,Bonus 1:1
OIL,2018-03-27,bonus,0.5,https://www.nseindia.com/api/corporates-corporateActions?index=equities&from_date=01-01-2018&to_date=31-12-2018,2026-09-24 14:42:34 UTC,Bonus 1:2
MARATHON,2018-04-05,split,2.0,https://www.nseindia.com/api/corporates-corporateActions?index=equities&from_date=01-01-2018&to_date=31-12-2018,2026-09-24 14:42:34 UTC,Face Value Split (Sub-Division) - From Rs 10/- Per Share To Rs 5/- Per Share
AMRUTANJAN,2018-04-13,split,2.0,https://www.nseindia.com/api/corporates-corporateActions?index=equities&from_date=01-01-2018&to_date=31-12-2018,2026-09-24 14:42:34 UTC,Face Value Split (Sub-Division) - From Rs 2/- Per Share To Re 1/- Per Share
PCBL,2018-04-19,split,5.0,https://www.nseindia.com/api/corporates-corporateActions?index=equities&from_date=01-01-2018&to_date=31-12-2018,2026-09-24 14:42:34 UTC,Face Value Split (Sub-Division) - From Rs 10/- Per Share To Rs 2/- Per Share
NBCC,2018-04-25,split,2.0,https://www.nseindia.com/api/corporates-corporateActions?index=equities&from_date=01-01-2018&to_date=31-12-2018,2026-09-24 14:42:34 UTC,Face Value Split (Sub-Division) - From Rs 2/- Per Share To Re 1/- Per Share
MMTC,2018-05-03,bonus,0.5,https://www.nseindia.com/api/corporates-corporateActions?index=equities&from_date=01-01-2018&to_date=31-12-2018,2026-09-24 14:42:34 UTC,Bonus 1:2
GMBREW,2018-05-21,bonus,0.25,https://www.nseindia.com/api/corporates-corporateActions?index=equities&from_date=01-01-2018&to_date=31-12-2018,2026-09-24 14:42:34 UTC,Bonus 1:4
TCS,2018-05-31,bonus,1.0,https://www.nseindia.com/api/corporates-corporateActions?index=equities&from_date=01-01-2018&to_date=31-12-2018,2026-09-24 14:42:34 UTC,Bonus 1:1 /Dividend- Rs 29 Per Share
GRUH,2018-06-06,bonus,1.0,https://www.nseindia.com/api/corporates-corporateActions?index=equities&from_date=01-01-2018&to_date=31-12-2018,2026-09-24 14:42:34 UTC,Bonus 1:1
LUMAXTECH,2018-06-07,split,5.0,https://www.nseindia.com/api/corporates-corporateActions?index=equities&from_date=01-01-2018&to_date=31-12-2018,2026-09-24 14:42:34 UTC,Face Value Split (Sub-Division) - From Rs 10/- Per Share To Rs 2/- Per Share
LGBBROSLTD,2018-06-14,bonus,1.0,https://www.nseindia.com/api/corporates-corporateActions?index=equities&from_date=01-01-2018&to_date=31-12-2018,2026-09-24 14:42:34 UTC,Bonus 1:1
UNITDSPR,2018-06-15,split,5.0,https://www.nseindia.com/api/corporates-corporateActions?index=equities&from_date=01-01-2018&to_date=31-12-2018,2026-09-24 14:42:34 UTC,Face Value Split (Sub-Division) - From Rs 10/- Per Share To Rs 2/- Per Share
EPL,2018-06-20,bonus,1.0,https://www.nseindia.com/api/corporates-corporateActions?index=equities&from_date=01-01-2018&to_date=31-12-2018,2026-09-24 14:42:34 UTC,Bonus 1:1
EMAMILTD,2018-06-21,bonus,1.0,https://www.nseindia.com/api/corporates-corporateActions?index=equities&from_date=01-01-2018&to_date=31-12-2018,2026-09-24 14:42:34 UTC,Bonus 1:1/Dividend- Rs 7 Per Share
JUBLFOOD,2018-06-21,bonus,1.0,https://www.nseindia.com/api/corporates-corporateActions?index=equities&from_date=01-01-2018&to_date=31-12-2018,2026-09-24 14:42:34 UTC,Bonus 1:1
HIKAL,2018-06-22,bonus,0.5,https://www.nseindia.com/api/corporates-corporateActions?index=equities&from_date=01-01-2018&to_date=31-12-2018,2026-09-24 14:42:34 UTC,Bonus 1:2
UNIPLY,2018-06-25,split,5.0,https://www.nseindia.com/api/corporates-corporateActions?index=equities&from_date=01-01-2018&to_date=31-12-2018,2026-09-24 14:42:34 UTC,Face Value Split (Sub-Division) - From Rs 10/- Per Share To Rs 2/- Per Share
AVANTIFEED,2018-06-26,bonus,0.5,https://www.nseindia.com/api/corporates-corporateActions?index=equities&from_date=01-01-2018&to_date=31-12-2018,2026-09-24 14:42:34 UTC,Bonus 1:2/Face Value Split (Sub-Division) From Rs 2/- Per Share To Re 1/- Per Share
CONCOR,2018-06-26,split,2.0,https://www.nseindia.com/api/corporates-corporateActions?index=equities&from_date=01-01-2018&to_date=31-12-2018,2026-09-24 14:42:34 UTC,Face Value Split (Sub-Division) - From Rs 10/- Per Share To Rs 5/- Per Share
FILATEX,2018-06-27,split,5.0,https://www.nseindia.com/api/corporates-corporateActions?index=equities&from_date=01-01-2018&to_date=31-12-2018,2026-09-24 14:42:34 UTC,Face Value Split (Sub-Division) - From Rs 10/- Per Share To Rs 2/- Per Share
NIACL,2018-06-27,bonus,1.0,https://www.nseindia.com/api/corporates-corporateActions?index=equities&from_date=01-01-2018&to_date=31-12-2018,2026-09-24 14:42:34 UTC,Bonus 1:1/ Dividend- Rs 5 Per Share
JYOTHYLAB,2018-06-28,bonus,1.0,https://www.nseindia.com/api/corporates-corporateActions?index=equities&from_date=01-01-2018&to_date=31-12-2018,2026-09-24 14:42:34 UTC,Bonus 1:1
CUB,2018-07-10,bonus,0.1,https://www.nseindia.com/api/corporates-corporateActions?index=equities&from_date=01-01-2018&to_date=31-12-2018,2026-09-24 14:42:34 UTC,Bonus 1:10
UNOMINDA,2018-07-11,bonus,2.0,https://www.nseindia.com/api/corporates-corporateActions?index=equities&from_date=01-01-2018&to_date=31-12-2018,2026-09-24 14:42:34 UTC,Bonus 2:1/Dividend- Rs 1.60 Per Share
ASHOKA,2018-07-12,bonus,0.5,https://www.nseindia.com/api/corporates-corporateActions?index=equities&from_date=01-01-2018&to_date=31-12-2018,2026-09-24 14:42:34 UTC,Bonus 1:2
GICRE,2018-07-12,bonus,1.0,https://www.nseindia.com/api/corporates-corporateActions?index=equities&from_date=01-01-2018&to_date=31-12-2018,2026-09-24 14:42:34 UTC,Bonus 1:1/Dividend- Rs 13.5 Per Share
MMFL,2018-07-18,bonus,1.0,https://www.nseindia.com/api/corporates-corporateActions?index=equities&from_date=01-01-2018&to_date=31-12-2018,2026-09-24 14:42:34 UTC,Bonus 1:1
BORORENEW,2018-08-02,bonus,3.0,https://www.nseindia.com/api/corporates-corporateActions?index=equities&from_date=01-01-2018&to_date=31-12-2018,2026-09-24 14:42:34 UTC,Bonus 3:1
SUMEETINDS,2018-08-02,bonus,0.25,https://www.nseindia.com/api/corporates-corporateActions?index=equities&from_date=01-01-2018&to_date=31-12-2018,2026-09-24 14:42:34 UTC,Bonus 1:4
GALLISPAT,2018-08-07,split,10.0,https://www.nseindia.com/api/corporates-corporateActions?index=equities&from_date=01-01-2018&to_date=31-12-2018,2026-09-24 14:42:34 UTC,Face Value Split (Sub-Division) - From Rs 10/- Per Share To Re 1/- Per Share
WHEELS,2018-08-08,bonus,1.0,https://www.nseindia.com/api/corporates-corporateActions?index=equities&from_date=01-01-2018&to_date=31-12-2018,2026-09-24 14:42:34 UTC,Bonus 1:1
KARURVYSYA,2018-08-14,bonus,0.1,https://www.nseindia.com/api/corporates-corporateActions?index=equities&from_date=01-01-2018&to_date=31-12-2018,2026-09-24 14:42:34 UTC,Bonus 1:10
TIRUMALCHM,2018-08-14,split,10.0,https://www.nseindia.com/api/corporates-corporateActions?index=equities&from_date=01-01-2018&to_date=31-12-2018,2026-09-24 14:42:34 UTC,Face Value Split (Sub-Division) - From Rs 10/- Per Share To Re 1/- Per Share
INFY,2018-09-04,bonus,1.0,https://www.nseindia.com/api/corporates-corporateActions?index=equities&from_date=01-01-2018&to_date=31-12-2018,2026-09-24 14:42:34 UTC,Bonus 1:1
ZENSARTECH,2018-09-07,split,5.0,https://www.nseindia.com/api/corporates-corporateActions?index=equities&from_date=01-01-2018&to_date=31-12-2018,2026-09-24 14:42:34 UTC,Face Value Split (Sub-Division) - From Rs 10 /- Per Share To Rs 2/- Per Share
GLAXO,2018-09-11,bonus,1.0,https://www.nseindia.com/api/corporates-corporateActions?index=equities&from_date=01-01-2018&to_date=31-12-2018,2026-09-24 14:42:34 UTC,Bonus 1:1
GODREJCP,2018-09-12,bonus,0.5,https://www.nseindia.com/api/corporates-corporateActions?index=equities&from_date=01-01-2018&to_date=31-12-2018,2026-09-24 14:42:34 UTC,Bonus 1:2
IGARASHI,2018-09-27,bonus,0.12376237623762376,https://www.nseindia.com/api/corporates-corporateActions?index=equities&from_date=01-01-2018&to_date=31-12-2018,2026-09-24 14:42:34 UTC,Bonus 25:202
JMCPROJECT,2018-10-04,split,5.0,https://www.nseindia.com/api/corporates-corporateActions?index=equities&from_date=01-01-2018&to_date=31-12-2018,2026-09-24 14:42:34 UTC,Face Value Split (Sub-Division) - From Rs 10/- Per Share To Rs 2/- Per Share
CUPID,2018-10-11,bonus,0.2,https://www.nseindia.com/api/corporates-corporateActions?index=equities&from_date=01-01-2018&to_date=31-12-2018,2026-09-24 14:42:34 UTC,Bonus 1:5
APOLSINHOT,2018-10-12,split,2.0,https://www.nseindia.com/api/corporates-corporateActions?index=equities&from_date=01-01-2018&to_date=31-12-2018,2026-09-24 14:42:34 UTC,Face Value Split (Sub-Division) - From Rs 10/- Per Share To Rs 5/- Per Share
IEX,2018-10-19,split,10.0,https://www.nseindia.com/api/corporates-corporateActions?index=equities&from_date=01-01-2018&to_date=31-12-2018,2026-09-24 14:42:34 UTC,Face Value Split (Sub-Division) - From Rs 10/- Per Share To Re 1/- Per Share
DAMODARIND,2018-10-25,split,2.0,https://www.nseindia.com/api/corporates-corporateActions?index=equities&from_date=01-01-2018&to_date=31-12-2018,2026-09-24 14:42:34 UTC,Face Value Split (Sub-Division) - From Rs 10/- Per Share To Rs 5/- Per Share
MOTHERSON,2018-10-30,bonus,0.5,https://www.nseindia.com/api/corporates-corporateActions?index=equities&from_date=01-01-2018&to_date=31-12-2018,2026-09-24 14:42:34 UTC,Bonus 1:2
JINDWORLD,2018-10-31,split,5.0,https://www.nseindia.com/api/corporates-corporateActions?index=equities&from_date=01-01-2018&to_date=31-12-2018,2026-09-24 14:42:34 UTC,Face Value Split (Sub-Division) - From Rs 5/- Per Share To Re 1/- Per Share
DFMFOODS,2018-11-01,split,5.0,https://www.nseindia.com/api/corporates-corporateActions?index=equities&from_date=01-01-2018&to_date=31-12-2018,2026-09-24 14:42:34 UTC,Face Value Split (Sub-Division) - From Rs 10/- Per Share To Rs 2/- Per Share
SAKUMA,2018-11-12,split,10.0,https://www.nseindia.com/api/corporates-corporateActions?index=equities&from_date=01-01-2018&to_date=31-12-2018,2026-09-24 14:42:34 UTC,Face Value Split (Sub-Division) - From Rs 10/- Per Share To Re 1/- Per Share
BRITANNIA,2018-11-29,split,2.0,https://www.nseindia.com/api/corporates-corporateActions?index=equities&from_date=01-01-2018&to_date=31-12-2018,2026-09-24 14:42:34 UTC,Face Value Split (Sub-Division) - From Rs 2/- Per Share To Re 1/- Per Share
GUJENERGY,2019-01-15,split,5.0,https://www.nseindia.com/api/corporates-corporateActions?index=equities&from_date=01-01-2019&to_date=31-12-2019,2026-09-24 14:42:34 UTC,Face Value Split (Sub-Division) - From Rs 10/- Per Share To Rs 2/- Per Share
CONCOR,2019-02-04,bonus,0.25,https://www.nseindia.com/api/corporates-corporateActions?index=equities&from_date=01-01-2019&to_date=31-12-2019,2026-09-24 14:42:34 UTC,Bonus 1:4
RADIOCITY,2019-02-20,split,5.0,https://www.nseindia.com/api/corporates-corporateActions?index=equities&from_date=01-01-2019&to_date=31-12-2019,2026-09-24 14:42:34 UTC,Face Value Split (Sub-Division) - From Rs 10/- Per Share To Rs 2/- Per Share
WIPRO,2019-03-06,bonus,0.3333333333333333,https://www.nseindia.com/api/corporates-corporateActions?index=equities&from_date=01-01-2019&to_date=31-12-2019,2026-09-24 14:42:34 UTC,Bonus 1:3
NTPC,2019-03-19,bonus,0.2,https://www.nseindia.com/api/corporates-corporateActions?index=equities&from_date=01-01-2019&to_date=31-12-2019,2026-09-24 14:42:34 UTC,Bonus 1:5
JMA,2019-05-14,split,5.0,https://www.nseindia.com/api/corporates-corporateActions?index=equities&from_date=01-01-2019&to_date=31-12-2019,2026-09-24 14:42:34 UTC,Face Value Split (Sub-Division) - From Rs 10/- Per Share To Rs 2/- Per Share
TTKPRESTIG,2019-05-15,bonus,0.2,https://www.nseindia.com/api/corporates-corporateActions?index=equities&from_date=01-01-2019&to_date=31-12-2019,2026-09-24 14:42:34 UTC,Bonus 1:5
SYNGENE,2019-06-11,bonus,1.0,https://www.nseindia.com/api/corporates-corporateActions?index=equities&from_date=01-01-2019&to_date=31-12-2019,2026-09-24 14:42:34 UTC,Bonus 1:1
BIOCON,2019-06-12,bonus,1.0,https://www.nseindia.com/api/corporates-corporateActions?index=equities&from_date=01-01-2019&to_date=31-12-2019,2026-09-24 14:42:34 UTC,Bonus 1:1
CHOLAFIN,2019-06-14,split,5.0,https://www.nseindia.com/api/corporates-corporateActions?index=equities&from_date=01-01-2019&to_date=31-12-2019,2026-09-24 14:42:34 UTC,Face Value Split (Sub-Division) - From Rs 10/- Per Share To Rs 2/- Per Share
RELAXO,2019-06-26,bonus,1.0,https://www.nseindia.com/api/corporates-corporateActions?index=equities&from_date=01-01-2019&to_date=31-12-2019,2026-09-24 14:42:34 UTC,Bonus 1:1
AVADHSUGAR,2019-06-27,bonus,1.0,https://www.nseindia.com/api/corporates-corporateActions?index=equities&from_date=01-01-2019&to_date=31-12-2019,2026-09-24 14:42:34 UTC,Bonus 1:1
MAGADSUGAR,2019-06-27,bonus,0.4,https://www.nseindia.com/api/corporates-corporateActions?index=equities&from_date=01-01-2019&to_date=31-12-2019,2026-09-24 14:42:34 UTC,Bonus 4:10
UPL,2019-07-02,bonus,0.5,https://www.nseindia.com/api/corporates-corporateActions?index=equities&from_date=01-01-2019&to_date=31-12-2019,2026-09-24 14:42:34 UTC,Bonus 1:2
APCOTEXIND,2019-07-04,split,2.5,https://www.nseindia.com/api/corporates-corporateActions?index=equities&from_date=01-01-2019&to_date=31-12-2019,2026-09-24 14:42:34 UTC,Face Value Split (Sub-Division) - From Rs 5 Per Share To Rs 2 Per Share
GAIL,2019-07-09,bonus,1.0,https://www.nseindia.com/api/corporates-corporateActions?index=equities&from_date=01-01-2019&to_date=31-12-2019,2026-09-24 14:42:34 UTC,Bonus 1:1
BHAGERIA,2019-07-17,bonus,1.0,https://www.nseindia.com/api/corporates-corporateActions?index=equities&from_date=01-01-2019&to_date=31-12-2019,2026-09-24 14:42:34 UTC,Bonus 1:1
VBL,2019-07-25,bonus,0.5,https://www.nseindia.com/api/corporates-corporateActions?index=equities&from_date=01-01-2019&to_date=31-12-2019,2026-09-24 14:42:34 UTC,Bonus 1:2
RITES,2019-08-08,bonus,0.25,https://www.nseindia.com/api/corporates-corporateActions?index=equities&from_date=01-01-2019&to_date=31-12-2019,2026-09-24 14:42:34 UTC,Bonus  1:4
SESHAPAPER,2019-08-19,split,5.0,https://www.nseindia.com/api/corporates-corporateActions?index=equities&from_date=01-01-2019&to_date=31-12-2019,2026-09-24 14:42:34 UTC,Face Value Split (Sub-Division) - From Rs 10/- Per Share To Rs 2/- Per Share
SWELECTES,2019-08-22,bonus,0.5,https://www.nseindia.com/api/corporates-corporateActions?index=equities&from_date=01-01-2019&to_date=31-12-2019,2026-09-24 14:42:34 UTC,Bonus 1:2
BRIGADE,2019-08-28,bonus,0.5,https://www.nseindia.com/api/corporates-corporateActions?index=equities&from_date=01-01-2019&to_date=31-12-2019,2026-09-24 14:42:34 UTC,Bonus 1:2
ASTRAL,2019-09-16,bonus,0.25,https://www.nseindia.com/api/corporates-corporateActions?index=equities&from_date=01-01-2019&to_date=31-12-2019,2026-09-24 14:42:34 UTC,Bonus 1:4
HDFCBANK,2019-09-19,split,2.0,https://www.nseindia.com/api/corporates-corporateActions?index=equities&from_date=01-01-2019&to_date=31-12-2019,2026-09-24 14:42:34 UTC,Face Value Split (Sub-Division) - From Rs 2 Per Share To Rs 1 Per Share
AARTIIND,2019-09-27,bonus,1.0,https://www.nseindia.com/api/corporates-corporateActions?index=equities&from_date=01-01-2019&to_date=31-12-2019,2026-09-24 14:42:34 UTC,Bonus 1:1
SATIA,2019-10-15,split,10.0,https://www.nseindia.com/api/corporates-corporateActions?index=equities&from_date=01-01-2019&to_date=31-12-2019,2026-09-24 14:42:34 UTC,Face Value Split (Sub-Division) - From Rs 10/- Per Share To Re 1/- Per Share
IMPAL,2019-10-25,bonus,0.5,https://www.nseindia.com/api/corporates-corporateActions?index=equities&from_date=01-01-2019&to_date=31-12-2019,2026-09-24 14:42:34 UTC,Bonus 1:2
HCLTECH,2019-12-05,bonus,1.0,https://www.nseindia.com/api/corporates-corporateActions?index=equities&from_date=01-01-2019&to_date=31-12-2019,2026-09-24 14:42:34 UTC,Bonus 1:1
TRIDENT,2019-12-13,split,10.0,https://www.nseindia.com/api/corporates-corporateActions?index=equities&from_date=01-01-2019&to_date=31-12-2019,2026-09-24 14:42:34 UTC,Face Value Split (Sub-Division) - From Rs 10/- Per Share To Rs 1/- Per Share
BALMLAWRIE,2019-12-26,bonus,0.5,https://www.nseindia.com/api/corporates-corporateActions?index=equities&from_date=01-01-2019&to_date=31-12-2019,2026-09-24 14:42:34 UTC,Bonus 1:2
SIS,2020-01-15,split,2.0,https://www.nseindia.com/api/corporates-corporateActions?index=equities&from_date=01-01-2020&to_date=14-09-2020,2026-09-24 14:42:34 UTC,Face Value Split (Sub-Division) - From Rs 10/- Per Share To Rs 5/- Per Share
VINATIORGA,2020-02-05,split,2.0,https://www.nseindia.com/api/corporates-corporateActions?index=equities&from_date=01-01-2020&to_date=14-09-2020,2026-09-24 14:42:34 UTC,Face Value Split (Sub-Division) - From Rs 2/- Per Share To Rs 1/- Per Share
RADIOCITY,2020-03-12,bonus,0.25,https://www.nseindia.com/api/corporates-corporateActions?index=equities&from_date=01-01-2020&to_date=14-09-2020,2026-09-24 14:42:34 UTC,Bonus 1:4
KTKBANK,2020-03-17,bonus,0.1,https://www.nseindia.com/api/corporates-corporateActions?index=equities&from_date=01-01-2020&to_date=14-09-2020,2026-09-24 14:42:34 UTC,Bonus 1:10
IRCON,2020-04-03,split,5.0,https://www.nseindia.com/api/corporates-corporateActions?index=equities&from_date=01-01-2020&to_date=14-09-2020,2026-09-24 14:42:34 UTC,Face Value Split (Sub-Division) - From Rs 10/- Per Share To Rs 2/- Per Share
MOTOGENFIN,2020-06-19,split,2.0,https://www.nseindia.com/api/corporates-corporateActions?index=equities&from_date=01-01-2020&to_date=14-09-2020,2026-09-24 14:42:34 UTC,Face Value Split (Sub-Division) - From Rs 10 Per Share To Rs 5  Per Share
DHARAN,2020-07-02,split,5.0,https://www.nseindia.com/api/corporates-corporateActions?index=equities&from_date=01-01-2020&to_date=14-09-2020,2026-09-24 14:42:34 UTC,Face Value Split (Sub-Division) - From Rs 10/- Per Share To Rs 2/- Per Share
KUANTUM,2020-07-14,split,10.0,https://www.nseindia.com/api/corporates-corporateActions?index=equities&from_date=01-01-2020&to_date=14-09-2020,2026-09-24 14:42:34 UTC,Face Value Split (Sub-Division) - From Rs 10/- Per Share To Re 1/- Per Share
EICHERMOT,2020-08-24,split,10.0,https://www.nseindia.com/api/corporates-corporateActions?index=equities&from_date=01-01-2020&to_date=14-09-2020,2026-09-24 14:42:34 UTC,Face Value Split (Sub-Division) - From Rs 10/- Per Share To Re 1/- Per Share
