symbol,intersecting_bars,mape_close_pct,max_close_diff_pct,mape_open_pct,divergent_bars_gt_1pct,divergent_pct
BEPL,1154,33.3333,33.3333,33.3328,1154,100.0
MANINFRA,1154,33.3333,33.3333,33.3333,1154,100.0
PANACEABIO,1154,15.017,15.1045,15.0169,1154,100.0
SUVEN,1154,83.0734,95.3546,83.0736,1154,100.0
PATELENG,1154,26.0249,30.6414,26.0267,1154,100.0
TTKPRESTIG,1154,90.0001,90.0698,90.0,1154,100.0
VSTIND,1154,90.9091,90.9091,90.9091,1154,100.0
ALLCARGO,1154,75.0,75.0,75.0001,1154,100.0
KOTHARIPRO,1154,50.0,50.0,50.0,1154,100.0
PGIL,2882,58.4997,75.247,58.5002,2882,100.0
SHREERAMA,1150,12.6003,16.0594,12.5947,1150,100.0
KKCL,1152,79.9999,80.0,80.0,1152,100.0
MASFIN,713,66.6678,67.2509,66.6667,713,100.0
SHOPERSTOP,1154,5.3254,5.3254,5.3274,1154,100.0
KESORAMIND,1154,19.6541,31.0916,19.6567,1154,100.0
VESUVIUS,1154,90.0,90.0,90.0,1154,100.0
BHARATRAS,1154,75.0,75.0,75.0,1154,100.0
VISAKAIND,1154,79.9999,80.0,80.0006,1154,100.0
GARFIBRES,509,80.0204,81.1124,80.0231,509,100.0
MHRIL,1154,33.3333,33.3333,33.3384,1154,100.0
HATSUN,1154,26.899,27.3948,26.8989,1154,100.0
MAHLIFE,1154,67.2859,69.0174,67.2859,1154,100.0
RSWM,1154,35.9135,35.9135,35.9135,1154,100.0
JAGSNPHARM,1154,60.0,60.0,60.0001,1154,100.0
VRLLOG,1154,50.0,50.0,50.0007,1154,100.0
VAKRANGEE,1154,6.8207,6.8207,6.8182,1154,100.0
PFC,2883,25.7062,97.6109,25.7053,2881,99.93
CESC,4853,55.4609,91.0226,55.4607,4844,99.81
SURYAROSNI,2883,33.3524,75.0,33.3522,2876,99.76
HINDPETRO,2883,27.6154,73.5728,27.615,2872,99.62
GODFRYPHLP,2883,31.2557,66.6667,31.2556,2868,99.48
INDUSTOWER,2883,21.2562,49.3003,21.2555,2868,99.48
BHARTIARTL,4853,6.7943,10.1574,6.7933,4827,99.46
STYRENIX,2883,39.8063,61.9512,39.8061,2867,99.45
PCBL,2883,19.7493,37.7316,19.7491,2863,99.31
RECLTD,2883,32.392,138.1105,32.3914,2862,99.27
WIPRO,2883,24.8642,50.0,24.8626,2858,99.13
VOLTAMP,2883,9.0995,19.6642,9.0991,2857,99.1
FIEMIND,2883,11.6677,22.6932,11.6677,2856,99.06
SONATSOFTW,2883,32.3521,62.5,32.3516,2851,98.89
ZENSARTECH,2883,10.7403,20.8405,10.7401,2851,98.89
CANBK,4853,39.1309,80.5469,39.1305,4797,98.85
SPLPETRO,2883,11.7819,23.9514,11.7817,2848,98.79
ASHOKLEY,4853,30.2763,58.7048,30.2765,4789,98.68
JSWDULUX,2883,19.7608,35.4999,19.7601,2842,98.58
REDINGTON,2883,29.2263,50.0671,29.2263,2841,98.54
NEWGEN,2124,3.7778,7.8086,3.7776,2092,98.49
KANSAINER,2881,16.2452,33.3333,16.2447,2835,98.4
ROUTE,1474,3.7767,5.4027,3.7766,1450,98.37
VAIBHAVGBL,2882,37.0565,80.0,37.0564,2834,98.33
HDFCBANK,2883,23.2694,50.0,23.2686,2832,98.23
THYROCARE,2553,32.0462,66.955,32.0426,2504,98.08
TATASTEEL,2883,43.6407,90.4726,43.6403,2827,98.06
CIEINDIA,4687,5.2714,5.9329,5.2713,4594,98.02
ABSLAMC,1212,7.0252,12.8244,7.0221,1184,97.69
BANCOINDIA,4852,76.4872,257.9616,76.4869,4739,97.67
ITC,2883,12.6435,50.1705,12.6431,2815,97.64
UTIAMC,1459,12.762,23.3615,12.7616,1424,97.6
LTF,2883,6.9585,12.6738,6.9572,2812,97.54
M&MFIN,2883,20.281,39.0303,20.281,2808,97.4
REDTAPE,756,1.706,1.947,1.7052,734,97.09
INDIAMART,1774,12.6654,50.0,12.6653,1722,97.07
BPCL,4853,67.964,134.1887,67.9628,4708,97.01
TANLA,2883,7.1847,10.8297,7.1846,2795,96.95
HDFCAMC,1994,17.9837,50.0,17.9818,1933,96.94
PATANJALI,2883,2.7562,3.6538,2.7561,2791,96.81
MSUMI,1098,3.5855,6.4933,3.5847,1063,96.81
IEX,2192,25.5499,66.6667,25.5498,2115,96.49
KFINTECH,909,2.0532,3.8599,2.049,876,96.37
BHARTIHEXA,594,1.4114,2.0192,1.4098,572,96.3
IOC,2883,31.5814,98.6304,31.5805,2765,95.91
ABB,4853,6.194,10.5183,6.1932,4654,95.9
ARE&M,4853,10.8869,24.7832,10.8867,4652,95.86
AJANTPHARM,4852,17.0158,33.3333,17.0154,4650,95.84
LICI,1065,3.8492,5.4027,3.8481,1018,95.59
IGL,2883,24.7667,50.0,24.7665,2749,95.35
OIL,2883,26.4074,79.8372,26.4071,2749,95.35
NMDC,2883,48.4205,127.5955,48.4197,2747,95.28
POWERGRID,2883,29.6504,61.519,29.6505,2742,95.11
NESTLEIND,2883,40.9799,95.0,40.9787,2742,95.11
GAIL,2883,23.8777,49.2554,23.877,2741,95.07
DEEPAKFERT,4853,22.1954,70.2712,22.1951,4603,94.85
UNITDSPR,2883,2.6186,2.913,2.6186,2733,94.8
BERGEPAINT,4853,9.7176,18.63,9.7174,4586,94.5
CUB,4853,14.0316,26.3993,14.0314,4583,94.44
COFORGE,4853,19.0963,58.4068,19.0962,4582,94.42
BALAMINES,4790,8.4606,23.9867,8.4605,4520,94.36
TMB,980,4.8669,8.5353,4.8623,924,94.29
AEGISLOG,4851,13.8509,37.5727,13.8508,4572,94.25
DRREDDY,4853,24.7304,80.0,24.7301,4568,94.13
BAJAJELEC,4644,7.332,18.3095,7.3321,4364,93.97
HAL,2083,17.517,50.0,17.5168,1949,93.57
ALKYLAMINE,4629,25.5731,60.0,25.573,4331,93.56
BAJFINANCE,4853,26.1421,98.0,26.1421,4538,93.51
TATACHEM,2883,26.0432,55.9103,26.0428,2692,93.37
TSFINV,2085,12.8536,24.7728,12.8534,1945,93.29
NBCC,2883,16.0411,33.3333,16.0412,2686,93.17
EPL,2882,11.3376,20.976,11.3364,2685,93.16
RITES,2018,21.7418,50.0,21.7411,1879,93.11
NAVA,2883,10.9449,22.8955,10.9444,2684,93.1
SAREGAMA,2882,38.3583,90.2799,38.3581,2680,92.99
SHRIRAMFIN,2883,9.2132,16.5544,9.2117,2679,92.92
MSTCLTD,1837,15.1615,26.5544,15.1598,1704,92.76
ANGELONE,1465,5.8767,14.2693,5.8763,1356,92.56
TIPSMUSIC,2883,6.9988,15.277,6.9988,2666,92.47
BEL,4853,29.909,66.6667,29.9086,4487,92.46
TATATECH,683,2.4959,4.1255,2.4933,631,92.39
INDIASHLTR,667,1.5469,1.9004,1.5465,615,92.2
INDIAGLYCO,2883,6.4346,11.9566,6.4346,2648,91.85
VTL,2883,35.0125,80.0,35.0118,2642,91.64
EDELWEISS,2883,23.4777,45.9482,23.4766,2641,91.61
FINPIPE,2881,35.6522,80.0,35.6517,2636,91.5
IRFC,1384,6.2452,20.1674,6.2451,1266,91.47
BSOFT,4854,17.1259,35.2238,17.1259,4438,91.43
RATNAMANI,2882,14.9726,33.3333,14.9715,2634,91.39
MAHSEAMLES,2883,23.014,50.3983,23.014,2623,90.98
KARURVYSYA,2883,15.9227,84.4723,15.9226,2617,90.77
NAM-INDIA,2182,12.3531,28.6747,12.3527,1974,90.47
IMFA,2883,27.2515,50.0,27.2511,2608,90.46
ZYDUSLIFE,2883,4.6417,10.1843,4.6416,2608,90.46
HERITGFOOD,2883,21.7551,49.3506,21.7549,2607,90.43
PIDILITIND,2883,21.5939,50.0,21.5928,2607,90.43
SMLMAH,2883,2.4186,4.8899,2.4186,2596,90.05
CAMS,1465,5.1907,10.0758,5.1893,1319,90.03
WELENT,2883,10.1757,17.6768,10.1751,2594,89.98
LALPATHLAB,2643,23.3151,50.9143,23.3144,2377,89.94
BEML,4853,20.9816,57.8904,20.9814,4363,89.9
WELSPUNLIV,2883,4.0568,10.7429,4.0558,2589,89.8
KPIL,2882,7.0669,13.217,7.0666,2584,89.66
TORNTPHARM,2883,23.1345,50.0,23.1338,2584,89.63
SANOFICONR,489,1.7118,2.6715,1.7111,437,89.37
JINDALSAW,2883,23.6998,50.0,23.6993,2573,89.25
TMPV,2883,2.3364,2.6866,2.3357,2572,89.21
DATAMATICS,4853,12.8265,41.232,12.8265,4328,89.18
BLUESTARCO,4853,21.5955,50.0,21.5954,4324,89.1
PNBHOUSING,2430,7.4337,17.176,7.434,2160,88.89
IRCTC,1708,13.2921,80.0,13.2919,1513,88.58
KSB,2883,16.4892,81.4033,16.4878,2549,88.41
CDSL,2269,19.5674,50.1658,19.568,2003,88.28
SCHAEFFLER,2883,24.1664,80.0006,24.1661,2542,88.17
MOTHERSON,2883,6.1902,14.9559,6.189,2529,87.72
360ONE,1722,8.1034,23.0698,8.1029,1510,87.69
IRCON,1959,17.6266,50.0,17.626,1717,87.65
IRB,2883,40.3564,95.0,40.3564,2494,86.51
LTFOODS,2883,5.7154,11.4186,5.7144,2493,86.47
AVANTIFEED,4112,17.1296,50.0,17.1294,3552,86.38
PERSISTENT,2883,22.3517,50.0,22.3512,2489,86.33
HAPPSTMNDS,1476,2.8994,4.3912,2.8989,1269,85.98
ANUP,1854,3.5187,7.8311,3.5183,1588,85.65
ARVIND,4853,23.0899,62.3411,23.09,4139,85.29
RAILTEL,1364,3.4358,8.8976,3.4355,1157,84.82
NAUKRI,2883,33.1757,80.0,33.1747,2439,84.6
JINDALPOLY,1154,5.2939,6.2594,5.2935,976,84.58
CEMPRO,4853,3.8481,9.0954,3.8476,4103,84.55
TATACONSUM,2883,5.5708,14.5654,5.5705,2431,84.32
ABREL,4853,6.7192,18.0005,6.7191,4078,84.03
APTUS,1245,3.6198,5.9367,3.6186,1041,83.61
BRIGADE,4606,13.3027,25.0,13.3023,3842,83.41
TIMETECHNO,2883,21.7342,50.0,21.734,2398,83.18
SAMMAANCAP,2883,11.4625,39.5623,11.4622,2398,83.18
LUMAXTECH,2882,8.975,21.6793,8.9736,2390,82.93
RELIANCE,2883,22.9506,54.2834,22.951,2374,82.34
GPIL,2883,2.1237,2.995,2.1232,2374,82.34
JUBLPHARMA,2882,5.4417,11.326,5.4415,2364,82.03
EIHOTEL,2883,1.8351,5.5992,1.8336,2363,81.96
HEG,2883,10.3721,22.2539,10.3719,2362,81.93
SHAREINDIA,1474,2.0767,4.0058,2.0748,1207,81.89
WHIRLPOOL,2883,2.1212,3.2034,2.1207,2360,81.86
AARTIDRUGS,4853,28.4595,75.0133,28.4595,3972,81.85
KIRLOSBROS,2883,4.2396,8.6678,4.2395,2359,81.82
GLAND,1430,2.1918,2.7435,2.1914,1170,81.82
ELGIEQUIP,2883,21.1709,50.0,21.1706,2357,81.76
THANGAMAYL,2883,5.378,11.0199,5.3777,2353,81.62
ASTERDM,2105,23.5833,32.4069,23.5832,1718,81.62
KPRMILL,2883,34.086,90.0,34.085,2352,81.58
TATACOMM,2883,15.5268,37.9305,15.5266,2336,81.03
TATAINVEST,2883,40.0428,90.0,40.0428,2332,80.89
INDHOTEL,2883,3.0097,9.2508,3.0081,2327,80.71
BLS,2526,2.779,5.4334,2.7779,2031,80.4
COCHINSHIP,2239,19.9286,50.0,19.9285,1794,80.13
AARTIIND,4853,24.5645,58.5946,24.5642,3874,79.83
AURIONPRO,4853,8.1476,19.6382,8.147,3874,79.83
JUBLINGREA,1350,2.4135,4.5883,2.4126,1076,79.7
APLAPOLLO,3633,31.5804,90.0,31.5806,2891,79.58
SHRIPISTON,2529,3.8426,8.184,3.8421,2000,79.08
HEXT,379,1.898,3.655,1.891,295,77.84
IIFLCAPS,1721,7.8133,19.3654,7.8129,1339,77.8
SIEMENS,2882,18.3715,41.3001,18.3704,2240,77.72
MANYAVAR,1123,1.5255,2.9448,1.5248,871,77.56
SKFINDUS,182,0.9932,2.1678,0.9813,141,77.47
BSE,2368,34.9009,88.8889,34.9007,1817,76.73
BATAINDIA,4853,10.7409,23.4916,10.7411,3690,76.04
CHAMBLFERT,4853,24.2885,71.1463,24.2883,3684,75.91
CASTROLIND,4853,42.4776,112.4854,42.4777,3684,75.91
CHENNPETRO,4853,24.9247,68.911,24.9242,3683,75.89
BRITANNIA,4853,12.1337,31.1604,12.1333,3678,75.79
BIRLACORPN,4853,10.0929,31.02,10.0926,3673,75.69
ABBOTINDIA,4853,12.3059,38.897,12.3058,3672,75.66
THOMASCOOK,2883,22.0923,63.689,22.0915,2180,75.62
3MINDIA,4851,5.9093,9.2013,5.9094,3666,75.57
DABUR,4853,9.3973,24.6832,9.3974,3667,75.56
BAJAJHLDNG,4853,17.9344,57.9904,17.9338,3655,75.31
ASTRAL,4801,12.2285,43.75,12.2282,3615,75.3
DLF,4728,8.216,20.0011,8.2148,3549,75.06
BANKBARODA,4853,17.6935,48.2733,17.6936,3637,74.94
COLPAL,4853,18.8505,52.239,18.8496,3634,74.88
BAJAJ-AUTO,4853,23.7432,61.9022,23.7438,3633,74.86
BANKINDIA,4853,17.461,43.0023,17.4622,3632,74.84
ANANTRAJ,4853,20.0841,58.0533,20.0837,3629,74.78
KITEX,2883,27.9789,66.6667,27.9785,2156,74.78
ASHAPURMIN,4853,1.0445,3.4422,1.0445,3627,74.74
MCX,2883,34.3333,80.0,34.3329,2152,74.64
RHIM,2882,3.984,11.2594,3.9836,2151,74.64
SARDAEN,2883,5.701,16.2951,5.7007,2146,74.44
CEATLTD,4582,9.5093,32.5248,9.509,3407,74.36
CERA,4643,5.3652,15.2301,5.3649,3450,74.31
GRAVITA,2883,3.9703,9.0526,3.9702,2142,74.3
CRISIL,4853,14.0589,40.3332,14.0588,3593,74.04
CENTRALBK,4696,6.1454,23.0611,6.1456,3460,73.68
TDPOWERSYS,2883,37.5668,90.0,37.5661,2121,73.57
SRF,2883,33.0343,80.0,33.0343,2119,73.5
CUMMINSIND,4853,17.5112,52.5722,17.5121,3560,73.36
APOLLOTYRE,4853,10.7983,27.5665,10.7988,3559,73.34
ZYDUSWELL,2883,32.914,80.0,32.9133,2113,73.29
KPITTECH,1824,1.8277,5.08,1.8273,1335,73.19
CANFINHOME,4853,9.9726,35.573,9.9726,3525,72.64
CMSINFO,1156,3.4894,6.2046,3.4877,837,72.4
ELECON,2883,2.4827,7.0435,2.4821,2084,72.29
TMCV,202,0.8188,1.7275,0.8103,146,72.28
NUVAMA,726,2.8573,5.2414,2.8551,524,72.18
CONCOR,4853,10.2427,26.5611,10.2427,3503,72.18
ASIANPAINT,4853,7.7543,21.8878,7.7553,3502,72.16
CYIENT,4853,19.1736,44.6779,19.1726,3486,71.83
BAYERCROP,4113,10.6569,22.7706,10.6562,2941,71.5
BDL,2087,16.0207,50.0,16.0205,1486,71.2
DCMSHRIRAM,4852,13.8849,40.2402,13.8854,3432,70.73
BOSCHLTD,4852,8.1911,19.0623,8.1907,3427,70.63
DCBBANK,4853,3.8421,6.3557,3.8416,3410,70.27
CIPLA,4853,5.7268,14.4797,5.727,3404,70.14
PRAKASH,1151,9.4525,13.4822,9.4548,807,70.11
COALINDIA,3905,67.0296,204.8291,67.0296,2729,69.88
SHYAMMETL,1286,1.9444,5.7788,1.944,898,69.83
SONACOMS,1286,1.5677,2.6209,1.567,896,69.67
HTMEDIA,1154,5.8586,8.4299,5.8578,802,69.5
RKFORGE,2883,32.7888,80.0,32.7884,1997,69.27
LLOYDSENGG,2502,1.1014,1.3742,1.1009,1728,69.06
BBTC,4853,4.2502,12.9545,4.2502,3343,68.89
MAZDOCK,1460,3.3869,10.5916,3.3868,1002,68.63
BHARATFORG,4852,6.7528,18.8243,6.7522,3319,68.4
COROMANDEL,4853,14.8578,54.2219,14.858,3309,68.18
BALKRISIND,4852,7.0916,21.3823,7.092,3305,68.12
APLLTD,3688,6.4256,20.0016,6.425,2511,68.09
TECHNOE,2883,3.5594,8.4306,3.5592,1957,67.88
IGIL,417,1.6232,2.9221,1.6183,283,67.87
SUNDARMFIN,2883,5.5486,18.2738,5.5486,1955,67.81
IPCALAB,2882,20.829,50.0,20.8288,1947,67.56
BALRAMCHIN,4853,9.8958,25.2262,9.8957,3257,67.11
ACE,4853,6.0977,19.943,6.0975,3254,67.05
CONCORDBIO,752,1.162,1.807,1.1601,504,67.02
RVNL,1829,3.9491,21.1902,3.9487,1222,66.81
IIFL,2883,15.5758,45.9387,15.5752,1920,66.6
GODREJAGRO,2196,3.7961,13.1232,3.796,1457,66.35
TEXRAIL,2883,4.3814,9.4031,4.3814,1907,66.15
CCL,4853,9.5003,29.1952,9.4997,3210,66.14
SHAKTIPUMP,2883,2.821,8.0988,2.8207,1906,66.11
HBLENGINE,2883,3.3404,8.107,3.3403,1902,65.97
KIRLPNU,831,1.3953,2.6822,1.395,548,65.94
APARINDS,4853,13.1811,39.0273,13.1817,3191,65.75
DIVISLAB,4852,7.1084,17.9319,7.1084,3181,65.56
VBL,2429,36.0994,91.1111,36.0985,1590,65.46
CGPOWER,4853,5.8189,25.3206,5.8181,3167,65.26
ATUL,4853,7.2307,34.8405,7.2307,3166,65.24
GAEL,2883,30.9797,75.0,30.9787,1873,64.97
AMBUJACEM,4853,12.7387,41.8037,12.7385,3148,64.87
ACC,4853,11.0529,39.1027,11.0527,3148,64.87
POLYCAB,1826,1.421,4.6885,1.4178,1183,64.79
FSL,2883,6.9994,34.2479,7.0214,1868,64.79
POONAWALLA,2883,1.6468,4.9022,1.6466,1865,64.69
NEULANDLAB,2883,1.4251,2.7333,1.425,1860,64.52
CAMPUS,1071,0.9275,1.0598,0.9265,690,64.43
EQUITASBNK,1445,1.3117,2.3151,1.3117,931,64.43
JUBLFOOD,2883,32.6523,80.0,32.6514,1857,64.41
UNOMINDA,2883,1.5948,4.6383,1.5947,1855,64.34
HUDCO,2298,8.8406,49.8355,8.84,1460,63.53
INTELLECT,2883,2.0588,6.3241,2.0586,1826,63.34
CARBORUNIV,4852,5.5726,17.7029,5.5724,3066,63.19
ADANIPORTS,4628,4.1382,10.898,4.1374,2923,63.16
STAR,2883,2.5918,8.0974,2.5917,1791,62.12
CUPID,2463,5.4314,14.7329,5.4313,1529,62.08
AIAENG,4851,5.9054,15.6192,5.9049,2965,61.12
J&KBANK,2883,15.776,179.0901,15.715,1752,60.77
BHEL,4853,8.7622,26.394,8.7617,2944,60.66
LAURUSLABS,2401,31.1469,80.0,31.1469,1453,60.52
SOUTHBANK,2883,3.9427,15.1582,3.9426,1743,60.46
BLUEDART,4853,3.9562,9.9482,3.9556,2928,60.33
ARVINDFASN,1851,4.3436,25.7022,4.3429,1110,59.97
HOMEFIRST,1380,1.0777,1.5533,1.0769,825,59.78
LICHSGFIN,2883,5.1906,21.4683,5.1912,1722,59.73
NLCINDIA,2883,12.45,71.5794,12.4503,1720,59.66
JKPAPER,2882,4.5763,22.0618,4.5759,1719,59.65
SUNTV,2883,7.1687,37.9085,7.1686,1719,59.63
NCC,2883,3.7372,15.1213,3.7374,1718,59.59
ELECTCAST,2883,3.8978,20.1242,3.8977,1718,59.59
PTC,2883,26.3264,115.3546,26.3255,1714,59.45
MARUTI,2883,2.6512,11.2884,2.6507,1713,59.42
ADANIENT,4853,13.364,45.5099,13.3629,2882,59.39
GESHIP,2883,9.7862,46.4179,9.7863,1712,59.38
KEC,2883,2.2003,9.7947,2.2011,1712,59.38
SHARDACROP,2882,3.2876,15.5043,3.2897,1711,59.37
PRAJIND,2883,3.6805,21.1194,3.6806,1711,59.35
JKTYRE,2883,3.172,17.3482,3.1715,1707,59.21
EICHERMOT,2883,2.6962,9.3506,2.6965,1707,59.21
ULTRACEMCO,2883,2.319,6.6254,2.3191,1706,59.17
HEROMOTOCO,2883,9.63,43.4116,9.6293,1703,59.07
CGCL,3909,6.3171,81.0816,6.3171,2308,59.04
GRAPHITE,2883,6.0959,36.4838,6.0959,1699,58.93
JKLAKSHMI,2883,2.158,7.4586,2.1578,1698,58.9
HCLTECH,2883,10.1761,39.5433,10.176,1697,58.86
PFIZER,2882,4.615,20.8316,4.6148,1696,58.85
MPHASIS,2883,7.4032,38.9822,7.4029,1690,58.62
MGL,2513,4.8881,31.2912,4.8894,1472,58.58
M&M,2883,2.5897,11.7233,2.5898,1688,58.55
UNIONBANK,2883,7.7493,26.1816,7.7483,1688,58.55
ESCORTS,2883,2.0742,6.7916,2.0742,1687,58.52
SKFINDIA,2883,3.9786,19.021,3.9785,1687,58.52
TECHM,2883,9.5921,43.8504,9.5933,1687,58.52
BANDHANBNK,2085,1.7841,4.1707,1.7838,1219,58.47
KTKBANK,2883,8.0772,36.2444,8.08,1685,58.45
JYOTHYLAB,2883,4.1288,20.8099,4.1286,1684,58.41
APOLLOHOSP,4853,3.4068,11.5372,3.407,2830,58.31
HINDUNILVR,2883,4.5962,21.0042,4.5973,1680,58.27
AUROPHARMA,4852,4.877,15.5844,4.8765,2826,58.24
GHCL,2883,7.125,33.2756,7.1247,1676,58.13
ICIL,2883,7.9456,80.0,7.9421,1675,58.1
PETRONET,2883,10.5153,48.455,10.5141,1673,58.03
JMFINANCIL,2883,6.0058,26.3139,6.0054,1673,58.03
PNB,2883,4.8105,13.7143,4.8106,1672,58.0
INFY,2883,7.8365,37.1184,7.836,1671,57.96
INDIANB,2883,6.5549,25.8555,6.5548,1671,57.96
TATAELXSI,2883,3.2665,15.1156,3.2674,1670,57.93
MAHABANK,2883,6.7073,19.6653,6.7077,1667,57.82
RALLIS,2883,3.1477,15.0562,3.1477,1666,57.79
GLAXO,2883,6.6006,29.2876,6.6007,1662,57.65
TCS,2883,7.6128,31.1693,7.6125,1659,57.54
TRIDENT,2883,5.2992,32.872,5.2998,1657,57.47
REFEX,2882,1.4443,2.1877,1.4443,1654,57.39
DEEPAKNTR,3930,4.7212,20.2583,4.7213,2254,57.35
SBIN,2883,4.1858,14.213,4.1868,1653,57.34
LTTS,2458,2.3639,11.0331,2.3636,1409,57.32
GODREJCP,2883,2.9543,10.4063,2.9542,1649,57.2
SUBROS,2882,1.6765,4.7642,1.6763,1647,57.15
OFSS,2883,12.9914,65.798,12.9905,1647,57.13
CROMPTON,2549,1.872,8.8392,1.8706,1456,57.12
TARIL,2883,0.7353,1.1321,0.7352,1645,57.06
UCOBANK,2883,1.9619,7.1209,1.9615,1643,56.99
HINDZINC,2883,25.8338,166.5379,25.8339,1641,56.92
BAJAJFINSV,4853,22.1259,90.0611,22.1253,2760,56.87
UJJIVANSFB,1667,3.5749,7.6877,3.5735,946,56.75
STLTECH,2883,3.6012,9.7454,3.601,1636,56.75
NIACL,2177,2.0201,7.2088,2.0182,1234,56.68
CHOLAHLDNG,4853,6.3469,29.3767,6.3464,2742,56.5
GICRE,2190,4.3221,18.4923,4.3221,1233,56.3
GRSE,1943,2.4318,21.7186,2.4315,1092,56.2
VEDL,2883,40.3637,215.6898,40.364,1620,56.19
ASAHIINDIA,4857,1.9309,4.2422,1.9311,2716,55.92
MRPL,2883,3.2401,20.1058,3.2396,1610,55.84
QUESS,2508,5.2726,13.5912,5.2735,1400,55.82
ASTRAMICRO,4853,6.1966,17.7355,6.1965,2695,55.53
SJVN,2883,11.5682,87.053,11.5678,1597,55.39
ONGC,2883,15.585,76.5565,15.5857,1595,55.32
SCI,2883,3.4317,8.1969,3.433,1594,55.29
TORNTPOWER,2883,5.5761,28.797,5.5764,1593,55.25
GRASIM,2883,4.4251,22.8485,4.4253,1592,55.22
EMAMILTD,2883,4.3721,18.3813,4.3737,1591,55.19
PAGEIND,2881,3.3338,12.6669,3.3337,1589,55.15
NHPC,2883,11.4592,77.9679,11.4581,1590,55.15
NATIONALUM,2883,15.1329,92.0007,15.133,1587,55.05
MOIL,2883,6.7898,42.0333,6.7897,1586,55.01
GILLETTE,2883,4.8595,18.7749,4.8595,1585,54.98
BIOCON,4853,4.7486,16.3856,4.751,2667,54.96
SBICARD,1603,0.9132,1.6686,0.9131,875,54.59
PARADEEP,1057,0.8801,1.7537,0.8801,569,53.83
ENGINERSIN,2883,6.8794,41.036,6.8778,1545,53.59
ICICIGI,2208,1.4658,5.5531,1.4648,1172,53.08
GPPL,2883,12.207,55.9789,12.2073,1527,52.97
NTPC,2883,8.7883,49.0678,8.7901,1524,52.86
METROPOLIS,1827,14.9958,75.0,14.9956,957,52.38
RCF,2883,5.7516,33.5511,5.7519,1507,52.27
ANANDRATHI,1169,1.5056,4.8498,1.5054,608,52.01
MAHSCOOTER,2882,4.7499,23.3215,4.7495,1494,51.84
NFL,2883,3.9363,25.3922,3.9367,1493,51.79
JAMNAAUTO,2883,4.1719,19.8856,4.1716,1492,51.75
GMDCLTD,2883,6.6658,37.0514,6.6654,1492,51.75
SUMICHEM,1636,1.3764,2.6729,1.3763,846,51.71
MASTEK,2883,2.6214,17.4209,2.6208,1488,51.61
SAIL,2883,4.6699,23.0529,4.6694,1484,51.47
GSFC,2883,6.2842,31.913,6.2853,1484,51.47
TRIVENI,2883,2.6684,10.1851,2.6682,1479,51.3
GNFC,2883,6.6606,29.236,6.6612,1479,51.3
ZEEL,2883,2.2677,9.1078,2.2682,1478,51.27
ICICIBANK,2883,2.1402,9.8458,2.141,1467,50.88
RAIN,2883,2.0365,12.5347,2.0364,1467,50.88
HINDALCO,2883,1.8477,8.5941,1.8482,1464,50.78
JBMA,2883,2.108,6.8146,2.108,1460,50.64
MARICO,2883,3.3933,17.9967,3.393,1460,50.64
USHAMART,2883,1.8649,4.8044,1.8646,1459,50.61
UBL,2883,1.3197,3.9558,1.3191,1458,50.57
LUPIN,2883,1.614,7.0314,1.6139,1455,50.47
TIMKEN,2882,1.1459,7.1878,1.1462,1454,50.45
NESCO,2881,1.6189,6.6613,1.6194,1452,50.4
GREAVESCOT,2883,3.388,23.6545,3.3869,1453,50.4
EXIDEIND,2883,2.0388,12.8237,2.0388,1449,50.26
GRINDWELL,2882,2.3892,11.5321,2.3881,1448,50.24
IDBI,2883,2.4392,6.8387,2.4391,1446,50.16
CHOLAFIN,4853,4.3883,17.5012,4.388,2433,50.13
UPL,2883,2.6737,12.4291,2.674,1444,50.09
DALBHARAT,1902,1.1535,26.7442,1.1525,952,50.05
CLEAN,1269,0.9586,1.635,0.9585,635,50.04
SUNPHARMA,2883,2.3561,9.4849,2.3555,1441,49.98
JSWSTEEL,2883,10.1036,90.0438,10.1039,1439,49.91
CRIZAC,287,1.6422,3.2895,1.639,143,49.83
SUPREMEIND,2883,2.5288,13.6623,2.5282,1430,49.6
TATAPOWER,2883,2.6177,18.0816,2.6199,1429,49.57
LT,2883,3.3671,19.2637,3.3668,1417,49.15
HAVELLS,2883,1.8761,9.9868,1.8756,1410,48.91
SHILPAMED,2883,20.2875,50.0,20.2848,1405,48.73
PHOENIXLTD,2881,20.5462,50.0,20.5461,1404,48.73
KNRCON,2883,23.4776,90.0,23.4775,1403,48.66
MANAPPURAM,2883,5.2731,33.1091,5.2741,1403,48.66
WOCKPHARMA,2883,3.2468,7.8167,3.2491,1402,48.63
PCJEWELLER,2883,36.2045,90.0,36.2042,1402,48.63
ERIS,2267,0.921,4.7995,0.9212,1097,48.39
BECTORFOOD,1408,1.1523,2.6747,1.1514,681,48.37
MUTHOOTFIN,2883,4.2328,24.5145,4.2326,1390,48.21
PRIVISCL,2798,1.4417,4.8645,1.4416,1349,48.21
ZENTEC,2824,0.9526,2.5808,0.9523,1343,47.56
KIRLOSENG,2882,3.5702,24.2944,3.5698,1351,46.88
TRITURBINE,2883,1.6414,8.0061,1.6415,1340,46.48
ADVENZYMES,2494,2.1834,7.2371,2.1833,1157,46.39
MOTILALOFS,2883,1.4519,4.9001,1.4526,1336,46.34
ALKEM,2642,1.7552,10.7075,1.7552,1224,46.33
CENTURYPLY,4852,4.4369,15.6805,4.4375,2223,45.82
ABDL,540,1.1774,2.8524,1.1721,247,45.74
AXISBANK,4853,3.7107,13.3123,3.7104,2219,45.72
FORCEMOT,1703,1.1036,3.5272,1.1023,767,45.04
KSCL,2882,1.5523,7.8963,1.5519,1289,44.73
NATCOPHARM,2883,1.8354,9.4997,1.8353,1289,44.71
ZFCVINDIA,2883,0.867,1.5881,0.8668,1288,44.68
ECLERX,2883,26.9435,66.6667,26.943,1283,44.5
GAYAPROJ,1154,2.2212,5.0161,2.224,511,44.28
KAJARIACER,2883,1.9393,8.9464,1.939,1274,44.19
GABRIEL,2883,2.2636,12.4747,2.2634,1272,44.12
CAPLIPOINT,3009,6.3468,80.0,6.3473,1316,43.74
ALIVUS,1255,4.4475,14.2226,4.4474,544,43.35
ORIENTPPR,1154,28.4539,65.8033,28.4538,499,43.24
FINCABLES,2883,1.9926,10.7552,1.9929,1241,43.05
KRBL,2882,2.1038,10.7357,2.1038,1234,42.82
JSL,2883,0.9391,2.124,0.9391,1229,42.63
FEDERALBNK,2883,2.0657,11.3365,2.0648,1225,42.49
RELAXO,2882,0.7588,2.7444,0.759,1224,42.47
HYUNDAI,464,1.3343,2.5027,1.3289,197,42.46
PIIND,2883,1.0448,4.5312,1.0446,1221,42.35
OBEROIRLTY,2882,1.1827,5.2805,1.1841,1209,41.95
ORIENTCEM,2882,2.0555,10.7766,2.0559,1206,41.85
VGUARD,2882,1.2002,5.507,1.1988,1205,41.81
SHREECEM,2883,1.0928,4.6788,1.0924,1203,41.73
ACI,936,1.0084,1.9307,1.0082,389,41.56
JKCEMENT,2883,1.3442,7.8543,1.3439,1194,41.42
THERMAX,2882,1.2164,6.8191,1.2164,1191,41.33
INDUSINDBK,2883,1.4143,6.367,1.4132,1187,41.17
WELCORP,2883,3.3953,18.7616,3.395,1187,41.17
VOLTAS,2883,1.3473,7.2092,1.3472,1183,41.03
INOXWIND,2818,30.7136,75.3055,30.7133,1154,40.95
HGINFRA,2097,0.8925,1.5402,0.8925,855,40.77
JSWENERGY,2883,1.8327,13.1339,1.8325,1167,40.48
GALLANTT,2882,0.8409,1.6844,0.8408,1159,40.22
VMART,2882,30.183,75.0,30.1813,1155,40.08
KOTAKBANK,2883,32.3021,80.0,32.3017,1155,40.06
SUZLON,2883,3.2751,8.8252,3.2758,1155,40.06
V2RETAIL,2883,36.0252,90.0,36.025,1154,40.03
JAIBALAJI,2883,32.0225,80.0,32.0222,1154,40.03
ENDURANCE,2442,0.8202,3.8513,0.82,968,39.64
PRSMJOHNSN,2881,0.4664,1.1869,0.4664,1132,39.29
SUDARSCHEM,2882,2.0777,14.3967,2.0776,1121,38.9
TVSMOTOR,2883,1.2359,7.2652,1.2387,1120,38.85
GVT&D,2883,1.2168,3.5598,1.2156,1118,38.78
COHANCE,1607,0.8687,2.6409,0.8678,623,38.77
RBLBANK,2473,0.7988,3.6986,0.7988,957,38.7
AFCONS,455,0.8864,1.3029,0.8858,175,38.46
SFL,2406,19.304,50.0,19.3039,925,38.45
PURVA,2882,3.1108,19.0034,3.1113,1088,37.75
ZEEMEDIA,1154,2.5853,6.9061,2.5851,432,37.44
SKIPPER,2785,1.1029,4.7951,1.1024,1034,37.13
MIDHANI,2081,1.4058,8.5333,1.4052,753,36.18
GRWRHITECH,1133,0.9134,2.7648,0.913,403,35.57
ALOKINDS,4853,3.8298,21.9186,3.8291,1718,35.4
HINDCOPPER,2883,1.2242,5.4642,1.2245,1001,34.72
AUBANK,2262,17.5175,50.0,17.5168,782,34.57
IDEA,2883,11.0503,39.7031,11.0493,975,33.82
GRANULES,2882,1.0884,6.7911,1.0883,967,33.55
SOBHA,2882,1.4863,11.5903,1.4867,963,33.41
ABFRL,3239,0.4781,3.362,0.477,1082,33.41
MINDACORP,2882,0.9523,5.2653,0.9514,959,33.28
DIXON,2215,26.5869,80.0,26.5864,735,33.18
TITAN,2883,0.9587,5.0514,0.959,952,33.02
NAVINFLUOR,2882,1.1723,8.9657,1.1722,948,32.89
ASHOKA,3920,1.6534,6.8356,1.6524,1286,32.81
MARKSANS,2883,0.9013,3.441,0.9012,928,32.19
TITAGARH,2883,0.8939,3.6529,0.8934,919,31.88
HDFCLIFE,2173,0.7208,2.3481,0.7207,686,31.57
PRICOLLTD,2882,1.1959,4.8903,1.1942,896,31.09
EIDPARRY,2882,1.7768,11.855,1.7767,895,31.05
TTML,2883,1.2934,4.3148,1.2969,864,29.97
GMMPFAUDLR,2100,20.0526,66.6667,20.0522,622,29.62
AARTIPHARM,888,0.7545,1.513,0.7528,259,29.17
RRKABEL,728,0.7256,1.3335,0.7239,206,28.3
BBOX,4853,3.7009,19.2049,3.7007,1368,28.19
ADANIPOWER,4205,21.9561,80.0,21.955,1155,27.47
VIPIND,2882,0.9533,8.7407,0.9535,781,27.1
NH,2634,0.4415,1.9504,0.4419,701,26.61
RAINBOW,1069,0.615,1.349,0.6145,279,26.1
RADICO,2882,0.7642,4.864,0.764,752,26.09
JINDALSTEL,2883,0.5756,2.9427,0.5753,752,26.08
SUNTECK,2883,0.7994,4.6054,0.7994,748,25.95
GLENMARK,2883,0.7843,4.0865,0.7843,745,25.84
HONAUT,2881,0.6255,3.0427,0.6244,724,25.13
IDFCFIRSTB,2673,1.244,4.4731,1.2424,670,25.07
RAMCOCEM,2882,0.8371,4.6062,0.8394,719,24.95
HCC,2883,2.5294,10.2839,2.5294,710,24.63
HCL-INSYS,1154,10.7119,93.7552,10.6217,282,24.44
LXCHEM,1346,0.663,1.2972,0.663,325,24.15
AHLUCONT,4129,9.1056,126.5788,9.0724,992,24.03
LINDEINDIA,2882,0.7062,4.3161,0.7059,676,23.46
HSCL,2883,0.5348,1.891,0.5351,655,22.72
TEJASNET,2272,0.4747,1.0883,0.4745,507,22.32
SOLARINDS,2882,4.1506,80.0,4.1509,610,21.17
CRAMC,219,0.9174,1.4598,0.9157,45,20.55
DIACABS,3931,1.155,9.7605,1.1548,740,18.82
NEOGEN,1814,0.5204,1.5638,0.5196,339,18.69
BORORENEW,2045,0.3116,2.5714,0.3111,382,18.68
PRESTIGE,2883,0.7314,5.5182,0.7307,502,17.41
POLYMED,2883,0.8696,6.2435,0.869,501,17.38
MRF,2882,0.4443,1.8889,0.444,472,16.38
AFFLE,1749,12.3501,80.0,12.3499,270,15.44
DATAPATTNS,1161,0.687,1.3199,0.6867,168,14.47
TCI,1154,6.9129,50.1698,6.913,159,13.78
KEI,2883,0.4804,5.3111,0.4786,373,12.94
IONEXCHANG,1119,0.5509,1.401,0.5506,127,11.35
SENCO,776,0.7012,1.0127,0.7012,87,11.21
KPIGREEN,1264,0.3942,1.3786,0.3934,125,9.89
APOLLO,2128,0.5147,1.7332,0.5144,200,9.4
INDIACEM,2883,0.5167,4.6719,0.5164,255,8.84
YESBANK,2883,0.3825,5.0999,0.3815,251,8.71
MMTC,2883,0.3363,4.0638,0.3353,251,8.71
TRENT,2883,0.3287,2.2852,0.3301,250,8.67
HFCL,2883,0.3901,1.7873,0.3914,250,8.67
WABAG,2883,0.5076,3.461,0.5073,249,8.64
IFCI,2883,0.5745,7.4748,0.5757,247,8.57
GODREJIND,2883,0.1379,1.7901,0.138,247,8.57
ICICIPRULI,2454,0.3802,3.0455,0.3804,190,7.74
RPOWER,2883,0.1564,2.0768,0.1565,217,7.53
SBILIFE,2205,0.3711,1.8555,0.371,140,6.35
PNCINFRA,2787,0.3728,2.9389,0.3726,156,5.6
POWERMECH,2720,0.3934,1.0682,0.3932,142,5.22
GODREJPROP,2883,0.3225,2.1653,0.3217,141,4.89
SYNGENE,2732,0.429,1.7919,0.4289,99,3.62
MODIRUBBER,401,0.0669,4.7619,0.0786,9,2.24
REGENCERAM,798,0.0595,5.5556,0.0603,14,1.75
GLFL,341,0.1504,18.1818,0.3374,5,1.47
INDIGO,2670,0.1552,5.6646,0.1543,38,1.42
CREATIVEYE,694,0.0456,9.0909,1.1977,7,1.01
VIVIDHA,1154,0.0814,33.3333,0.6614,7,0.61
MEESHO,182,0.0129,2.3441,0.0,1,0.55
SANDUMA,738,0.4939,1.063,0.4929,4,0.54
SUDEEPPHRM,190,0.1686,3.3932,0.1508,1,0.53
PWL,198,0.0111,2.1949,0.0,1,0.51
UTLSOLAR,196,0.0122,2.3987,0.0,1,0.51
CANHLIFE,218,0.2688,3.6098,0.2523,1,0.46
WEWORK,221,0.0126,2.7762,0.0,1,0.45
JAINREC,227,0.005,1.1429,0.0,1,0.44
ATLANTAELE,230,0.0097,2.2227,0.0,1,0.43
STYL,230,0.6125,1.9194,0.6042,1,0.43
URBANCO,239,0.0104,2.4915,0.0,1,0.42
BLUESTONE,258,0.0146,3.7705,0.0,1,0.39
JSWCEMENT,261,0.3244,1.5553,0.3184,1,0.38
LOTUSDEV,267,0.0038,1.0276,0.0,1,0.37
ANTHEM,279,0.2198,1.0855,0.2159,1,0.36
TRAVELFOOD,284,0.0043,1.2228,0.0,1,0.35
GEOJITFSL,869,0.0079,2.5397,0.0048,3,0.35
THELEELA,313,0.0049,1.5363,0.0,1,0.32
BELRISE,317,0.0792,1.841,0.0734,1,0.32
ATHERENERG,333,0.0083,2.764,0.0,1,0.3
PREMIER,1112,0.008,4.0,0.0378,3,0.27
QPOWER,377,0.0611,1.7988,0.0563,1,0.27
RELINFRA,1154,0.0115,5.1793,0.0035,3,0.26
AGARWALEYE,389,0.0044,1.6942,0.0,1,0.26
FLEXITUFF,1153,0.0141,9.0909,0.0141,3,0.26
ITCHOTELS,395,0.5373,1.118,0.5345,1,0.25
VMM,425,0.0066,2.8062,0.0,1,0.24
IKS,423,0.0043,1.8006,0.0,1,0.24
BLACKBUCK,442,0.0063,2.8047,0.0,1,0.23
AVL,451,0.3267,1.8487,0.3226,1,0.22
SWIGGY,448,0.0037,1.6589,0.0,1,0.22
ACMESOLAR,448,0.094,4.3349,0.0844,1,0.22
WAAREEENER,460,0.0324,1.1179,0.03,1,0.22
SAGILITY,449,0.2794,1.7517,0.2755,1,0.22
KRN,477,0.0038,1.833,0.0,1,0.21
FIRSTCRY,512,0.0041,2.0775,0.0,1,0.2
PREMIERENE,498,0.1159,3.4851,0.1089,1,0.2
EUREKAFORB,491,0.0045,2.2259,0.0,1,0.2
RAYMONDLSL,496,0.1176,1.6691,0.1143,1,0.2
OLAELEC,514,0.0102,5.2201,0.0,1,0.19
GODIGIT,567,0.0019,1.0601,0.0,1,0.18
CONSOFINVT,1142,0.0046,2.1719,0.0012,2,0.18
IXIGO,551,0.0036,2.0023,0.0,1,0.18
ONELIFECAP,1130,0.0087,5.4945,0.0038,2,0.18
AIIL,588,0.0405,2.5505,0.0361,1,0.17
GREENPLY,1154,0.7823,80.1722,0.7827,2,0.17
TBOTEK,573,0.0057,3.2787,0.0,1,0.17
GUJALKALI,1154,0.0077,6.248,0.0038,2,0.17
BALUFORGE,584,0.0199,1.7987,0.0168,1,0.17
INDGN,575,0.5872,3.9691,0.5803,1,0.17
ENTERO,629,0.0032,2.0409,0.0,1,0.16
VARROC,2013,0.2616,6.2361,0.2585,3,0.15
IREDA,684,0.45,1.366,0.4481,1,0.15
HONASA,697,0.6231,1.6165,0.6208,1,0.14
ASKAUTOLTD,693,0.593,4.8459,0.5861,1,0.14
CELLO,697,0.6288,1.3813,0.6269,1,0.14
TIINDIA,2184,0.2866,3.0949,0.2864,3,0.14
BLUEJET,702,0.1766,1.0388,0.1751,1,0.14
JLHL,731,0.1328,1.2527,0.1311,1,0.14
SIGNATURE,723,0.0016,1.1363,0.0,1,0.14
DCAL,731,0.0198,14.444,0.0191,1,0.14
LLOYDSME,775,0.1457,1.2126,0.1442,1,0.13
JIOFIN,751,0.3332,2.0076,0.3306,1,0.13
YATHARTH,760,0.0635,3.9585,0.0583,1,0.13
STARCEMENT,2276,0.4603,2.8757,0.4607,3,0.13
MANKIND,822,0.03,2.6825,0.0268,1,0.12
AVALON,837,0.0077,6.4403,0.0,1,0.12
DBL,2484,0.2187,1.5071,0.2189,3,0.12
INOXGREEN,935,0.0023,2.1635,0.0,1,0.11
BIKAJI,939,0.37,1.0008,0.3689,1,0.11
SKYGOLD,903,0.081,2.0391,0.0787,1,0.11
KAYNES,936,0.0019,1.8145,0.0,1,0.11
AETHER,1052,0.0029,3.0527,0.0,1,0.1
GOLDENTOBC,1025,0.004,3.6609,0.0056,1,0.1
SYRMA,994,0.4946,1.3685,0.4933,1,0.1
MANORAMA,1032,0.0886,1.1393,0.0875,1,0.1
SNOWMAN,1154,0.0012,1.3255,0.0007,1,0.09
MTEDUCARE,1154,0.0016,1.8233,0.0089,1,0.09
MAPMYINDIA,1163,0.6051,6.4384,0.5996,1,0.09
PRUDENT,1061,0.286,8.9131,0.2776,1,0.09
TEGA,1169,0.2143,1.8864,0.2127,1,0.09
DELHIVERY,1060,0.0017,1.7869,0.0,1,0.09
SUNDRMBRAK,1154,0.0011,1.2843,0.0,1,0.09
ASHIANA,1154,0.0045,2.2941,0.0008,1,0.09
RATEGAIN,1165,0.0015,1.7525,0.0,1,0.09
INDIANCARD,1151,0.0035,3.8013,0.0033,1,0.09
CENTENKA,1154,0.0032,2.0257,0.0219,1,0.09
NOIDATOLL,1154,0.0032,3.6697,0.0045,1,0.09
GICHSGFIN,1154,0.2704,308.6432,0.3371,1,0.09
SAKHTISUG,1154,0.0011,1.2766,0.0,1,0.09
NYKAA,1192,0.0031,3.724,0.0,1,0.08
VIJAYA,1230,0.3677,3.8009,0.3646,1,0.08
SAPPHIRE,1186,0.0024,2.9017,0.0,1,0.08
PARAS,1218,0.1302,1.4802,0.129,1,0.08
POLICYBZR,1188,0.0029,3.4997,0.0,1,0.08
PAYTM,1186,0.0034,4.0541,0.0,1,0.08
LODHA,1332,0.7856,2.3941,0.7838,1,0.08
ACUTAAS,1231,0.3557,3.4224,0.3529,1,0.08
SANSERA,1223,0.4473,3.8243,0.4442,1,0.08
CARTRADE,1247,0.0014,1.757,0.0,1,0.08
DEVYANI,1250,0.0009,1.1443,0.0,1,0.08
NAZARA,1344,0.0008,1.0849,0.0,1,0.07
KALYANKJIL,1345,0.5073,1.7653,0.506,1,0.07
CRAFTSMAN,1344,0.4859,1.8138,0.4845,1,0.07
MAXHEALTH,1495,0.4679,3.6091,0.4654,1,0.07
MTARTECH,1354,0.0413,1.5352,0.0401,1,0.07
TARC,1411,0.0009,1.326,0.0,1,0.07
SWSOLAR,1743,0.0017,2.7155,0.0016,1,0.06
CSBBANK,1673,0.0015,2.491,0.0,1,0.06
WESTLIFE,1743,0.3684,3.0117,0.3667,1,0.06
FLUOROCHEM,1706,0.1773,1.8137,0.1762,1,0.06
POWERINDIA,1593,0.1663,3.1785,0.1643,1,0.06
AAVAS,1954,0.0007,1.3763,0.0,1,0.05
CHALET,1870,0.0762,1.04,0.0756,1,0.05
ATGL,1935,0.1853,1.0198,0.1847,1,0.05
ADANIGREEN,2029,0.0029,5.9456,0.0,1,0.05
ABCAPITAL,2226,0.0012,2.568,0.0,1,0.04
ADANIENSOL,2739,0.0033,9.0419,0.0,1,0.04
HCG,2577,0.0023,6.0448,0.0,1,0.04
DMART,2338,0.0013,3.0165,0.0018,1,0.04
OPTIEMUS,2241,0.4225,1.0086,0.422,1,0.04
DYNAMATECH,2882,0.2572,2.0641,0.2561,1,0.03
GMRAIRPORT,2883,0.001,2.7625,0.0,1,0.03
JAYNECOIND,2883,0.0006,1.6947,0.0,1,0.03
SPARC,2883,0.0124,1.8705,0.012,1,0.03
SCHNEIDER,2883,0.0011,3.121,0.0009,1,0.03
TI,2883,0.2588,2.3582,0.2578,1,0.03
MFSL,2883,0.0675,1.4576,0.0669,1,0.03
PGEL,2883,0.0681,1.3078,0.0676,1,0.03
AXISCADES,4854,0.0006,3.1478,0.0,1,0.02
DHANUKA,1154,0.0001,0.0816,0.0014,0,0.0
SUNDRMFAST,1154,0.0,0.0,0.0003,0,0.0
SPIC,1154,0.0,0.0,0.0003,0,0.0
DCW,1154,0.0,0.0,0.0181,0,0.0
TASTYBITE,855,0.0,0.0,0.0,0,0.0
DICIND,1154,0.0,0.0,0.0,0,0.0
SOMANYCERA,1154,0.0,0.0,0.0005,0,0.0
DHANBANK,1154,0.0,0.0,0.0,0,0.0
DBREALTY,4081,0.0001,0.4939,0.0004,0,0.0
DELTACORP,1154,0.0007,0.7781,0.0007,0,0.0
DHAMPURSUG,1154,0.0001,0.1129,0.0009,0,0.0
SMARTWORKS,280,0.0004,0.1024,0.0,0,0.0
DEN,1154,0.0006,0.6676,0.0,0,0.0
STARHEALTH,1171,0.0001,0.1411,0.0,0,0.0
DBCORP,1154,0.0,0.0,0.0,0,0.0
SUPRAJIT,1154,0.0,0.0,0.0023,0,0.0
TAJGVK,1154,0.0002,0.2324,0.0029,0,0.0
DREDGECORP,1154,0.0004,0.4234,0.0008,0,0.0
SYMPHONY,1154,0.0,0.0,0.0,0,0.0
DOMS,668,0.2674,0.3768,0.267,0,0.0
SWARAJENG,1154,0.0,0.0,0.0016,0,0.0
SWANCORP,2883,0.3144,0.8602,0.3142,0,0.0
CYBERTECH,1154,0.0,0.0,0.0,0,0.0
DALMIASUG,1154,0.0,0.0,0.0014,0,0.0
DONEAR,1154,0.0,0.0,0.0006,0,0.0
TAKE,1154,0.0,0.0,0.0,0,0.0
DISHTV,1154,0.0002,0.2538,0.0,0,0.0
CREDITACC,1983,0.3824,0.793,0.3823,0,0.0
SUPRIYA,1158,0.2963,0.6592,0.2963,0,0.0
SPANDANA,265,0.0,0.0,0.0,0,0.0
SUPREMEINF,1006,0.0,0.0,0.0,0,0.0
MADRASFERT,1154,0.0,0.0,0.0006,0,0.0
BFUTILITIE,1154,0.0005,0.5644,0.0025,0,0.0
TATACAP,222,0.1497,0.5138,0.1474,0,0.0
AKUMS,514,0.4351,0.4729,0.4342,0,0.0
VIYASH,2590,0.2459,0.7399,0.2457,0,0.0
AMBER,2123,0.0003,0.3007,0.0003,0,0.0
ANSALAPI,1154,0.0004,0.4329,0.0,0,0.0
VINDHYATEL,1154,0.0,0.0,0.0,0,0.0
VINATIORGA,1154,0.0,0.0,0.0022,0,0.0
VIKRAMSOLR,254,0.0015,0.3721,0.0,0,0.0
ANURAS,1346,0.2864,0.7556,0.286,0,0.0
VENKEYS,1154,0.0,0.0,0.0016,0,0.0
ARCHIES,1154,0.0002,0.2105,0.0,0,0.0
ASHIMASYN,1154,0.0,0.0,0.0015,0,0.0
UTTAMSUGAR,1154,0.0,0.0,0.0001,0,0.0
AUTOAXLES,1154,0.0,0.0,0.0009,0,0.0
UNITECH,986,0.0,0.0,0.0108,0,0.0
AUTOIND,1154,0.0003,0.365,0.0,0,0.0
UNICHEMLAB,1154,0.0002,0.2856,0.0,0,0.0
VLSFINANCE,1154,0.0,0.0,0.0,0,0.0
AKSHOPTFBR,1154,0.0,0.0,0.0041,0,0.0
UFO,1154,0.0,0.0,0.0009,0,0.0
AEQUS,182,0.0038,0.6923,0.0,0,0.0
63MOONS,897,0.0,0.0,0.0,0,0.0
ZODIACLOTH,1148,0.0009,0.9739,0.0014,0,0.0
AADHARHFC,573,0.001,0.5801,0.0,0,0.0
ABAN,1154,0.0,0.0,0.0001,0,0.0
ZEELEARN,1154,0.0,0.0,0.0009,0,0.0
ABLBL,298,0.5029,0.6617,0.5007,0,0.0
ZAGGLE,728,0.0005,0.3481,0.0,0,0.0
WSTCSTPAPR,1154,0.0,0.0,0.0,0,0.0
WONDERLA,1154,0.0,0.0,0.0,0,0.0
WHEELS,1154,0.0001,0.065,0.0013,0,0.0
ADSL,1154,0.0,0.0,0.0,0,0.0
AEGISVOPAK,314,0.0667,0.8254,0.0641,0,0.0
WEBELSOLAR,2883,0.0002,0.5204,0.0,0,0.0
WAKEFIT,178,0.0023,0.4036,0.0,0,0.0
WAAREERTL,348,0.0009,0.3104,0.0,0,0.0
AWFIS,563,0.0006,0.3294,0.0,0,0.0
UFLEX,1154,0.0001,0.1353,0.0024,0,0.0
CPPLUS,268,0.0415,0.3631,0.0401,0,0.0
BLKASHYAP,1154,0.0,0.0,0.0002,0,0.0
BPL,1154,0.0,0.0,0.0,0,0.0
BSL,1154,0.0,0.0,0.0,0,0.0
CAMLINFINE,1154,0.0001,0.0965,0.0006,0,0.0
TEXINFRA,1154,0.0004,0.4492,0.0,0,0.0
TENNIND,197,0.0,0.0095,0.0,0,0.0
CAPILLARY,195,0.001,0.2021,0.0,0,0.0
CARERATING,1154,0.0,0.0,0.0,0,0.0
TEAMLEASE,1126,0.0002,0.1856,0.0018,0,0.0
CCAVENUE,2575,0.5107,0.9485,0.5107,0,0.0
TCIEXP,922,0.0,0.0,0.0022,0,0.0
TBZ,1154,0.0001,0.0802,0.0002,0,0.0
CHOICEIN,1088,0.0001,0.1411,0.0,0,0.0
CINEVISTA,1145,0.0,0.0,0.0,0,0.0
COFFEEDAY,974,0.0,0.0,0.0002,0,0.0
CORONA,178,0.3886,0.5476,0.3877,0,0.0
BOMDYEING,1154,0.0,0.0,0.0039,0,0.0
BLISSGVS,1154,0.0002,0.2074,0.0,0,0.0
AWL,1130,0.4991,0.8547,0.4983,0,0.0
BGRENERGY,1154,0.0001,0.1622,0.0005,0,0.0
TVTODAY,1154,0.0001,0.1063,0.0008,0,0.0
TVSSRICHAK,1154,0.0001,0.0845,0.0,0,0.0
TVSSCS,748,0.0008,0.5711,0.0,0,0.0
AZAD,664,0.0007,0.4349,0.0,0,0.0
BAJAJCON,408,0.0,0.0,0.0,0,0.0
BAJAJHFL,489,0.0002,0.0951,0.0,0,0.0
BAJAJHIND,1154,0.0005,0.5952,0.0042,0,0.0
BALAJITELE,1154,0.0,0.0,0.0016,0,0.0
BALMLAWRIE,1154,0.0003,0.3684,0.0101,0,0.0
TRIGYN,1154,0.0006,0.7251,0.0,0,0.0
TREEHOUSE,1154,0.0,0.0,0.0,0,0.0
TRANSRAILL,419,0.6126,0.7036,0.6122,0,0.0
BASF,1154,0.0,0.0,0.0042,0,0.0
TNPL,1154,0.0,0.0,0.0,0,0.0
EKC,1154,0.0,0.0,0.0007,0,0.0
EIEL,438,0.0018,0.7676,0.0,0,0.0
FLFL,1154,0.0,0.0,0.0035,0,0.0
ELLEN,292,0.0003,0.0776,0.0,0,0.0
NETWORK18,2883,0.0003,0.6929,0.0006,0,0.0
OMAXE,1154,0.0,0.0,0.0001,0,0.0
OMAXAUTO,1154,0.0,0.0,0.0027,0,0.0
OLECTRA,2883,0.1097,0.3222,0.1096,0,0.0
OILCOUNTUB,1154,0.0,0.0,0.0,0,0.0
INDSWFTLAB,1154,0.0,0.0,0.0,0,0.0
INGERRAND,1154,0.0002,0.1801,0.0001,0,0.0
NUVOCO,1246,0.0001,0.1253,0.0,0,0.0
INOXINDIA,667,0.1969,0.2839,0.1968,0,0.0
NTPCGREEN,440,0.0,0.0112,0.0,0,0.0
IOB,2883,0.0001,0.3571,0.0001,0,0.0
NSLNISP,873,0.0,0.0216,0.0,0,0.0
NOCIL,1154,0.0,0.0,0.0009,0,0.0
NIVABUPA,446,0.0007,0.2945,0.0,0,0.0
NILKAMAL,1154,0.0001,0.0716,0.0009,0,0.0
NIITLTD,1154,0.0,0.0,0.001,0,0.0
ITDC,911,0.0,0.0,0.0013,0,0.0
ITI,2883,0.0,0.1106,0.0006,0,0.0
NEXTMEDIA,1151,0.0007,0.8197,0.0011,0,0.0
JAGRAN,1154,0.0,0.0,0.004,0,0.0
ONESOURCE,399,0.0004,0.1648,0.0,0,0.0
INDRAMEDCO,1154,0.0,0.0,0.0,0,0.0
ONMOBILE,1154,0.0,0.0,0.0005,0,0.0
PARAGMILK,1063,0.0,0.0,0.0011,0,0.0
PGHH,1154,0.0,0.0,0.0,0,0.0
PFOCUS,2882,0.0001,0.3296,0.0,0,0.0
IGARASHI,1154,0.0,0.0,0.0009,0,0.0
IL&FSENGG,796,0.0,0.0,0.0098,0,0.0
PENINLAND,1154,0.0,0.0,0.0019,0,0.0
PENIND,1154,0.0,0.0,0.0003,0,0.0
IL&FSTRANS,796,0.0,0.0,0.0006,0,0.0
PARKHOSPS,177,0.0015,0.2611,0.0,0,0.0
INDIGOPNTS,1382,0.5505,0.9524,0.5502,0,0.0
ONWARDTEC,1154,0.0007,0.8319,0.0,0,0.0
INDNIPPON,1154,0.0,0.0,0.0,0,0.0
OSWALPUMPS,300,0.0007,0.2229,0.0,0,0.0
OSWALAGRO,488,0.0,0.0,0.0,0,0.0
ORKLAINDIA,206,0.003,0.6184,0.0,0,0.0
INDOCO,1154,0.0,0.0,0.001,0,0.0
ORIENTHOT,1154,0.0006,0.6803,0.0054,0,0.0
ORIENTELEC,574,0.0,0.0,0.0,0,0.0
INDOSTAR,569,0.0,0.0,0.0,0,0.0
JAICORPLTD,1154,0.0,0.0,0.0026,0,0.0
NETWEB,767,0.1719,0.7417,0.1709,0,0.0
IFBIND,2883,0.0002,0.3391,0.0017,0,0.0
JKIL,1151,0.0,0.0,0.0007,0,0.0
KOLTEPATIL,1154,0.0,0.0,0.0023,0,0.0
MEDPLUS,1160,0.0007,0.7569,0.0,0,0.0
MEDANTA,937,0.0617,0.4753,0.0612,0,0.0
MCLEODRUSS,1154,0.0,0.0,0.0001,0,0.0
LAOPALA,1154,0.0,0.0,0.0004,0,0.0
MAYURUNIQ,1154,0.0,0.0,0.0,0,0.0
MAXIND,12,0.0,0.0,0.0,0,0.0
LATENTVIEW,1184,0.0007,0.8453,0.0,0,0.0
LEMONTREE,2078,0.0004,0.7566,0.0,0,0.0
LENSKART,204,0.0045,0.9141,0.0,0,0.0
LGBBROSLTD,1154,0.0,0.0,0.0,0,0.0
LGEINDIA,221,0.0007,0.1652,0.0,0,0.0
MARALOVER,1153,0.0,0.0,0.0,0,0.0
LLOYDSENT,466,0.1917,0.752,0.1901,0,0.0
MANINDS,1154,0.0,0.0,0.0,0,0.0
MANGLMCEM,1154,0.0,0.0,0.0,0,0.0
LOVABLE,1154,0.0,0.0,0.0001,0,0.0
MAHLOG,697,0.0,0.0,0.0,0,0.0
LUMAXIND,1154,0.0,0.0,0.0,0,0.0
KIOCL,840,0.0,0.0,0.0,0,0.0
KIMS,1284,0.0007,0.853,0.0,0,0.0
KENNAMET,265,0.0,0.0,0.0,0,0.0
MUNJALSHOW,1154,0.0,0.0,0.0,0,0.0
NAVNETEDUL,1154,0.0,0.0,0.0007,0,0.0
NAVKARCORP,1154,0.0,0.0,0.0,0,0.0
JPPOWER,2883,0.0,0.0607,0.0003,0,0.0
JSFB,632,0.0009,0.5613,0.0,0,0.0
JSLL,1073,0.1488,0.9689,0.1479,0,0.0
JSWHL,1154,0.0,0.0,0.0008,0,0.0
JSWINFRA,722,0.4771,0.7234,0.4762,0,0.0
JTEKTINDIA,588,0.0,0.0,0.0,0,0.0
MUKTAARTS,1154,0.0,0.0,0.0,0,0.0
MIRZAINT,1154,0.0,0.0,0.0002,0,0.0
MTNL,1154,0.0,0.0,0.0056,0,0.0
JUSTDIAL,2883,0.015,0.759,0.0155,0,0.0
JWL,2883,0.603,0.7254,0.6028,0,0.0
JYOTICNC,651,0.001,0.6441,0.0,0,0.0
JYOTISTRUC,551,0.0,0.0,0.0048,0,0.0
MPSLTD,1154,0.0,0.0,0.0,0,0.0
KAKATCEM,1154,0.0003,0.3642,0.0004,0,0.0
KCP,1154,0.0,0.0,0.0,0,0.0
PGHL,312,0.0,0.0,0.0,0,0.0
ICRA,1154,0.0,0.0,0.0019,0,0.0
EMBDL,2883,0.0001,0.3852,0.0,0,0.0
RICOAUTO,1154,0.0,0.0,0.0001,0,0.0
SBFC,753,0.0011,0.8367,0.0,0,0.0
FINEORG,539,0.0002,0.1277,0.0,0,0.0
FIVESTAR,936,0.6065,0.7817,0.6057,0,0.0
SANOFI,1154,0.0,0.0,0.0,0,0.0
SAMHI,728,0.0009,0.6825,0.0,0,0.0
SAILIFE,425,0.0023,0.9702,0.0,0,0.0
LUXIND,1154,0.0,0.0,0.0,0,0.0
SAFARI,1726,0.4975,0.9892,0.497,0,0.0
SADBHIN,1154,0.0,0.0,0.0,0,0.0
SADBHAV,1154,0.0,0.0,0.0012,0,0.0
SAATVIKGL,232,0.0038,0.8932,0.0,0,0.0
RUPA,1154,0.0007,0.8174,0.0,0,0.0
RUBICON,217,0.0919,0.364,0.0902,0,0.0
RTNPOWER,2883,0.0003,0.9247,0.0005,0,0.0
RTNINDIA,2883,0.0,0.0333,0.0,0,0.0
FMGOETZE,1154,0.0,0.0,0.0035,0,0.0
RSSOFTWARE,1154,0.0,0.0,0.0011,0,0.0
FORTIS,2883,0.3101,0.7368,0.3123,0,0.0
GALAXYSURF,636,0.0,0.0,0.0,0,0.0
FEDFINA,683,0.0007,0.4936,0.0,0,0.0
FDC,1154,0.0,0.0,0.0043,0,0.0
FCONSUMER,957,0.0,0.0,0.003,0,0.0
SHK,1154,0.0,0.0,0.0046,0,0.0
SITINET,1002,0.0,0.0,0.0,0,0.0
SIMPLEXINF,1154,0.0,0.0,0.0041,0,0.0
EMCURE,534,0.1065,0.4276,0.1057,0,0.0
EMIL,960,0.0006,0.568,0.0,0,0.0
EMMVEE,198,0.0012,0.2336,0.0,0,0.0
ENIL,1154,0.0005,0.5931,0.0,0,0.0
ENRIN,301,0.0859,0.9993,0.0826,0,0.0
ESABINDIA,1154,0.0,0.0,0.0019,0,0.0
ETERNAL,1266,0.0002,0.2904,0.0,0,0.0
FACT,2883,0.2619,0.4341,0.2618,0,0.0
ETHOSLTD,1055,0.0004,0.4261,0.0,0,0.0
SHANTIGEAR,1154,0.0,0.0,0.0,0,0.0
SHANKARA,847,0.0005,0.4489,0.0051,0,0.0
EVEREADY,1154,0.0,0.0,0.0012,0,0.0
SHAILY,1093,0.1225,0.1952,0.1223,0,0.0
EVERESTIND,1154,0.0001,0.0873,0.0011,0,0.0
SESHAPAPER,1153,0.0,0.0,0.0,0,0.0
SEAMECLTD,1154,0.0,0.0,0.0,0,0.0
RIIL,1154,0.0001,0.1373,0.0005,0,0.0
GIPCL,1154,0.0,0.0,0.0015,0,0.0
PICCADIL,292,0.0021,0.6181,0.0,0,0.0
RHFL,730,0.0,0.0,0.0,0,0.0
HARRMALAYA,1154,0.0,0.0,0.0009,0,0.0
PTCIL,799,0.001,0.7701,0.0,0,0.0
HATHWAY,1154,0.0,0.0,0.0,0,0.0
PSB,1154,0.0,0.0,0.0005,0,0.0
HDBFS,292,0.309,0.902,0.306,0,0.0
HDIL,1021,0.0004,0.3914,0.0013,0,0.0
HEIDELBERG,1154,0.0,0.0,0.0006,0,0.0
HEMIPROP,1452,0.0001,0.14,0.0,0,0.0
PPLPHARMA,958,0.0783,0.3698,0.078,0,0.0
HIKAL,1154,0.0004,0.2717,0.0019,0,0.0
HIMATSEIDE,1154,0.0,0.0,0.0004,0,0.0
HMT,282,0.0,0.0,0.0,0,0.0
HMVL,1154,0.0,0.0,0.0008,0,0.0
PNGJL,488,0.0007,0.3265,0.0,0,0.0
PNBGILTS,1154,0.0,0.0,0.0009,0,0.0
HUBTOWN,1154,0.0,0.0,0.0001,0,0.0
PIRAMALFIN,205,0.4096,0.5672,0.4095,0,0.0
PINELABS,200,0.0023,0.4593,0.0,0,0.0
ICICIAMC,175,0.3288,0.9182,0.3284,0,0.0
PVP,775,0.0,0.0,0.0056,0,0.0
PVRINOX,2882,0.2613,0.9398,0.2613,0,0.0
GVKPIL,1154,0.0,0.0,0.0,0,0.0
RBA,1415,0.0003,0.3581,0.0,0,0.0
RESPONIND,1148,0.0002,0.2806,0.0043,0,0.0
REPCOHOME,1154,0.0,0.0,0.0021,0,0.0
RENUKA,2883,0.0002,0.4437,0.0,0,0.0
RELIGARE,2882,0.0001,0.1857,0.0001,0,0.0
GMRP&UI,1101,0.0004,0.3861,0.0,0,0.0
RCOM,1154,0.0,0.0,0.0042,0,0.0
GOKEX,2883,0.0453,0.3921,0.0455,0,0.0
GOKULAGRO,2588,0.0001,0.2794,0.0,0,0.0
RAYMOND,1154,0.0,0.0,0.0002,0,0.0
GULFOILLUB,1154,0.0,0.0,0.0001,0,0.0
RAMCOSYS,1154,0.0,0.0,0.0003,0,0.0
RAMCOIND,1154,0.0004,0.4338,0.0,0,0.0
GROWW,202,0.0024,0.4819,0.0,0,0.0
RAJTV,1019,0.0,0.0,0.0,0,0.0
RAJESHEXPO,1154,0.0,0.0,0.0,0,0.0
GTL,1105,0.0,0.0,0.0018,0,0.0
GTLINFRA,1154,0.0,0.0,0.0009,0,0.0
RADIOCITY,859,0.0,0.0,0.0,0,0.0
20MICRONS,1154,0.0,0.0,0.0,0,0.0
