symbol,ex_date,action_type,ratio,source_url,fetched_at
KOTHARIPRO,2016-01-05,bonus,0.5,https://www.nseindia.com/api/corporates-corporateActions?index=equities&from_date=01-01-2016&to_date=31-12-2016,2026-09-24 14:42:34 UTC
GREENPLY,2016-01-06,split,5.0,https://www.nseindia.com/api/corporates-corporateActions?index=equities&from_date=01-01-2016&to_date=31-12-2016,2026-09-24 14:42:34 UTC
MOLDTKPAC,2016-02-17,split,2.0,https://www.nseindia.com/api/corporates-corporateActions?index=equities&from_date=01-01-2016&to_date=31-12-2016,2026-09-24 14:42:34 UTC
PRAKASHSTL,2016-03-03,split,10.0,https://www.nseindia.com/api/corporates-corporateActions?index=equities&from_date=01-01-2016&to_date=31-12-2016,2026-09-24 14:42:34 UTC
MINDTREE,2016-03-09,bonus,1.0,https://www.nseindia.com/api/corporates-corporateActions?index=equities&from_date=01-01-2016&to_date=31-12-2016,2026-09-24 14:42:34 UTC
RAMASTEEL,2016-03-14,bonus,4.0,https://www.nseindia.com/api/corporates-corporateActions?index=equities&from_date=01-01-2016&to_date=31-12-2016,2026-09-24 14:42:34 UTC
VEEDOL,2016-03-16,bonus,1.0,https://www.nseindia.com/api/corporates-corporateActions?index=equities&from_date=01-01-2016&to_date=31-12-2016,2026-09-24 14:42:34 UTC
PRECWIRE,2016-03-21,split,2.0,https://www.nseindia.com/api/corporates-corporateActions?index=equities&from_date=01-01-2016&to_date=31-12-2016,2026-09-24 14:42:34 UTC
WELSPUNLIV,2016-03-21,split,6.0,https://www.nseindia.com/api/corporates-corporateActions?index=equities&from_date=01-01-2016&to_date=31-12-2016,2026-09-24 14:42:34 UTC
VIVIDHA,2016-03-30,bonus,0.3333333333333333,https://www.nseindia.com/api/corporates-corporateActions?index=equities&from_date=01-01-2016&to_date=31-12-2016,2026-09-24 14:42:34 UTC
VIVIMEDLAB,2016-04-06,split,5.0,https://www.nseindia.com/api/corporates-corporateActions?index=equities&from_date=01-01-2016&to_date=31-12-2016,2026-09-24 14:42:34 UTC
DISHMAN,2016-05-02,bonus,1.0,https://www.nseindia.com/api/corporates-corporateActions?index=equities&from_date=01-01-2016&to_date=31-12-2016,2026-09-24 14:42:34 UTC
GMBREW,2016-05-30,bonus,0.25,https://www.nseindia.com/api/corporates-corporateActions?index=equities&from_date=01-01-2016&to_date=31-12-2016,2026-09-24 14:42:34 UTC
NBCC,2016-06-02,split,5.0,https://www.nseindia.com/api/corporates-corporateActions?index=equities&from_date=01-01-2016&to_date=31-12-2016,2026-09-24 14:42:34 UTC
LUXIND,2016-06-06,split,5.0,https://www.nseindia.com/api/corporates-corporateActions?index=equities&from_date=01-01-2016&to_date=31-12-2016,2026-09-24 14:42:34 UTC
PINCON,2016-06-23,bonus,1.0,https://www.nseindia.com/api/corporates-corporateActions?index=equities&from_date=01-01-2016&to_date=31-12-2016,2026-09-24 14:42:34 UTC
ITC,2016-07-01,bonus,0.5,https://www.nseindia.com/api/corporates-corporateActions?index=equities&from_date=01-01-2016&to_date=31-12-2016,2026-09-24 14:42:34 UTC
BPCL,2016-07-13,bonus,1.0,https://www.nseindia.com/api/corporates-corporateActions?index=equities&from_date=01-01-2016&to_date=31-12-2016,2026-09-24 14:42:34 UTC
HATSUN,2016-07-13,bonus,0.4,https://www.nseindia.com/api/corporates-corporateActions?index=equities&from_date=01-01-2016&to_date=31-12-2016,2026-09-24 14:42:34 UTC
GANESHHOU,2016-07-14,bonus,0.5,https://www.nseindia.com/api/corporates-corporateActions?index=equities&from_date=01-01-2016&to_date=31-12-2016,2026-09-24 14:42:34 UTC
GRINDWELL,2016-07-14,bonus,1.0,https://www.nseindia.com/api/corporates-corporateActions?index=equities&from_date=01-01-2016&to_date=31-12-2016,2026-09-24 14:42:34 UTC
BERGEPAINT,2016-07-15,bonus,0.4,https://www.nseindia.com/api/corporates-corporateActions?index=equities&from_date=01-01-2016&to_date=31-12-2016,2026-09-24 14:42:34 UTC
KTIL,2016-08-11,bonus,0.04,https://www.nseindia.com/api/corporates-corporateActions?index=equities&from_date=01-01-2016&to_date=31-12-2016,2026-09-24 14:42:34 UTC
PNCINFRA,2016-08-12,split,5.0,https://www.nseindia.com/api/corporates-corporateActions?index=equities&from_date=01-01-2016&to_date=31-12-2016,2026-09-24 14:42:34 UTC
PILITA,2016-08-24,split,4.0,https://www.nseindia.com/api/corporates-corporateActions?index=equities&from_date=01-01-2016&to_date=31-12-2016,2026-09-24 14:42:34 UTC
PFC,2016-08-26,bonus,1.0,https://www.nseindia.com/api/corporates-corporateActions?index=equities&from_date=01-01-2016&to_date=31-12-2016,2026-09-24 14:42:34 UTC
MENONBE,2016-08-30,bonus,0.2,https://www.nseindia.com/api/corporates-corporateActions?index=equities&from_date=01-01-2016&to_date=31-12-2016,2026-09-24 14:42:34 UTC
VGUARD,2016-08-30,split,10.0,https://www.nseindia.com/api/corporates-corporateActions?index=equities&from_date=01-01-2016&to_date=31-12-2016,2026-09-24 14:42:34 UTC
NAVA,2016-09-01,bonus,1.0,https://www.nseindia.com/api/corporates-corporateActions?index=equities&from_date=01-01-2016&to_date=31-12-2016,2026-09-24 14:42:34 UTC
TECHNO,2016-09-06,bonus,1.0,https://www.nseindia.com/api/corporates-corporateActions?index=equities&from_date=01-01-2016&to_date=31-12-2016,2026-09-24 14:42:34 UTC
BAJFINANCE,2016-09-08,bonus,1.0,https://www.nseindia.com/api/corporates-corporateActions?index=equities&from_date=01-01-2016&to_date=31-12-2016,2026-09-24 14:42:34 UTC
TRENT,2016-09-12,split,10.0,https://www.nseindia.com/api/corporates-corporateActions?index=equities&from_date=01-01-2016&to_date=31-12-2016,2026-09-24 14:42:34 UTC
UNOMINDA,2016-09-12,split,5.0,https://www.nseindia.com/api/corporates-corporateActions?index=equities&from_date=01-01-2016&to_date=31-12-2016,2026-09-24 14:42:34 UTC
HINDPETRO,2016-09-14,bonus,2.0,https://www.nseindia.com/api/corporates-corporateActions?index=equities&from_date=01-01-2016&to_date=31-12-2016,2026-09-24 14:42:34 UTC
SYMPHONY,2016-09-14,bonus,1.0,https://www.nseindia.com/api/corporates-corporateActions?index=equities&from_date=01-01-2016&to_date=31-12-2016,2026-09-24 14:42:34 UTC
JMTAUTOLTD,2016-09-21,split,2.0,https://www.nseindia.com/api/corporates-corporateActions?index=equities&from_date=01-01-2016&to_date=31-12-2016,2026-09-24 14:42:34 UTC
RECLTD,2016-09-28,bonus,1.0,https://www.nseindia.com/api/corporates-corporateActions?index=equities&from_date=01-01-2016&to_date=31-12-2016,2026-09-24 14:42:34 UTC
KAJARIACER,2016-10-04,split,2.0,https://www.nseindia.com/api/corporates-corporateActions?index=equities&from_date=01-01-2016&to_date=31-12-2016,2026-09-24 14:42:34 UTC
GRASIM,2016-10-06,split,5.0,https://www.nseindia.com/api/corporates-corporateActions?index=equities&from_date=01-01-2016&to_date=31-12-2016,2026-09-24 14:42:34 UTC
SECURKLOUD,2016-10-10,bonus,0.3333333333333333,https://www.nseindia.com/api/corporates-corporateActions?index=equities&from_date=01-01-2016&to_date=31-12-2016,2026-09-24 14:42:34 UTC
SHAH,2016-10-13,split,10.0,https://www.nseindia.com/api/corporates-corporateActions?index=equities&from_date=01-01-2016&to_date=31-12-2016,2026-09-24 14:42:34 UTC
IOC,2016-10-18,bonus,1.0,https://www.nseindia.com/api/corporates-corporateActions?index=equities&from_date=01-01-2016&to_date=31-12-2016,2026-09-24 14:42:34 UTC
ALANKIT,2016-10-19,bonus,1.0,https://www.nseindia.com/api/corporates-corporateActions?index=equities&from_date=01-01-2016&to_date=31-12-2016,2026-09-24 14:42:34 UTC
SUNILHITEC,2016-12-01,bonus,1.0,https://www.nseindia.com/api/corporates-corporateActions?index=equities&from_date=01-01-2016&to_date=31-12-2016,2026-09-24 14:42:34 UTC
INDIANHUME,2016-12-09,bonus,1.0,https://www.nseindia.com/api/corporates-corporateActions?index=equities&from_date=01-01-2016&to_date=31-12-2016,2026-09-24 14:42:34 UTC
ONGC,2016-12-15,bonus,0.5,https://www.nseindia.com/api/corporates-corporateActions?index=equities&from_date=01-01-2016&to_date=31-12-2016,2026-09-24 14:42:34 UTC
BALMLAWRIE,2016-12-26,bonus,3.0,https://www.nseindia.com/api/corporates-corporateActions?index=equities&from_date=01-01-2016&to_date=31-12-2016,2026-09-24 14:42:34 UTC
ENGINERSIN,2016-12-30,bonus,1.0,https://www.nseindia.com/api/corporates-corporateActions?index=equities&from_date=01-01-2016&to_date=31-12-2016,2026-09-24 14:42:34 UTC
GATECH,2017-01-10,bonus,0.25,https://www.nseindia.com/api/corporates-corporateActions?index=equities&from_date=01-01-2017&to_date=31-12-2017,2026-09-24 14:42:34 UTC
OIL,2017-01-12,bonus,0.3333333333333333,https://www.nseindia.com/api/corporates-corporateActions?index=equities&from_date=01-01-2017&to_date=31-12-2017,2026-09-24 14:42:34 UTC
GAYAPROJ,2017-02-10,split,5.0,https://www.nseindia.com/api/corporates-corporateActions?index=equities&from_date=01-01-2017&to_date=31-12-2017,2026-09-24 14:42:34 UTC
ORBTEXP,2017-02-14,bonus,1.0,https://www.nseindia.com/api/corporates-corporateActions?index=equities&from_date=01-01-2017&to_date=31-12-2017,2026-09-24 14:42:34 UTC
COMPINFO,2017-02-16,split,5.0,https://www.nseindia.com/api/corporates-corporateActions?index=equities&from_date=01-01-2017&to_date=31-12-2017,2026-09-24 14:42:34 UTC
NBCC,2017-02-17,bonus,0.5,https://www.nseindia.com/api/corporates-corporateActions?index=equities&from_date=01-01-2017&to_date=31-12-2017,2026-09-24 14:42:34 UTC
GAIL,2017-03-09,bonus,0.3333333333333333,https://www.nseindia.com/api/corporates-corporateActions?index=equities&from_date=01-01-2017&to_date=31-12-2017,2026-09-24 14:42:34 UTC
ABMINTLTD,2017-03-15,bonus,5.0,https://www.nseindia.com/api/corporates-corporateActions?index=equities&from_date=01-01-2017&to_date=31-12-2017,2026-09-24 14:42:34 UTC
VGUARD,2017-03-15,bonus,0.4,https://www.nseindia.com/api/corporates-corporateActions?index=equities&from_date=01-01-2017&to_date=31-12-2017,2026-09-24 14:42:34 UTC
BEL,2017-03-16,split,10.0,https://www.nseindia.com/api/corporates-corporateActions?index=equities&from_date=01-01-2017&to_date=31-12-2017,2026-09-24 14:42:34 UTC
POLYMED,2017-03-24,bonus,1.0,https://www.nseindia.com/api/corporates-corporateActions?index=equities&from_date=01-01-2017&to_date=31-12-2017,2026-09-24 14:42:34 UTC
CONCOR,2017-04-05,bonus,0.25,https://www.nseindia.com/api/corporates-corporateActions?index=equities&from_date=01-01-2017&to_date=31-12-2017,2026-09-24 14:42:34 UTC
BLS,2017-04-26,split,10.0,https://www.nseindia.com/api/corporates-corporateActions?index=equities&from_date=01-01-2017&to_date=31-12-2017,2026-09-24 14:42:34 UTC
BEARDSELL,2017-05-04,bonus,0.2,https://www.nseindia.com/api/corporates-corporateActions?index=equities&from_date=01-01-2017&to_date=31-12-2017,2026-09-24 14:42:34 UTC
ADVENZYMES,2017-05-25,split,5.0,https://www.nseindia.com/api/corporates-corporateActions?index=equities&from_date=01-01-2017&to_date=31-12-2017,2026-09-24 14:42:34 UTC
HINDCOMPOS,2017-05-25,bonus,0.5,https://www.nseindia.com/api/corporates-corporateActions?index=equities&from_date=01-01-2017&to_date=31-12-2017,2026-09-24 14:42:34 UTC
MUTHOOTCAP,2017-06-12,bonus,0.1,https://www.nseindia.com/api/corporates-corporateActions?index=equities&from_date=01-01-2017&to_date=31-12-2017,2026-09-24 14:42:34 UTC
WIPRO,2017-06-13,bonus,1.0,https://www.nseindia.com/api/corporates-corporateActions?index=equities&from_date=01-01-2017&to_date=31-12-2017,2026-09-24 14:42:34 UTC
BIOCON,2017-06-15,bonus,2.0,https://www.nseindia.com/api/corporates-corporateActions?index=equities&from_date=01-01-2017&to_date=31-12-2017,2026-09-24 14:42:34 UTC
ICICIBANK,2017-06-20,bonus,0.1,https://www.nseindia.com/api/corporates-corporateActions?index=equities&from_date=01-01-2017&to_date=31-12-2017,2026-09-24 14:42:34 UTC
ARCOTECH,2017-06-22,split,5.0,https://www.nseindia.com/api/corporates-corporateActions?index=equities&from_date=01-01-2017&to_date=31-12-2017,2026-09-24 14:42:34 UTC
GODREJCP,2017-06-22,bonus,1.0,https://www.nseindia.com/api/corporates-corporateActions?index=equities&from_date=01-01-2017&to_date=31-12-2017,2026-09-24 14:42:34 UTC
KITEX,2017-06-22,bonus,0.4,https://www.nseindia.com/api/corporates-corporateActions?index=equities&from_date=01-01-2017&to_date=31-12-2017,2026-09-24 14:42:34 UTC
PETRONET,2017-07-03,bonus,1.0,https://www.nseindia.com/api/corporates-corporateActions?index=equities&from_date=01-01-2017&to_date=31-12-2017,2026-09-24 14:42:34 UTC
PLASTIBLEN,2017-07-03,bonus,1.0,https://www.nseindia.com/api/corporates-corporateActions?index=equities&from_date=01-01-2017&to_date=31-12-2017,2026-09-24 14:42:34 UTC
SANWARIA,2017-07-03,bonus,1.0,https://www.nseindia.com/api/corporates-corporateActions?index=equities&from_date=01-01-2017&to_date=31-12-2017,2026-09-24 14:42:34 UTC
MOTHERSON,2017-07-05,bonus,0.5,https://www.nseindia.com/api/corporates-corporateActions?index=equities&from_date=01-01-2017&to_date=31-12-2017,2026-09-24 14:42:34 UTC
PCJEWELLER,2017-07-06,bonus,1.0,https://www.nseindia.com/api/corporates-corporateActions?index=equities&from_date=01-01-2017&to_date=31-12-2017,2026-09-24 14:42:34 UTC
MAANALU,2017-07-10,bonus,1.0,https://www.nseindia.com/api/corporates-corporateActions?index=equities&from_date=01-01-2017&to_date=31-12-2017,2026-09-24 14:42:34 UTC
MHRIL,2017-07-10,bonus,0.5,https://www.nseindia.com/api/corporates-corporateActions?index=equities&from_date=01-01-2017&to_date=31-12-2017,2026-09-24 14:42:34 UTC
HINDPETRO,2017-07-11,bonus,0.5,https://www.nseindia.com/api/corporates-corporateActions?index=equities&from_date=01-01-2017&to_date=31-12-2017,2026-09-24 14:42:34 UTC
MUNJALAU,2017-07-11,bonus,1.0,https://www.nseindia.com/api/corporates-corporateActions?index=equities&from_date=01-01-2017&to_date=31-12-2017,2026-09-24 14:42:34 UTC
AURUS,2017-07-12,bonus,0.4,https://www.nseindia.com/api/corporates-corporateActions?index=equities&from_date=01-01-2017&to_date=31-12-2017,2026-09-24 14:42:34 UTC
BPCL,2017-07-13,bonus,0.5,https://www.nseindia.com/api/corporates-corporateActions?index=equities&from_date=01-01-2017&to_date=31-12-2017,2026-09-24 14:42:34 UTC
CUB,2017-07-13,bonus,0.1,https://www.nseindia.com/api/corporates-corporateActions?index=equities&from_date=01-01-2017&to_date=31-12-2017,2026-09-24 14:42:34 UTC
GPTINFRA,2017-07-13,bonus,1.0,https://www.nseindia.com/api/corporates-corporateActions?index=equities&from_date=01-01-2017&to_date=31-12-2017,2026-09-24 14:42:34 UTC
LT,2017-07-13,bonus,0.5,https://www.nseindia.com/api/corporates-corporateActions?index=equities&from_date=01-01-2017&to_date=31-12-2017,2026-09-24 14:42:34 UTC
NAVINFLUOR,2017-07-19,split,5.0,https://www.nseindia.com/api/corporates-corporateActions?index=equities&from_date=01-01-2017&to_date=31-12-2017,2026-09-24 14:42:34 UTC
SUNTECK,2017-07-25,split,2.0,https://www.nseindia.com/api/corporates-corporateActions?index=equities&from_date=01-01-2017&to_date=31-12-2017,2026-09-24 14:42:34 UTC
JAYAGROGN,2017-08-01,bonus,1.0,https://www.nseindia.com/api/corporates-corporateActions?index=equities&from_date=01-01-2017&to_date=31-12-2017,2026-09-24 14:42:34 UTC
CORALFINAC,2017-08-03,split,5.0,https://www.nseindia.com/api/corporates-corporateActions?index=equities&from_date=01-01-2017&to_date=31-12-2017,2026-09-24 14:42:34 UTC
VIJIFIN,2017-08-04,bonus,0.1,https://www.nseindia.com/api/corporates-corporateActions?index=equities&from_date=01-01-2017&to_date=31-12-2017,2026-09-24 14:42:34 UTC
DWARKESH,2017-08-10,split,10.0,https://www.nseindia.com/api/corporates-corporateActions?index=equities&from_date=01-01-2017&to_date=31-12-2017,2026-09-24 14:42:34 UTC
CCAVENUE,2017-08-31,split,10.0,https://www.nseindia.com/api/corporates-corporateActions?index=equities&from_date=01-01-2017&to_date=31-12-2017,2026-09-24 14:42:34 UTC
DOLLAR,2017-08-31,split,5.0,https://www.nseindia.com/api/corporates-corporateActions?index=equities&from_date=01-01-2017&to_date=31-12-2017,2026-09-24 14:42:34 UTC
RELIANCE,2017-09-07,bonus,1.0,https://www.nseindia.com/api/corporates-corporateActions?index=equities&from_date=01-01-2017&to_date=31-12-2017,2026-09-24 14:42:34 UTC
DECCANCE,2017-09-11,split,2.0,https://www.nseindia.com/api/corporates-corporateActions?index=equities&from_date=01-01-2017&to_date=31-12-2017,2026-09-24 14:42:34 UTC
NESCO,2017-09-15,split,5.0,https://www.nseindia.com/api/corporates-corporateActions?index=equities&from_date=01-01-2017&to_date=31-12-2017,2026-09-24 14:42:34 UTC
TATAELXSI,2017-09-18,bonus,1.0,https://www.nseindia.com/api/corporates-corporateActions?index=equities&from_date=01-01-2017&to_date=31-12-2017,2026-09-24 14:42:34 UTC
YESBANK,2017-09-21,split,5.0,https://www.nseindia.com/api/corporates-corporateActions?index=equities&from_date=01-01-2017&to_date=31-12-2017,2026-09-24 14:42:34 UTC
SUTLEJTEX,2017-09-26,split,10.0,https://www.nseindia.com/api/corporates-corporateActions?index=equities&from_date=01-01-2017&to_date=31-12-2017,2026-09-24 14:42:34 UTC
MANPASAND,2017-09-27,bonus,1.0,https://www.nseindia.com/api/corporates-corporateActions?index=equities&from_date=01-01-2017&to_date=31-12-2017,2026-09-24 14:42:34 UTC
MOIL,2017-09-27,bonus,1.0,https://www.nseindia.com/api/corporates-corporateActions?index=equities&from_date=01-01-2017&to_date=31-12-2017,2026-09-24 14:42:34 UTC
BEL,2017-09-28,bonus,0.1,https://www.nseindia.com/api/corporates-corporateActions?index=equities&from_date=01-01-2017&to_date=31-12-2017,2026-09-24 14:42:34 UTC
BHARATFORG,2017-09-28,bonus,1.0,https://www.nseindia.com/api/corporates-corporateActions?index=equities&from_date=01-01-2017&to_date=31-12-2017,2026-09-24 14:42:34 UTC
BHEL,2017-09-28,bonus,0.5,https://www.nseindia.com/api/corporates-corporateActions?index=equities&from_date=01-01-2017&to_date=31-12-2017,2026-09-24 14:42:34 UTC
TARIL,2017-09-28,split,10.0,https://www.nseindia.com/api/corporates-corporateActions?index=equities&from_date=01-01-2017&to_date=31-12-2017,2026-09-24 14:42:34 UTC
PANAMAPET,2017-10-03,bonus,0.5,https://www.nseindia.com/api/corporates-corporateActions?index=equities&from_date=01-01-2017&to_date=31-12-2017,2026-09-24 14:42:34 UTC
JAMNAAUTO,2017-10-05,split,5.0,https://www.nseindia.com/api/corporates-corporateActions?index=equities&from_date=01-01-2017&to_date=31-12-2017,2026-09-24 14:42:34 UTC
HERITGFOOD,2017-10-10,split,2.0,https://www.nseindia.com/api/corporates-corporateActions?index=equities&from_date=01-01-2017&to_date=31-12-2017,2026-09-24 14:42:34 UTC
CANFINHOME,2017-10-12,split,5.0,https://www.nseindia.com/api/corporates-corporateActions?index=equities&from_date=01-01-2017&to_date=31-12-2017,2026-09-24 14:42:34 UTC
POKARNA,2017-10-18,split,5.0,https://www.nseindia.com/api/corporates-corporateActions?index=equities&from_date=01-01-2017&to_date=31-12-2017,2026-09-24 14:42:34 UTC
SIYSIL,2017-10-25,split,5.0,https://www.nseindia.com/api/corporates-corporateActions?index=equities&from_date=01-01-2017&to_date=31-12-2017,2026-09-24 14:42:34 UTC
ATLASCYCLE,2017-10-30,split,2.0,https://www.nseindia.com/api/corporates-corporateActions?index=equities&from_date=01-01-2017&to_date=31-12-2017,2026-09-24 14:42:34 UTC
INFINITE,2017-11-01,bonus,0.038461538461538464,https://www.nseindia.com/api/corporates-corporateActions?index=equities&from_date=01-01-2017&to_date=31-12-2017,2026-09-24 14:42:34 UTC
IGL,2017-11-09,split,5.0,https://www.nseindia.com/api/corporates-corporateActions?index=equities&from_date=01-01-2017&to_date=31-12-2017,2026-09-24 14:42:34 UTC
NBIFIN,2017-12-07,split,2.0,https://www.nseindia.com/api/corporates-corporateActions?index=equities&from_date=01-01-2017&to_date=31-12-2017,2026-09-24 14:42:34 UTC
BALKRISIND,2017-12-21,bonus,1.0,https://www.nseindia.com/api/corporates-corporateActions?index=equities&from_date=01-01-2017&to_date=31-12-2017,2026-09-24 14:42:34 UTC
CASTROLIND,2017-12-21,bonus,1.0,https://www.nseindia.com/api/corporates-corporateActions?index=equities&from_date=01-01-2017&to_date=31-12-2017,2026-09-24 14:42:34 UTC
M&M,2017-12-21,bonus,1.0,https://www.nseindia.com/api/corporates-corporateActions?index=equities&from_date=01-01-2017&to_date=31-12-2017,2026-09-24 14:42:34 UTC
VAKRANGEE,2017-12-21,bonus,1.0,https://www.nseindia.com/api/corporates-corporateActions?index=equities&from_date=01-01-2017&to_date=31-12-2017,2026-09-24 14:42:34 UTC
JINDWORLD,2017-12-26,split,2.0,https://www.nseindia.com/api/corporates-corporateActions?index=equities&from_date=01-01-2017&to_date=31-12-2017,2026-09-24 14:42:34 UTC
BILENERGY,2018-01-11,bonus,1.0,https://www.nseindia.com/api/corporates-corporateActions?index=equities&from_date=01-01-2018&to_date=31-12-2018,2026-09-24 14:42:34 UTC
LANDSMILL,2018-01-23,bonus,2.0,https://www.nseindia.com/api/corporates-corporateActions?index=equities&from_date=01-01-2018&to_date=31-12-2018,2026-09-24 14:42:34 UTC
IOC,2018-03-15,bonus,1.0,https://www.nseindia.com/api/corporates-corporateActions?index=equities&from_date=01-01-2018&to_date=31-12-2018,2026-09-24 14:42:34 UTC
INDNIPPON,2018-03-21,split,2.0,https://www.nseindia.com/api/corporates-corporateActions?index=equities&from_date=01-01-2018&to_date=31-12-2018,2026-09-24 14:42:34 UTC
LAOPALA,2018-03-22,bonus,1.0,https://www.nseindia.com/api/corporates-corporateActions?index=equities&from_date=01-01-2018&to_date=31-12-2018,2026-09-24 14:42:34 UTC
GAIL,2018-03-27,bonus,0.3333333333333333,https://www.nseindia.com/api/corporates-corporateActions?index=equities&from_date=01-01-2018&to_date=31-12-2018,2026-09-24 14:42:34 UTC
KELLTONTEC,2018-03-27,bonus,1.0,https://www.nseindia.com/api/corporates-corporateActions?index=equities&from_date=01-01-2018&to_date=31-12-2018,2026-09-24 14:42:34 UTC
OIL,2018-03-27,bonus,0.5,https://www.nseindia.com/api/corporates-corporateActions?index=equities&from_date=01-01-2018&to_date=31-12-2018,2026-09-24 14:42:34 UTC
MARATHON,2018-04-05,split,2.0,https://www.nseindia.com/api/corporates-corporateActions?index=equities&from_date=01-01-2018&to_date=31-12-2018,2026-09-24 14:42:34 UTC
AMRUTANJAN,2018-04-13,split,2.0,https://www.nseindia.com/api/corporates-corporateActions?index=equities&from_date=01-01-2018&to_date=31-12-2018,2026-09-24 14:42:34 UTC
PCBL,2018-04-19,split,5.0,https://www.nseindia.com/api/corporates-corporateActions?index=equities&from_date=01-01-2018&to_date=31-12-2018,2026-09-24 14:42:34 UTC
NBCC,2018-04-25,split,2.0,https://www.nseindia.com/api/corporates-corporateActions?index=equities&from_date=01-01-2018&to_date=31-12-2018,2026-09-24 14:42:34 UTC
MMTC,2018-05-03,bonus,0.5,https://www.nseindia.com/api/corporates-corporateActions?index=equities&from_date=01-01-2018&to_date=31-12-2018,2026-09-24 14:42:34 UTC
GMBREW,2018-05-21,bonus,0.25,https://www.nseindia.com/api/corporates-corporateActions?index=equities&from_date=01-01-2018&to_date=31-12-2018,2026-09-24 14:42:34 UTC
TCS,2018-05-31,bonus,1.0,https://www.nseindia.com/api/corporates-corporateActions?index=equities&from_date=01-01-2018&to_date=31-12-2018,2026-09-24 14:42:34 UTC
GRUH,2018-06-06,bonus,1.0,https://www.nseindia.com/api/corporates-corporateActions?index=equities&from_date=01-01-2018&to_date=31-12-2018,2026-09-24 14:42:34 UTC
LUMAXTECH,2018-06-07,split,5.0,https://www.nseindia.com/api/corporates-corporateActions?index=equities&from_date=01-01-2018&to_date=31-12-2018,2026-09-24 14:42:34 UTC
LGBBROSLTD,2018-06-14,bonus,1.0,https://www.nseindia.com/api/corporates-corporateActions?index=equities&from_date=01-01-2018&to_date=31-12-2018,2026-09-24 14:42:34 UTC
UNITDSPR,2018-06-15,split,5.0,https://www.nseindia.com/api/corporates-corporateActions?index=equities&from_date=01-01-2018&to_date=31-12-2018,2026-09-24 14:42:34 UTC
EPL,2018-06-20,bonus,1.0,https://www.nseindia.com/api/corporates-corporateActions?index=equities&from_date=01-01-2018&to_date=31-12-2018,2026-09-24 14:42:34 UTC
EMAMILTD,2018-06-21,bonus,1.0,https://www.nseindia.com/api/corporates-corporateActions?index=equities&from_date=01-01-2018&to_date=31-12-2018,2026-09-24 14:42:34 UTC
JUBLFOOD,2018-06-21,bonus,1.0,https://www.nseindia.com/api/corporates-corporateActions?index=equities&from_date=01-01-2018&to_date=31-12-2018,2026-09-24 14:42:34 UTC
HIKAL,2018-06-22,bonus,0.5,https://www.nseindia.com/api/corporates-corporateActions?index=equities&from_date=01-01-2018&to_date=31-12-2018,2026-09-24 14:42:34 UTC
UNIPLY,2018-06-25,split,5.0,https://www.nseindia.com/api/corporates-corporateActions?index=equities&from_date=01-01-2018&to_date=31-12-2018,2026-09-24 14:42:34 UTC
AVANTIFEED,2018-06-26,bonus,0.5,https://www.nseindia.com/api/corporates-corporateActions?index=equities&from_date=01-01-2018&to_date=31-12-2018,2026-09-24 14:42:34 UTC
CONCOR,2018-06-26,split,2.0,https://www.nseindia.com/api/corporates-corporateActions?index=equities&from_date=01-01-2018&to_date=31-12-2018,2026-09-24 14:42:34 UTC
FILATEX,2018-06-27,split,5.0,https://www.nseindia.com/api/corporates-corporateActions?index=equities&from_date=01-01-2018&to_date=31-12-2018,2026-09-24 14:42:34 UTC
NIACL,2018-06-27,bonus,1.0,https://www.nseindia.com/api/corporates-corporateActions?index=equities&from_date=01-01-2018&to_date=31-12-2018,2026-09-24 14:42:34 UTC
JYOTHYLAB,2018-06-28,bonus,1.0,https://www.nseindia.com/api/corporates-corporateActions?index=equities&from_date=01-01-2018&to_date=31-12-2018,2026-09-24 14:42:34 UTC
CUB,2018-07-10,bonus,0.1,https://www.nseindia.com/api/corporates-corporateActions?index=equities&from_date=01-01-2018&to_date=31-12-2018,2026-09-24 14:42:34 UTC
UNOMINDA,2018-07-11,bonus,2.0,https://www.nseindia.com/api/corporates-corporateActions?index=equities&from_date=01-01-2018&to_date=31-12-2018,2026-09-24 14:42:34 UTC
ASHOKA,2018-07-12,bonus,0.5,https://www.nseindia.com/api/corporates-corporateActions?index=equities&from_date=01-01-2018&to_date=31-12-2018,2026-09-24 14:42:34 UTC
GICRE,2018-07-12,bonus,1.0,https://www.nseindia.com/api/corporates-corporateActions?index=equities&from_date=01-01-2018&to_date=31-12-2018,2026-09-24 14:42:34 UTC
MMFL,2018-07-18,bonus,1.0,https://www.nseindia.com/api/corporates-corporateActions?index=equities&from_date=01-01-2018&to_date=31-12-2018,2026-09-24 14:42:34 UTC
BORORENEW,2018-08-02,bonus,3.0,https://www.nseindia.com/api/corporates-corporateActions?index=equities&from_date=01-01-2018&to_date=31-12-2018,2026-09-24 14:42:34 UTC
SUMEETINDS,2018-08-02,bonus,0.25,https://www.nseindia.com/api/corporates-corporateActions?index=equities&from_date=01-01-2018&to_date=31-12-2018,2026-09-24 14:42:34 UTC
GALLISPAT,2018-08-07,split,10.0,https://www.nseindia.com/api/corporates-corporateActions?index=equities&from_date=01-01-2018&to_date=31-12-2018,2026-09-24 14:42:34 UTC
WHEELS,2018-08-08,bonus,1.0,https://www.nseindia.com/api/corporates-corporateActions?index=equities&from_date=01-01-2018&to_date=31-12-2018,2026-09-24 14:42:34 UTC
KARURVYSYA,2018-08-14,bonus,0.1,https://www.nseindia.com/api/corporates-corporateActions?index=equities&from_date=01-01-2018&to_date=31-12-2018,2026-09-24 14:42:34 UTC
TIRUMALCHM,2018-08-14,split,10.0,https://www.nseindia.com/api/corporates-corporateActions?index=equities&from_date=01-01-2018&to_date=31-12-2018,2026-09-24 14:42:34 UTC
INFY,2018-09-04,bonus,1.0,https://www.nseindia.com/api/corporates-corporateActions?index=equities&from_date=01-01-2018&to_date=31-12-2018,2026-09-24 14:42:34 UTC
ZENSARTECH,2018-09-07,split,5.0,https://www.nseindia.com/api/corporates-corporateActions?index=equities&from_date=01-01-2018&to_date=31-12-2018,2026-09-24 14:42:34 UTC
GLAXO,2018-09-11,bonus,1.0,https://www.nseindia.com/api/corporates-corporateActions?index=equities&from_date=01-01-2018&to_date=31-12-2018,2026-09-24 14:42:34 UTC
GODREJCP,2018-09-12,bonus,0.5,https://www.nseindia.com/api/corporates-corporateActions?index=equities&from_date=01-01-2018&to_date=31-12-2018,2026-09-24 14:42:34 UTC
IGARASHI,2018-09-27,bonus,0.12376237623762376,https://www.nseindia.com/api/corporates-corporateActions?index=equities&from_date=01-01-2018&to_date=31-12-2018,2026-09-24 14:42:34 UTC
JMCPROJECT,2018-10-04,split,5.0,https://www.nseindia.com/api/corporates-corporateActions?index=equities&from_date=01-01-2018&to_date=31-12-2018,2026-09-24 14:42:34 UTC
CUPID,2018-10-11,bonus,0.2,https://www.nseindia.com/api/corporates-corporateActions?index=equities&from_date=01-01-2018&to_date=31-12-2018,2026-09-24 14:42:34 UTC
APOLSINHOT,2018-10-12,split,2.0,https://www.nseindia.com/api/corporates-corporateActions?index=equities&from_date=01-01-2018&to_date=31-12-2018,2026-09-24 14:42:34 UTC
IEX,2018-10-19,split,10.0,https://www.nseindia.com/api/corporates-corporateActions?index=equities&from_date=01-01-2018&to_date=31-12-2018,2026-09-24 14:42:34 UTC
DAMODARIND,2018-10-25,split,2.0,https://www.nseindia.com/api/corporates-corporateActions?index=equities&from_date=01-01-2018&to_date=31-12-2018,2026-09-24 14:42:34 UTC
MOTHERSON,2018-10-30,bonus,0.5,https://www.nseindia.com/api/corporates-corporateActions?index=equities&from_date=01-01-2018&to_date=31-12-2018,2026-09-24 14:42:34 UTC
JINDWORLD,2018-10-31,split,5.0,https://www.nseindia.com/api/corporates-corporateActions?index=equities&from_date=01-01-2018&to_date=31-12-2018,2026-09-24 14:42:34 UTC
DFMFOODS,2018-11-01,split,5.0,https://www.nseindia.com/api/corporates-corporateActions?index=equities&from_date=01-01-2018&to_date=31-12-2018,2026-09-24 14:42:34 UTC
SAKUMA,2018-11-12,split,10.0,https://www.nseindia.com/api/corporates-corporateActions?index=equities&from_date=01-01-2018&to_date=31-12-2018,2026-09-24 14:42:34 UTC
BRITANNIA,2018-11-29,split,2.0,https://www.nseindia.com/api/corporates-corporateActions?index=equities&from_date=01-01-2018&to_date=31-12-2018,2026-09-24 14:42:34 UTC
GUJENERGY,2019-01-15,split,5.0,https://www.nseindia.com/api/corporates-corporateActions?index=equities&from_date=01-01-2019&to_date=31-12-2019,2026-09-24 14:42:34 UTC
CONCOR,2019-02-04,bonus,0.25,https://www.nseindia.com/api/corporates-corporateActions?index=equities&from_date=01-01-2019&to_date=31-12-2019,2026-09-24 14:42:34 UTC
RADIOCITY,2019-02-20,split,5.0,https://www.nseindia.com/api/corporates-corporateActions?index=equities&from_date=01-01-2019&to_date=31-12-2019,2026-09-24 14:42:34 UTC
WIPRO,2019-03-06,bonus,0.3333333333333333,https://www.nseindia.com/api/corporates-corporateActions?index=equities&from_date=01-01-2019&to_date=31-12-2019,2026-09-24 14:42:34 UTC
NTPC,2019-03-19,bonus,0.2,https://www.nseindia.com/api/corporates-corporateActions?index=equities&from_date=01-01-2019&to_date=31-12-2019,2026-09-24 14:42:34 UTC
JMA,2019-05-14,split,5.0,https://www.nseindia.com/api/corporates-corporateActions?index=equities&from_date=01-01-2019&to_date=31-12-2019,2026-09-24 14:42:34 UTC
TTKPRESTIG,2019-05-15,bonus,0.2,https://www.nseindia.com/api/corporates-corporateActions?index=equities&from_date=01-01-2019&to_date=31-12-2019,2026-09-24 14:42:34 UTC
SYNGENE,2019-06-11,bonus,1.0,https://www.nseindia.com/api/corporates-corporateActions?index=equities&from_date=01-01-2019&to_date=31-12-2019,2026-09-24 14:42:34 UTC
BIOCON,2019-06-12,bonus,1.0,https://www.nseindia.com/api/corporates-corporateActions?index=equities&from_date=01-01-2019&to_date=31-12-2019,2026-09-24 14:42:34 UTC
CHOLAFIN,2019-06-14,split,5.0,https://www.nseindia.com/api/corporates-corporateActions?index=equities&from_date=01-01-2019&to_date=31-12-2019,2026-09-24 14:42:34 UTC
RELAXO,2019-06-26,bonus,1.0,https://www.nseindia.com/api/corporates-corporateActions?index=equities&from_date=01-01-2019&to_date=31-12-2019,2026-09-24 14:42:34 UTC
AVADHSUGAR,2019-06-27,bonus,1.0,https://www.nseindia.com/api/corporates-corporateActions?index=equities&from_date=01-01-2019&to_date=31-12-2019,2026-09-24 14:42:34 UTC
MAGADSUGAR,2019-06-27,bonus,0.4,https://www.nseindia.com/api/corporates-corporateActions?index=equities&from_date=01-01-2019&to_date=31-12-2019,2026-09-24 14:42:34 UTC
UPL,2019-07-02,bonus,0.5,https://www.nseindia.com/api/corporates-corporateActions?index=equities&from_date=01-01-2019&to_date=31-12-2019,2026-09-24 14:42:34 UTC
APCOTEXIND,2019-07-04,split,2.5,https://www.nseindia.com/api/corporates-corporateActions?index=equities&from_date=01-01-2019&to_date=31-12-2019,2026-09-24 14:42:34 UTC
GAIL,2019-07-09,bonus,1.0,https://www.nseindia.com/api/corporates-corporateActions?index=equities&from_date=01-01-2019&to_date=31-12-2019,2026-09-24 14:42:34 UTC
BHAGERIA,2019-07-17,bonus,1.0,https://www.nseindia.com/api/corporates-corporateActions?index=equities&from_date=01-01-2019&to_date=31-12-2019,2026-09-24 14:42:34 UTC
VBL,2019-07-25,bonus,0.5,https://www.nseindia.com/api/corporates-corporateActions?index=equities&from_date=01-01-2019&to_date=31-12-2019,2026-09-24 14:42:34 UTC
RITES,2019-08-08,bonus,0.25,https://www.nseindia.com/api/corporates-corporateActions?index=equities&from_date=01-01-2019&to_date=31-12-2019,2026-09-24 14:42:34 UTC
SESHAPAPER,2019-08-19,split,5.0,https://www.nseindia.com/api/corporates-corporateActions?index=equities&from_date=01-01-2019&to_date=31-12-2019,2026-09-24 14:42:34 UTC
SWELECTES,2019-08-22,bonus,0.5,https://www.nseindia.com/api/corporates-corporateActions?index=equities&from_date=01-01-2019&to_date=31-12-2019,2026-09-24 14:42:34 UTC
BRIGADE,2019-08-28,bonus,0.5,https://www.nseindia.com/api/corporates-corporateActions?index=equities&from_date=01-01-2019&to_date=31-12-2019,2026-09-24 14:42:34 UTC
ASTRAL,2019-09-16,bonus,0.25,https://www.nseindia.com/api/corporates-corporateActions?index=equities&from_date=01-01-2019&to_date=31-12-2019,2026-09-24 14:42:34 UTC
HDFCBANK,2019-09-19,split,2.0,https://www.nseindia.com/api/corporates-corporateActions?index=equities&from_date=01-01-2019&to_date=31-12-2019,2026-09-24 14:42:34 UTC
AARTIIND,2019-09-27,bonus,1.0,https://www.nseindia.com/api/corporates-corporateActions?index=equities&from_date=01-01-2019&to_date=31-12-2019,2026-09-24 14:42:34 UTC
SATIA,2019-10-15,split,10.0,https://www.nseindia.com/api/corporates-corporateActions?index=equities&from_date=01-01-2019&to_date=31-12-2019,2026-09-24 14:42:34 UTC
IMPAL,2019-10-25,bonus,0.5,https://www.nseindia.com/api/corporates-corporateActions?index=equities&from_date=01-01-2019&to_date=31-12-2019,2026-09-24 14:42:34 UTC
HCLTECH,2019-12-05,bonus,1.0,https://www.nseindia.com/api/corporates-corporateActions?index=equities&from_date=01-01-2019&to_date=31-12-2019,2026-09-24 14:42:34 UTC
TRIDENT,2019-12-13,split,10.0,https://www.nseindia.com/api/corporates-corporateActions?index=equities&from_date=01-01-2019&to_date=31-12-2019,2026-09-24 14:42:34 UTC
BALMLAWRIE,2019-12-26,bonus,0.5,https://www.nseindia.com/api/corporates-corporateActions?index=equities&from_date=01-01-2019&to_date=31-12-2019,2026-09-24 14:42:34 UTC
SIS,2020-01-15,split,2.0,https://www.nseindia.com/api/corporates-corporateActions?index=equities&from_date=01-01-2020&to_date=14-09-2020,2026-09-24 14:42:34 UTC
VINATIORGA,2020-02-05,split,2.0,https://www.nseindia.com/api/corporates-corporateActions?index=equities&from_date=01-01-2020&to_date=14-09-2020,2026-09-24 14:42:34 UTC
RADIOCITY,2020-03-12,bonus,0.25,https://www.nseindia.com/api/corporates-corporateActions?index=equities&from_date=01-01-2020&to_date=14-09-2020,2026-09-24 14:42:34 UTC
KTKBANK,2020-03-17,bonus,0.1,https://www.nseindia.com/api/corporates-corporateActions?index=equities&from_date=01-01-2020&to_date=14-09-2020,2026-09-24 14:42:34 UTC
IRCON,2020-04-03,split,5.0,https://www.nseindia.com/api/corporates-corporateActions?index=equities&from_date=01-01-2020&to_date=14-09-2020,2026-09-24 14:42:34 UTC
MOTOGENFIN,2020-06-19,split,2.0,https://www.nseindia.com/api/corporates-corporateActions?index=equities&from_date=01-01-2020&to_date=14-09-2020,2026-09-24 14:42:34 UTC
DHARAN,2020-07-02,split,5.0,https://www.nseindia.com/api/corporates-corporateActions?index=equities&from_date=01-01-2020&to_date=14-09-2020,2026-09-24 14:42:34 UTC
KUANTUM,2020-07-14,split,10.0,https://www.nseindia.com/api/corporates-corporateActions?index=equities&from_date=01-01-2020&to_date=14-09-2020,2026-09-24 14:42:34 UTC
EICHERMOT,2020-08-24,split,10.0,https://www.nseindia.com/api/corporates-corporateActions?index=equities&from_date=01-01-2020&to_date=14-09-2020,2026-09-24 14:42:34 UTC
