symbol,has_ca_event,ca_event_count
3MINDIA,False,0
AARTIDRUGS,False,0
AARTIIND,True,1
AAVAS,False,0
ABAN,False,0
ABB,False,0
ABBOTINDIA,False,0
ABCAPITAL,False,0
ABFRL,False,0
ACC,False,0
ADANIENT,False,0
ADANIGREEN,False,0
ADANIPOWER,False,0
AEGISLOG,False,0
AHLUCONT,False,0
AIAENG,False,0
ALKEM,False,0
ALKYLAMINE,False,0
ALOKINDS,False,0
AMBER,False,0
AMBUJACEM,False,0
ANANTRAJ,False,0
APARINDS,False,0
APLAPOLLO,False,0
APLLTD,False,0
APOLLOHOSP,False,0
APOLLOTYRE,False,0
ARVINDFASN,False,0
ASAHIINDIA,False,0
ASHIANA,False,0
ASHOKA,True,1
ASHOKLEY,False,0
ASIANPAINT,False,0
ASTRAMICRO,False,0
ATUL,False,0
AUBANK,False,0
AUROPHARMA,False,0
AVANTIFEED,True,1
AXISBANK,False,0
BAJAJELEC,False,0
BAJAJFINSV,False,0
BAJAJHIND,False,0
BAJAJHLDNG,False,0
BAJFINANCE,True,1
BALAJITELE,False,0
BALKRISIND,True,1
BALRAMCHIN,False,0
BANDHANBNK,False,0
BANKBARODA,False,0
BASF,False,0
BATAINDIA,False,0
BAYERCROP,False,0
BDL,False,0
BEL,True,2
BEML,False,0
BFUTILITIE,False,0
BGRENERGY,False,0
BHARATRAS,False,0
BHARTIARTL,False,0
BHEL,True,1
BIOCON,True,2
BIRLACORPN,False,0
BLISSGVS,False,0
BLUEDART,False,0
BLUESTARCO,False,0
BOSCHLTD,False,0
BPCL,True,2
BRIGADE,True,1
BRITANNIA,True,1
BSE,False,0
BSOFT,False,0
CAMLINFINE,False,0
CANBK,False,0
CANFINHOME,True,1
CAPLIPOINT,False,0
CARBORUNIV,False,0
CARERATING,False,0
CASTROLIND,True,1
CDSL,False,0
CEATLTD,False,0
CENTENKA,False,0
CENTRALBK,False,0
CENTURYPLY,False,0
CERA,False,0
CESC,False,0
CGCL,False,0
CGPOWER,False,0
CHALET,False,0
CHENNPETRO,False,0
CHOLAFIN,True,1
CIPLA,False,0
COCHINSHIP,False,0
COFFEEDAY,False,0
COLPAL,False,0
CONCOR,True,3
COROMANDEL,False,0
CREDITACC,False,0
CRISIL,False,0
CROMPTON,False,0
CSBBANK,False,0
CUB,True,2
CUMMINSIND,False,0
CYIENT,False,0
DABUR,False,0
DBCORP,False,0
DBL,False,0
DCAL,False,0
DCBBANK,False,0
DCMSHRIRAM,False,0
DEEPAKNTR,False,0
DELTACORP,False,0
DEN,False,0
DHANBANK,False,0
DHANUKA,False,0
DISHTV,False,0
DIVISLAB,False,0
DIXON,False,0
DLF,False,0
DMART,False,0
DREDGECORP,False,0
DRREDDY,False,0
DYNAMATECH,False,0
ECLERX,False,0
EDELWEISS,False,0
ELGIEQUIP,False,0
EMAMILTD,True,1
ENDURANCE,False,0
ENGINERSIN,True,1
ENIL,False,0
ERIS,False,0
ESABINDIA,False,0
FDC,False,0
FINCABLES,False,0
FINEORG,False,0
FLFL,False,0
FMGOETZE,False,0
FORTIS,False,0
FSL,False,0
GABRIEL,False,0
GAIL,True,3
GALAXYSURF,False,0
GARFIBRES,False,0
GAYAPROJ,True,1
GICHSGFIN,False,0
GICRE,True,1
GIPCL,False,0
GLENMARK,False,0
GMDCLTD,False,0
GMMPFAUDLR,False,0
GNFC,False,0
GODFRYPHLP,False,0
GODREJAGRO,False,0
GODREJCP,True,2
GODREJIND,False,0
GODREJPROP,False,0
GPPL,False,0
GRANULES,False,0
GRASIM,True,1
GREENPLY,True,1
GRINDWELL,True,1
GRSE,False,0
GSFC,False,0
GTLINFRA,False,0
GUJALKALI,False,0
GULFOILLUB,False,0
GVPIL,False,0
HAL,False,0
HATHWAY,False,0
HATSUN,True,1
HAVELLS,False,0
HCL-INSYS,False,0
HCLTECH,True,1
HDFCAMC,False,0
HDFCBANK,True,1
HDFCLIFE,False,0
HDIL,False,0
HEIDELBERG,False,0
HERITGFOOD,True,1
HIMATSEIDE,False,0
HINDALCO,False,0
HINDCOPPER,False,0
HINDUNILVR,False,0
HSCL,False,0
HTMEDIA,False,0
HUDCO,False,0
ICICIBANK,True,1
ICICIGI,False,0
ICICIPRULI,False,0
ICIL,False,0
ICRA,False,0
IDBI,False,0
IDEA,False,0
IDFCFIRSTB,False,0
IEX,True,1
IFBIND,False,0
IFCI,False,0
IGARASHI,True,1
IGL,True,1
IIFL,False,0
IL&FSENGG,False,0
IL&FSTRANS,False,0
INDIAMART,False,0
INDIANB,False,0
INDIGO,False,0
INDOCO,False,0
INDOSTAR,False,0
INDUSINDBK,False,0
INFY,True,1
INOXWIND,False,0
INTELLECT,False,0
IOB,False,0
IOC,True,2
IPCALAB,False,0
IRB,False,0
IRCON,True,1
IRCTC,False,0
ITC,True,1
ITDC,False,0
ITI,False,0
JAGRAN,False,0
JAMNAAUTO,True,1
JINDALPOLY,False,0
JKIL,False,0
JKPAPER,False,0
JKTYRE,False,0
JMFINANCIL,False,0
JPPOWER,False,0
JSL,False,0
JSWENERGY,False,0
JSWHL,False,0
JTEKTINDIA,False,0
JUBLFOOD,True,1
JYOTISTRUC,False,0
KARURVYSYA,True,1
KCP,False,0
KEC,False,0
KEI,False,0
KESORAMIND,False,0
KIOCL,False,0
KITEX,True,1
KKCL,False,0
KNRCON,False,0
KOTAKBANK,False,0
KRBL,False,0
KSB,False,0
KSCL,False,0
LALPATHLAB,False,0
LAOPALA,True,1
LAURUSLABS,False,0
LEMONTREE,False,0
LICHSGFIN,False,0
LT,True,1
LTTS,False,0
LUPIN,False,0
LUXIND,True,1
M&M,True,1
M&MFIN,False,0
MAHABANK,False,0
MAHLIFE,False,0
MAHLOG,False,0
MAHSCOOTER,False,0
MARICO,False,0
MARKSANS,False,0
MARUTI,False,0
MASFIN,False,0
MAYURUNIQ,False,0
MCLEODRUSS,False,0
MCX,False,0
METROPOLIS,False,0
MFSL,False,0
MGL,False,0
MIDHANI,False,0
MINDACORP,False,0
MOIL,True,1
MOTILALOFS,False,0
MRF,False,0
MTEDUCARE,False,0
MUTHOOTFIN,False,0
NAM-INDIA,False,0
NATCOPHARM,False,0
NATIONALUM,False,0
NAUKRI,False,0
NAVINFLUOR,True,1
NAVKARCORP,False,0
NAVNETEDUL,False,0
NBCC,True,3
NCC,False,0
NESCO,True,1
NESTLEIND,False,0
NETWORK18,False,0
NFL,False,0
NH,False,0
NHPC,False,0
NIACL,True,1
NILKAMAL,False,0
NLCINDIA,False,0
NMDC,False,0
NOCIL,False,0
NOIDATOLL,False,0
NTPC,True,1
OBEROIRLTY,False,0
OFSS,False,0
OIL,True,2
OMAXE,False,0
ONGC,True,1
ORIENTELEC,False,0
PAGEIND,False,0
PARAGMILK,False,0
PATELENG,False,0
PCJEWELLER,True,1
PENIND,False,0
PENINLAND,False,0
PERSISTENT,False,0
PETRONET,True,1
PFC,True,1
PGHL,False,0
PIDILITIND,False,0
PIIND,False,0
PNB,False,0
PNBHOUSING,False,0
PNCINFRA,True,1
POLYCAB,False,0
POLYMED,True,1
POWERGRID,False,0
PRAJIND,False,0
PRAKASH,False,0
PRESTIGE,False,0
PSB,False,0
PTC,False,0
QUESS,False,0
RADICO,False,0
RADIOCITY,True,2
RAIN,False,0
RAJESHEXPO,False,0
RALLIS,False,0
RAMCOCEM,False,0
RAMCOSYS,False,0
RATNAMANI,False,0
RAYMOND,False,0
RBLBANK,False,0
RCF,False,0
RCOM,False,0
RECLTD,True,1
RELAXO,True,1
RELIANCE,True,1
RELIGARE,False,0
RELINFRA,False,0
RENUKA,False,0
REPCOHOME,False,0
RESPONIND,False,0
RHFL,False,0
RIIL,False,0
RITES,True,1
RKFORGE,False,0
RPOWER,False,0
RTNPOWER,False,0
RUPA,False,0
RVNL,False,0
SADBHIN,False,0
SAREGAMA,False,0
SBICARD,False,0
SBILIFE,False,0
SBIN,False,0
SCHAEFFLER,False,0
SCHNEIDER,False,0
SCI,False,0
SFL,False,0
SHANKARA,False,0
SHANTIGEAR,False,0
SHARDACROP,False,0
SHILPAMED,False,0
SHK,False,0
SHOPERSTOP,False,0
SHREECEM,False,0
SIEMENS,False,0
SIMPLEXINF,False,0
SITINET,False,0
SJVN,False,0
SNOWMAN,False,0
SOBHA,False,0
SOLARINDS,False,0
SOMANYCERA,False,0
SONATSOFTW,False,0
SPANDANA,False,0
SPARC,False,0
STAR,False,0
STARCEMENT,False,0
STLTECH,False,0
SUDARSCHEM,False,0
SUMICHEM,False,0
SUNDARMFIN,False,0
SUNPHARMA,False,0
SUNTECK,True,1
SUNTV,False,0
SUPRAJIT,False,0
SUPREMEINF,False,0
SUVEN,False,0
SUZLON,False,0
SWARAJENG,False,0
SYMPHONY,True,1
SYNGENE,True,1
TASTYBITE,False,0
TATACOMM,False,0
TATACONSUM,False,0
TATAINVEST,False,0
TATAPOWER,False,0
TBZ,False,0
TCI,False,0
TCIEXP,False,0
TCS,True,1
TDPOWERSYS,False,0
TEAMLEASE,False,0
TECHM,False,0
TECHNOE,False,0
THERMAX,False,0
THYROCARE,False,0
TIMETECHNO,False,0
TIMKEN,False,0
TITAN,False,0
TNPL,False,0
TORNTPOWER,False,0
TREEHOUSE,False,0
TRIDENT,True,1
TRITURBINE,False,0
TTKPRESTIG,True,1
TTML,False,0
TVSSRICHAK,False,0
TVTODAY,False,0
UBL,False,0
UCOBANK,False,0
UFLEX,False,0
UFO,False,0
UJJIVANSFB,False,0
ULTRACEMCO,False,0
UNIONBANK,False,0
UNITDSPR,True,1
UPL,True,1
VAIBHAVGBL,False,0
VAKRANGEE,True,1
VARROC,False,0
VBL,True,1
VEDL,False,0
VGUARD,True,2
VINATIORGA,True,1
VIVIDHA,True,1
VMART,False,0
VOLTAS,False,0
VRLLOG,False,0
WABAG,False,0
WHEELS,True,1
WIPRO,True,2
WONDERLA,False,0
YESBANK,True,1
ZEELEARN,False,0
ZEEMEDIA,False,0
ZYDUSWELL,False,0
