anomaly_id,scrip_name,action,excel_row,effective_date,predecessor_scrip_name,predecessor_in_date,predecessor_excel_row,rename_effective_date,symbol,isin,exchange_circular_evidence,reconciliation_type,resolution_summary
ORPHAN_OUT_01,RattanIndia Power Ltd.,OUT,1817,2015-09-28,Indiabulls Power Ltd.,2011-10-10,1512,2014-10-30,RTNPOWER,INE399K01017,RoC Certificate of Incorporation dated 2014-10-30; NSE circular effective 2014-11-03 for name change from Indiabulls Power Ltd. to RattanIndia Power Ltd.,rename_link,Link predecessor Indiabulls Power Ltd. to RattanIndia Power Ltd. on rename date 2014-10-30; resolves orphan OUT on 2015-09-28.
ORPHAN_OUT_02,Indiabulls Ventures Ltd.,OUT,1871,2016-04-01,Indiabulls Securities Ltd.,2009-08-14,1376,2015-03-20,IBVENTURES,INE274G01010,RoC Certificate dated 2015-03-12; NSE circular Ref No: 0267/2015 effective 2015-03-20 for name change from Indiabulls Securities Ltd. to Indiabulls Ventures Ltd. (symbol changed to IBVENTURES).,rename_link,Link predecessor Indiabulls Securities Ltd. to Indiabulls Ventures Ltd. on rename date 2015-03-20; resolves orphan OUT on 2016-04-01.
ORPHAN_OUT_03,Castex Technologies Ltd.,OUT,2008,2016-09-30,Amtek India Ltd.,2007-04-04,1232,2015-05-15,CASTEXTECH,INE068D01021,RoC Certificate dated 2015-05-04; NSE circular Ref No: 0463/2015 effective 2015-05-15 for name change from Amtek India Ltd. to Castex Technologies Ltd. (symbol AMTEKINDIA -> CASTEXTECH).,rename_link,Link predecessor Amtek India Ltd. to Castex Technologies Ltd. on rename date 2015-05-15; resolves orphan OUT on 2016-09-30.
ORPHAN_OUT_04,INEOS Styrolution India Ltd.,OUT,2023,2016-09-30,Styrolution ABS (India) Ltd.,2016-04-01,1981,2016-01-28,INEOSSTYRO,INE189B01011,RoC Certificate dated 2016-01-18; NSE circular Ref No: 0072/2016 effective 2016-01-28 for name change from Styrolution ABS (India) Ltd. to INEOS Styrolution India Ltd. (symbol STYROLUTN -> INEOSSTYRO).,rename_link,Link predecessor Styrolution ABS (India) Ltd. to INEOS Styrolution India Ltd. on 2016-01-28; resolves orphan OUT on 2016-09-30.
ORPHAN_OUT_05,Siti Networks Ltd.,OUT,2087,2017-03-31,Siti Cable Network Ltd.,2015-09-28,1830,2016-09-16,SITINET,INE264J01014,RoC Certificate dated 2016-08-25; NSE circular Ref No: 0751/2016 effective 2016-09-16 for name change from Siti Cable Network Ltd. to Siti Networks Ltd. (symbol SITICABLE -> SITINET).,rename_link,Link predecessor Siti Cable Network Ltd. to Siti Networks Ltd. on 2016-09-16; resolves orphan OUT on 2017-03-31.
ORPHAN_OUT_06,IIFL Holdings Ltd.,OUT,2117,2017-06-23,India Infoline Ltd.,2007-12-26,1270,2014-05-23,IIFL,INE530B01024,RoC Certificate dated 2014-05-14; NSE circular Ref No: 0432/2014 effective 2014-05-23 for name change from India Infoline Ltd. to IIFL Holdings Ltd. (symbol INDIAINFO -> IIFL).,rename_link,Link predecessor India Infoline Ltd. to IIFL Holdings Ltd. on 2014-05-23; resolves orphan OUT on 2017-06-23.
ORPHAN_OUT_07,Reliance Capital Ltd.,OUT,2136,2017-09-05,Reliance Capital Ltd. (Row 2119),1998-08-01,382,N/A,RELCAPITAL,INE013A01015,IISL/NSE circular effective 2017-09-05 replacement of Reliance Capital by Max Financial Services. Correctly recorded at Row 2119 and 2120; redundantly duplicated inside 2017-09-29 rebalance block at Row 2136.,date_quarantine_resolution,Quarantined duplicate exclusion record embedded in 2017-09-29 block. Preceding exclusion on 2017-09-05 (Row 2119) already excluded stock. Mark Row 2136 as REMOVE.
ORPHAN_OUT_08,Strides Shasun Ltd.,OUT,2182,2018-02-05,Strides Arcolab Ltd.,2004-12-10,1087,2015-11-19,STAR,INE939A01011,RoC Certificate dated 2015-11-18 following merger with Shasun Pharmaceuticals; NSE circular Ref No: 0984/2015 effective 2015-11-19 (symbol STAR retained).,rename_link,Link predecessor Strides Arcolab Ltd. to Strides Shasun Ltd. on 2015-11-19; resolves orphan OUT on 2018-02-05.
ORPHAN_OUT_09,Arvind Ltd.,OUT,2237,2018-06-29,Arvind Ltd,2015-12-14,1840,2015-12-14,ARVIND,INE034A01011,Punctuation/normalization discrepancy in IndexInclExcl.xls. Included on 2015-12-14 without dot ('Arvind Ltd') and excluded on 2018-06-29 with dot ('Arvind Ltd.').,rename_link,Normalize and link 'Arvind Ltd' to 'Arvind Ltd.' on 2015-12-14; resolves orphan OUT on 2018-06-29.
ORPHAN_OUT_10,Bajaj Hindusthan Sugar Ltd.,OUT,2249,2018-09-28,Bajaj Hindusthan Ltd.,2003-09-29,1008,2015-02-04,BAJAJHIND,INE306A01021,RoC Certificate dated 2015-01-30; NSE circular Ref No: 0087/2015 effective 2015-02-04 for name change from Bajaj Hindusthan Ltd. to Bajaj Hindusthan Sugar Ltd. (symbol BAJAJHIND retained).,rename_link,Link predecessor Bajaj Hindusthan Ltd. to Bajaj Hindusthan Sugar Ltd. on 2015-02-04; resolves orphan OUT on 2018-09-28.
ORPHAN_OUT_11,Bharat Financial Inclusion Ltd.,OUT,2299,2018-12-28,SKS Microfinance Ltd.,2011-10-10,1525,2016-06-13,BHARATFIN,INE180K01011,RoC Certificate dated 2016-06-10; NSE circular Ref No: 0495/2016 effective 2016-06-13 for name change from SKS Microfinance Ltd. to Bharat Financial Inclusion Ltd. (symbol SKSMICRO -> BHARATFIN).,rename_link,Link predecessor SKS Microfinance Ltd. to Bharat Financial Inclusion Ltd. on 2016-06-13; resolves orphan OUT on 2018-12-28.
ORPHAN_OUT_12,Johnson Controls - Hitachi Air Conditioning India Ltd.,OUT,2327,2019-03-29,Hitachi Home & Life Solutions (India) Ltd.,2016-04-01,1944,2016-08-18,JCHAC,INE782A01015,RoC Certificate dated 2016-08-10; NSE circular Ref No: 0687/2016 effective 2016-08-18 for name change from Hitachi Home & Life Solutions (India) Ltd. to Johnson Controls - Hitachi Air Conditioning India Ltd. (symbol HITACHIHM -> JCHAC).,rename_link,Link predecessor Hitachi Home & Life Solutions (India) Ltd. to Johnson Controls - Hitachi Air Conditioning India Ltd. on 2016-08-18; resolves orphan OUT on 2019-03-29.
ORPHAN_OUT_13,Reliance Naval and Engineering Ltd.,OUT,2332,2019-03-29,Pipavav Defence and Offshore Engineering Company Ltd.,2011-03-25,1471,2017-09-06,RNAVAL,INE542F01012,RoC Certificate dated 2017-09-06; NSE circular Ref No: 0741/2017 effective 2017-09-06 for name change from Pipavav Defence and Offshore Engineering Company Ltd. to Reliance Naval and Engineering Ltd. (symbol PIPAVAV -> RNAVAL).,rename_link,Link predecessor Pipavav Defence and Offshore Engineering Company Ltd. to Reliance Naval and Engineering Ltd. on 2017-09-06; resolves orphan OUT on 2019-03-29.
ORPHAN_OUT_14,CG Power and Industrial Solutions Ltd.,OUT,2416,2019-12-26,Crompton Greaves Ltd.,2016-09-30,2011,2017-02-27,CGPOWER,INE067A01029,RoC Certificate dated 2017-02-27 following demerger of consumer business; NSE circular Ref No: 0162/2017 effective 2017-02-27 (symbol CROMGRP -> CGPOWER).,rename_link,Link predecessor Crompton Greaves Ltd. to CG Power and Industrial Solutions Ltd. on 2017-02-27; resolves orphan OUT on 2019-12-26.
ORPHAN_OUT_15,Vedanta Ltd.,OUT,2493,2020-07-31,Sesa Sterlite Ltd.,1998-08-01,403,2015-04-28,VEDL,INE205A01025,RoC Certificate dated 2015-04-21; NSE circular Ref No: 0368/2015 effective 2015-04-28 for name change from Sesa Sterlite Ltd. to Vedanta Ltd. (symbol SSLT -> VEDL).,rename_link,Link predecessor Sesa Sterlite Ltd. to Vedanta Ltd. on 2015-04-28; resolves orphan OUT on 2020-07-31.
DUPLICATE_IN_01,Max Financial Services Ltd.,IN,2162,2017-09-05,Max Financial Services Ltd. (Row 2120),2017-09-05,2120,N/A,MFSL,INE180A01020,IISL/NSE circular effective 2017-09-05 inclusion of Max Financial Services replacing Reliance Capital. Correctly recorded at Row 2120; redundantly duplicated inside 2017-09-29 rebalance block at Row 2162.,date_quarantine_resolution,Quarantined duplicate inclusion record embedded in 2017-09-29 block. Preceding inclusion on 2017-09-05 (Row 2120) already included stock into active universe. Mark Row 2162 as REMOVE.
