peak_date,trough_date,recovery_date,peak_value,trough_value,drawdown_depth_pct,days_to_trough,recovery_from_trough_days,recovery_from_trough_years,total_underwater_days,total_underwater_months,total_underwater_years,status
2018-01-11,2019-10-27,2021-06-02,22239515.95,12026633.48,-45.92,654,584,1.6,1238,40.7,3.39,RECOVERED
2025-01-02,2025-04-07,ONGOING (2026-08-31),94922559.14,61179400.7,-35.55,95,511,1.4,606,19.9,1.66,ONGOING
2016-08-08,2016-08-12,2016-08-19,12383526.18,8573037.83,-30.77,4,7,0.02,11,0.4,0.03,RECOVERED
2022-01-17,2022-06-20,2023-06-05,33045379.0,24676498.51,-25.33,154,350,0.96,504,16.6,1.38,RECOVERED
2016-09-07,2016-11-21,2017-03-29,12536535.81,10279265.02,-18.01,75,128,0.35,203,6.7,0.56,RECOVERED
2024-02-07,2024-03-13,2024-04-19,67292280.63,56432015.88,-16.14,35,37,0.1,72,2.4,0.2,RECOVERED
2024-06-03,2024-06-04,2024-06-13,80347719.45,70898209.21,-11.76,1,9,0.02,10,0.3,0.03,RECOVERED
2024-07-30,2024-10-07,2024-12-16,91373385.09,80956529.41,-11.4,69,70,0.19,139,4.6,0.38,RECOVERED
2017-05-16,2017-05-24,2017-07-17,14160557.57,12864574.64,-9.15,8,54,0.15,62,2.0,0.17,RECOVERED
2016-01-29,2016-02-11,2016-04-18,10000000.0,9109082.11,-8.91,13,67,0.18,80,2.6,0.22,RECOVERED
2024-05-02,2024-05-13,2024-05-21,73955969.08,68298089.2,-7.65,11,8,0.02,19,0.6,0.05,RECOVERED
2021-06-11,2021-08-23,2021-09-08,23895794.56,22107939.41,-7.48,73,16,0.04,89,2.9,0.24,RECOVERED
2021-10-18,2021-10-25,2021-11-09,27443158.64,25477228.09,-7.16,7,15,0.04,22,0.7,0.06,RECOVERED
2017-09-19,2017-09-27,2017-10-05,16589881.01,15479216.35,-6.69,8,8,0.02,16,0.5,0.04,RECOVERED
2017-08-07,2017-08-10,2017-08-30,14476189.41,13528786.42,-6.54,3,20,0.05,23,0.8,0.06,RECOVERED
2021-11-25,2021-11-29,2021-12-09,28963256.92,27192106.78,-6.12,4,10,0.03,14,0.5,0.04,RECOVERED
2023-09-11,2023-09-12,2023-11-07,52601058.48,49395513.47,-6.09,1,56,0.15,57,1.9,0.16,RECOVERED
2021-12-14,2021-12-20,2021-12-28,29855680.81,28042245.07,-6.07,6,8,0.02,14,0.5,0.04,RECOVERED
2024-07-15,2024-07-23,2024-07-30,90797412.25,85347765.59,-6.0,8,7,0.02,15,0.5,0.04,RECOVERED
2023-12-15,2023-12-20,2023-12-28,57659134.74,55022149.6,-4.57,5,8,0.02,13,0.4,0.04,RECOVERED
2021-11-17,2021-11-22,2021-11-25,28330739.14,27230330.01,-3.88,5,3,0.01,8,0.3,0.02,RECOVERED
2017-11-10,2017-11-16,2017-11-27,19330089.8,18609162.45,-3.73,6,11,0.03,17,0.6,0.05,RECOVERED
2016-04-20,2016-05-04,2016-05-18,10138923.35,9762092.3,-3.72,14,14,0.04,28,0.9,0.08,RECOVERED
2017-12-26,2018-01-01,2018-01-03,20903792.56,20141023.19,-3.65,6,2,0.01,8,0.3,0.02,RECOVERED
2024-01-19,2024-01-23,2024-01-25,63369400.57,61112802.83,-3.56,4,2,0.01,6,0.2,0.02,RECOVERED
2016-08-01,2016-08-03,2016-08-08,12311270.98,11896953.66,-3.37,2,5,0.01,7,0.2,0.02,RECOVERED
2017-11-30,2017-12-06,2017-12-08,19551709.01,18893271.34,-3.37,6,2,0.01,8,0.3,0.02,RECOVERED
2017-04-05,2017-04-18,2017-04-24,13172899.29,12770724.61,-3.05,13,6,0.02,19,0.6,0.05,RECOVERED
2023-07-27,2023-08-02,2023-08-07,43203276.58,41903022.11,-3.01,6,5,0.01,11,0.4,0.03,RECOVERED
2016-06-08,2016-06-24,2016-06-29,10643560.3,10331892.05,-2.93,16,5,0.01,21,0.7,0.06,RECOVERED
2023-06-20,2023-06-23,2023-06-27,36398189.16,35374663.37,-2.81,3,4,0.01,7,0.2,0.02,RECOVERED
2024-12-17,2024-12-26,2025-01-01,94134363.18,91541379.86,-2.75,9,6,0.02,15,0.5,0.04,RECOVERED
2024-05-27,2024-05-30,2024-06-03,77514313.47,75507746.06,-2.59,3,4,0.01,7,0.2,0.02,RECOVERED
2021-09-15,2021-09-20,2021-09-23,24863178.35,24244237.17,-2.49,5,3,0.01,8,0.3,0.02,RECOVERED
2016-05-18,2016-05-20,2016-05-26,10165917.33,9919527.33,-2.42,2,6,0.02,8,0.3,0.02,RECOVERED
2016-08-19,2016-08-26,2016-08-30,12445862.09,12197231.81,-2.0,7,4,0.01,11,0.4,0.03,RECOVERED
2023-11-21,2023-11-22,2023-12-04,56504606.61,55400858.57,-1.95,1,12,0.03,13,0.4,0.04,RECOVERED
2017-12-08,2017-12-14,2017-12-15,19672808.49,19339281.55,-1.7,6,1,0.0,7,0.2,0.02,RECOVERED
2023-12-04,2023-12-08,2023-12-13,56665699.46,55708841.93,-1.69,4,5,0.01,9,0.3,0.02,RECOVERED
2017-11-06,2017-11-08,2017-11-09,19126250.27,18813935.15,-1.63,2,1,0.0,3,0.1,0.01,RECOVERED
2017-10-23,2017-10-25,2017-10-30,18274620.54,17977682.34,-1.62,2,5,0.01,7,0.2,0.02,RECOVERED
2024-01-31,2024-02-05,2024-02-07,66677031.3,65596837.99,-1.62,5,2,0.01,7,0.2,0.02,RECOVERED
2017-05-04,2017-05-05,2017-05-10,13742582.82,13522183.37,-1.6,1,5,0.01,6,0.2,0.02,RECOVERED
2021-06-08,2021-06-09,2021-06-11,23676364.72,23305772.58,-1.57,1,2,0.01,3,0.1,0.01,RECOVERED
2024-07-08,2024-07-10,2024-07-11,90342449.54,88936311.56,-1.56,2,1,0.0,3,0.1,0.01,RECOVERED
2016-08-31,2016-09-02,2016-09-07,12510899.57,12318135.26,-1.54,2,5,0.01,7,0.2,0.02,RECOVERED
2024-06-18,2024-06-19,2024-07-01,82867500.56,81595851.52,-1.53,1,12,0.03,13,0.4,0.04,RECOVERED
2016-07-12,2016-07-19,2016-07-25,11376506.45,11218029.02,-1.39,7,6,0.02,13,0.4,0.04,RECOVERED
2017-04-25,2017-04-27,2017-05-02,13490470.33,13307543.36,-1.36,2,5,0.01,7,0.2,0.02,RECOVERED
2017-07-25,2017-08-01,2017-08-07,14403335.31,14210983.23,-1.34,7,6,0.02,13,0.4,0.04,RECOVERED
2017-07-17,2017-07-18,2017-07-24,14164400.7,13994599.94,-1.2,1,6,0.02,7,0.2,0.02,RECOVERED
2017-11-28,2017-11-29,2017-11-30,19496985.73,19271613.8,-1.16,1,1,0.0,2,0.1,0.01,RECOVERED
2023-08-17,2023-08-18,2023-08-21,46648401.68,46113909.26,-1.15,1,3,0.01,4,0.1,0.01,RECOVERED
2017-10-10,2017-10-11,2017-10-12,17291727.28,17095161.14,-1.14,1,1,0.0,2,0.1,0.01,RECOVERED
2016-07-04,2016-07-08,2016-07-11,11232807.86,11109244.9,-1.1,4,3,0.01,7,0.2,0.02,RECOVERED
2021-09-24,2021-09-27,2021-09-30,25218426.55,25026518.29,-0.76,3,3,0.01,6,0.2,0.02,RECOVERED
2021-10-05,2021-10-06,2021-10-07,26265049.23,26077656.67,-0.71,1,1,0.0,2,0.1,0.01,RECOVERED
2017-09-01,2017-09-04,2017-09-05,15091851.91,14995427.25,-0.64,3,1,0.0,4,0.1,0.01,RECOVERED
2017-05-11,2017-05-12,2017-05-15,13986693.72,13898349.37,-0.63,1,3,0.01,4,0.1,0.01,RECOVERED
2021-10-11,2021-10-12,2021-10-13,27108607.23,26938321.84,-0.63,1,1,0.0,2,0.1,0.01,RECOVERED
2022-01-11,2022-01-12,2022-01-13,32373427.82,32173625.77,-0.62,1,1,0.0,2,0.1,0.01,RECOVERED
2023-08-28,2023-08-29,2023-08-31,48740831.57,48453562.3,-0.59,1,2,0.01,3,0.1,0.01,RECOVERED
2018-01-08,2018-01-09,2018-01-10,22161888.32,22042131.62,-0.54,1,1,0.0,2,0.1,0.01,RECOVERED
2023-09-05,2023-09-07,2023-09-08,50967156.22,50692331.94,-0.54,2,1,0.0,3,0.1,0.01,RECOVERED
2023-06-07,2023-06-08,2023-06-09,34157894.28,33981571.6,-0.52,1,1,0.0,2,0.1,0.01,RECOVERED
2017-09-12,2017-09-13,2017-09-14,15702149.08,15621293.8,-0.51,1,1,0.0,2,0.1,0.01,RECOVERED
2024-01-16,2024-01-18,2024-01-19,61899945.75,61602653.03,-0.48,2,1,0.0,3,0.1,0.01,RECOVERED
2016-05-31,2016-06-01,2016-06-02,10332484.02,10284574.86,-0.46,1,1,0.0,2,0.1,0.01,RECOVERED
2023-07-06,2023-07-10,2023-07-11,38428950.72,38254973.65,-0.45,4,1,0.0,5,0.2,0.01,RECOVERED
2021-11-12,2021-11-15,2021-11-17,28321912.19,28196810.77,-0.44,3,2,0.01,5,0.2,0.01,RECOVERED
2016-06-03,2016-06-06,2016-06-07,10477130.04,10439356.68,-0.36,3,1,0.0,4,0.1,0.01,RECOVERED
2017-09-07,2017-09-08,2017-09-11,15494798.07,15443923.19,-0.33,1,3,0.01,4,0.1,0.01,RECOVERED
2021-12-29,2021-12-30,2021-12-31,30212758.91,30130805.76,-0.27,1,1,0.0,2,0.1,0.01,RECOVERED
2024-04-25,2024-04-26,2024-04-29,72439934.14,72277259.45,-0.22,1,3,0.01,4,0.1,0.01,RECOVERED
2023-11-15,2023-11-16,2023-11-17,55101496.01,54992022.22,-0.2,1,1,0.0,2,0.1,0.01,RECOVERED
2023-07-03,2023-07-04,2023-07-05,37866845.13,37829241.43,-0.1,1,1,0.0,2,0.1,0.01,RECOVERED
2024-01-11,2024-01-12,2024-01-15,61176008.64,61126900.22,-0.08,1,3,0.01,4,0.1,0.01,RECOVERED
2023-07-17,2023-07-18,2023-07-19,40760128.36,40735924.34,-0.06,1,1,0.0,2,0.1,0.01,RECOVERED
2023-08-10,2023-08-11,2023-08-14,44547014.77,44536787.05,-0.02,1,3,0.01,4,0.1,0.01,RECOVERED
2017-10-13,2017-10-16,2017-10-17,17508000.65,17506705.78,-0.01,3,1,0.0,4,0.1,0.01,RECOVERED
2023-06-27,2023-06-28,2023-06-30,36980318.6,36976536.57,-0.01,1,2,0.01,3,0.1,0.01,RECOVERED
