combination_id,r2_factor,retracement_pct,ema_trend_days,lookback_days,portfolio_size,exit_rank_buffer,strategy_cagr_pct,benchmark_cagr_pct,excess_cagr_pp,max_drawdown_pct,sharpe_ratio,trades_count,beat_threshold,rule_r3_residual
1,0.85,15.0,150,126,15,30,21.82,11.14,10.68,37.43,0.91,607,PASS,1.4901161193847656e-08
2,0.85,15.0,150,126,20,40,22.49,11.14,11.35,36.55,0.88,768,PASS,0.0
3,0.85,15.0,150,189,15,30,24.49,11.14,13.35,39.6,0.91,535,PASS,0.0
4,0.85,15.0,150,189,20,40,23.92,11.14,12.78,35.01,0.92,676,PASS,1.4901161193847656e-08
5,0.85,15.0,150,252,15,30,22.16,11.14,11.02,39.13,0.84,509,PASS,-1.4901161193847656e-08
6,0.85,15.0,150,252,20,40,22.62,11.14,11.48,44.6,0.83,641,PASS,2.9802322387695312e-08
7,0.85,15.0,200,126,15,30,21.91,11.14,10.77,36.95,0.91,605,PASS,2.9802322387695312e-08
8,0.85,15.0,200,126,20,40,22.5,11.14,11.36,36.46,0.88,767,PASS,-1.4901161193847656e-08
9,0.85,15.0,200,189,15,30,24.54,11.14,13.4,39.38,0.91,534,PASS,-2.9802322387695312e-08
10,0.85,15.0,200,189,20,40,23.92,11.14,12.78,35.01,0.92,673,PASS,0.0
11,0.85,15.0,200,252,15,30,22.04,11.14,10.9,39.69,0.84,510,PASS,1.4901161193847656e-08
12,0.85,15.0,200,252,20,40,23.17,11.14,12.03,42.27,0.84,637,PASS,2.9802322387695312e-08
13,0.85,15.0,250,126,15,30,21.6,11.14,10.46,36.94,0.9,604,PASS,-1.4901161193847656e-08
14,0.85,15.0,250,126,20,40,22.28,11.14,11.14,36.47,0.87,766,PASS,2.9802322387695312e-08
15,0.85,15.0,250,189,15,30,24.42,11.14,13.28,40.11,0.91,533,PASS,1.4901161193847656e-08
16,0.85,15.0,250,189,20,40,23.63,11.14,12.49,35.01,0.89,672,PASS,1.4901161193847656e-08
17,0.85,15.0,250,252,15,30,21.99,11.14,10.85,40.5,0.83,507,PASS,2.9802322387695312e-08
18,0.85,15.0,250,252,20,40,23.0,11.14,11.86,43.13,0.82,636,PASS,2.9802322387695312e-08
19,0.8,20.0,150,126,15,30,23.28,11.14,12.14,37.32,0.95,566,PASS,0.0
20,0.8,20.0,150,126,20,40,20.78,11.14,9.64,36.57,0.82,729,PASS,-2.9802322387695312e-08
21,0.8,20.0,150,189,15,30,24.35,11.14,13.21,38.41,0.9,473,PASS,0.0
22,0.8,20.0,150,189,20,40,23.84,11.14,12.7,35.63,0.91,613,PASS,-4.470348358154297e-08
23,0.8,20.0,150,252,15,30,22.07,11.14,10.93,42.58,0.82,447,PASS,0.0
24,0.8,20.0,150,252,20,40,22.25,11.14,11.11,47.34,0.8,561,PASS,-1.4901161193847656e-08
25,0.8,20.0,200,126,15,30,23.4,11.14,12.26,37.34,0.96,564,PASS,0.0
26,0.8,20.0,200,126,20,40,20.92,11.14,9.78,36.31,0.82,726,PASS,5.960464477539063e-08
27,0.8,20.0,200,189,15,30,23.95,11.14,12.81,39.04,0.89,472,PASS,1.4901161193847656e-08
28,0.8,20.0,200,189,20,40,24.17,11.14,13.03,35.65,0.92,605,PASS,0.0
29,0.8,20.0,200,252,15,30,22.1,11.14,10.96,41.96,0.82,442,PASS,1.4901161193847656e-08
30,0.8,20.0,200,252,20,40,22.97,11.14,11.83,45.92,0.82,557,PASS,-1.4901161193847656e-08
31,0.8,20.0,250,126,15,30,23.41,11.14,12.27,37.34,0.96,563,PASS,-1.4901161193847656e-08
32,0.8,20.0,250,126,20,40,20.67,11.14,9.53,36.09,0.81,726,PASS,-2.9802322387695312e-08
33,0.8,20.0,250,189,15,30,24.46,11.14,13.32,36.63,0.9,468,PASS,-1.4901161193847656e-08
34,0.8,20.0,250,189,20,40,24.36,11.14,13.22,35.16,0.9,600,PASS,1.4901161193847656e-08
35,0.8,20.0,250,252,15,30,22.23,11.14,11.09,42.83,0.82,439,PASS,0.0
36,0.8,20.0,250,252,20,40,23.17,11.14,12.03,44.81,0.81,551,PASS,-1.4901161193847656e-08
37,0.75,25.0,150,126,15,30,23.4,11.14,12.26,37.04,0.95,534,PASS,-2.9802322387695312e-08
38,0.75,25.0,150,126,20,40,20.19,11.14,9.05,36.13,0.79,695,PASS,0.0
39,0.75,25.0,150,189,15,30,24.43,11.14,13.29,37.84,0.89,439,PASS,-1.4901161193847656e-08
40,0.75,25.0,150,189,20,40,24.7,11.14,13.56,35.66,0.93,551,PASS,-2.9802322387695312e-08
41,0.75,25.0,150,252,15,30,25.45,11.14,14.31,42.18,0.9,399,PASS,-1.4901161193847656e-08
42,0.75,25.0,150,252,20,40,24.61,11.14,13.47,48.62,0.85,504,PASS,-2.9802322387695312e-08
43,0.75,25.0,200,126,15,30,23.85,11.14,12.71,36.65,0.97,533,PASS,1.4901161193847656e-08
44,0.75,25.0,200,126,20,40,20.58,11.14,9.44,36.01,0.81,692,PASS,1.4901161193847656e-08
45,0.75,25.0,200,189,15,30,24.72,11.14,13.58,37.45,0.9,433,PASS,2.9802322387695312e-08
46,0.75,25.0,200,189,20,40,25.12,11.14,13.98,35.14,0.94,538,PASS,-2.9802322387695312e-08
47,0.75,25.0,200,252,15,30,25.42,11.14,14.28,41.1,0.9,386,PASS,4.470348358154297e-08
48,0.75,25.0,200,252,20,40,24.86,11.14,13.72,47.67,0.86,487,PASS,0.0
49,0.75,25.0,250,126,15,30,23.86,11.14,12.72,36.68,0.97,532,PASS,-2.9802322387695312e-08
50,0.75,25.0,250,126,20,40,20.73,11.14,9.59,36.03,0.81,689,PASS,-1.4901161193847656e-08
51,0.75,25.0,250,189,15,30,25.49,11.14,14.35,35.1,0.92,426,PASS,0.0
52,0.75,25.0,250,189,20,40,24.94,11.14,13.8,37.36,0.91,532,PASS,-1.4901161193847656e-08
53,0.75,25.0,250,252,15,30,25.8,11.14,14.66,41.34,0.91,382,PASS,0.0
54,0.75,25.0,250,252,20,40,25.07,11.14,13.93,47.8,0.85,480,PASS,0.0
