symbol,buy_date,buy_price,sell_date,sell_price,shares,cost_basis,net_pnl,return_pct,holding_days,exit_reason,total_friction
MUTHOOTFIN,2016-02-02,198.2,2016-03-02,176.37,2522,499855.36,-56594.89,-11.32,29,r3_exit,1553.37
IGL,2016-02-02,113.03,2016-03-02,106.92,4422,499831.57,-28633.17,-5.73,29,r3_exit,1614.97
RAJESHEXPO,2016-02-02,730.68,2016-03-02,708.29,684,499785.09,-16954.62,-3.39,29,r3_exit,1640.57
PRAJIND,2016-02-02,96.4,2016-03-02,78.52,5186,499911.21,-94169.9,-18.84,29,r2_exit,1470.67
POWERGRID,2016-02-02,146.65,2016-03-02,134.87,3409,499917.92,-41749.46,-8.35,29,r3_exit,1586.33
HCLTECH,2016-02-02,440.44,2016-03-02,418.08,1135,499899.4,-26995.71,-5.4,29,r3_exit,1618.81
KRBL,2016-02-02,239.34,2016-03-02,186.86,2088,499740.04,-111003.17,-22.21,29,r2_exit,1432.97
EMAMILTD,2016-02-02,519.52,2016-03-02,501.5,962,499777.28,-18972.3,-3.8,29,r3_exit,1636.1
LAOPALA,2016-02-02,322.82,2016-03-02,294.7,1548,499729.23,-45104.18,-9.03,29,r3_exit,1578.29
RELIANCE,2016-02-02,515.67,2016-03-02,495.95,969,499679.53,-20732.43,-4.15,29,r3_exit,1631.89
SUNPHARMA,2016-02-02,880.73,2016-04-04,816.38,567,499373.82,-38077.38,-7.63,62,r3_exit,1592.6
SUPREMEIND,2016-02-02,749.7,2016-04-04,749.25,666,499299.5,-1971.0,-0.39,62,rank_exit,1672.0
VAKRANGEE,2016-02-02,96.9,2016-04-04,99.68,5159,499890.59,12627.71,2.53,62,r3_exit,1706.18
APOLLOHOSP,2016-02-02,1508.41,2016-04-04,1354.64,331,499282.68,-52456.1,-10.51,62,r3_exit,1560.58
PIDILITIND,2016-03-02,590.09,2016-04-04,589.41,768,453188.74,-2038.89,-0.45,33,rank_exit,1517.03
MARICO,2016-03-02,237.04,2016-04-04,241.76,1913,453451.4,7492.71,1.65,33,rank_exit,1538.94
OMAXE,2016-03-02,139.09,2016-04-04,145.5,3261,453569.07,19355.12,4.27,33,rank_exit,1565.5
M&M,2016-03-02,635.63,2016-04-04,598.13,713,453207.75,-28203.1,-6.22,33,r3_exit,1459.38
CADILAHC,2016-03-02,330.33,2016-04-04,321.48,1373,453543.09,-13646.14,-3.01,33,r3_exit,1492.62
INFY,2016-02-02,589.01,2016-05-03,600.77,848,499483.38,8277.43,1.66,91,rank_exit,1695.22
EICHERMOT,2016-03-02,1951.95,2016-05-03,1994.4,232,452852.4,8310.5,1.84,62,rank_exit,1538.73
GLAXO,2016-04-04,1899.37,2016-05-03,1835.66,244,463446.88,-17063.57,-3.68,29,rank_exit,1518.33
AMBUJACEM,2016-04-04,236.59,2016-05-03,224.13,1960,463709.25,-25922.64,-5.59,29,rank_exit,1499.67
ABB,2016-04-04,1311.31,2016-05-03,1265.73,353,462892.43,-17603.96,-3.8,29,rank_exit,1515.28
FINCABLES,2016-04-04,287.64,2016-05-03,287.71,1612,463671.41,-1433.23,-0.31,29,rank_exit,1553.57
TORNTPOWER,2016-02-02,239.59,2016-06-02,180.92,2086,499783.38,-123791.46,-24.77,121,r2_exit,1404.9
HINDZINC,2016-02-02,159.16,2016-06-02,168.73,3141,499918.42,28325.06,5.67,121,rank_exit,1740.9
ULTRACEMCO,2016-03-02,2922.92,2016-06-02,3226.77,155,453052.6,45475.36,10.04,92,rank_exit,1621.39
PGHH,2016-03-02,5865.86,2016-06-02,6210.93,77,451671.22,24999.03,5.53,92,rank_exit,1571.58
ASHOKLEY,2016-04-04,111.11,2016-06-02,104.05,4173,463666.2,-30971.26,-6.68,59,rank_exit,1488.39
PERSISTENT,2016-04-04,750.75,2016-06-02,735.26,617,463212.75,-11085.6,-2.39,59,rank_exit,1530.73
MINDACORP,2016-04-04,116.12,2016-07-04,119.63,3993,463651.19,12448.28,2.68,91,rank_exit,1584.12
BALRAMCHIN,2016-02-02,93.59,2016-09-02,103.3,5341,499882.88,50035.58,10.01,213,r2_exit,1788.67
UPL,2016-05-03,397.06,2016-09-02,416.32,1159,460196.4,20723.76,4.5,122,rank_exit,1590.77
SHRIRAMFIN,2016-05-03,184.48,2016-09-02,204.57,2494,460098.22,48441.8,10.53,122,rank_exit,1651.59
SRTRANSFIN,2016-05-03,1091.29,2016-09-02,1204.39,421,459433.17,45972.96,10.01,122,rank_exit,1643.91
IBREALEST,2016-06-02,100.65,2016-09-02,78.82,4579,460878.87,-101280.99,-21.98,92,r2_exit,1323.94
FINPIPE,2016-02-02,323.22,2016-10-04,454.5,1546,499702.6,200826.05,40.19,245,rank_exit,2120.69
BAJFINANCE,2016-03-02,3143.14,2016-10-04,1090.91,144,452612.16,-296387.22,-65.48,216,r2_exit,865.81
TATASTEEL,2016-04-04,316.12,2016-10-04,385.61,1466,463425.76,100107.64,21.6,183,rank_exit,1776.72
DCMSHRIRAM,2016-06-02,193.19,2016-10-04,211.39,2385,460765.3,41756.95,9.06,124,rank_exit,1639.08
JSWSTEEL,2016-03-02,1153.15,2016-11-02,1653.3,393,453188.74,194605.42,42.94,245,rank_exit,1950.8
M&MFIN,2016-05-03,315.16,2016-11-02,351.05,1460,460140.68,50733.49,11.03,183,rank_exit,1656.78
MANAPPURAM,2016-04-04,35.49,2016-12-02,73.18,13068,463723.86,489912.33,105.65,242,r2_exit,2637.58
CHOLAFIN,2016-05-03,170.17,2016-12-02,192.11,2704,460139.68,57647.51,12.53,213,r2_exit,1672.03
HEIDELBERG,2016-05-03,96.1,2016-12-02,112.89,4789,460203.74,78693.43,17.1,213,r2_exit,1718.67
VGUARD,2016-06-02,97.1,2016-12-02,118.45,4747,460919.46,99609.04,21.61,183,r2_exit,1767.21
PEL,2016-06-02,1415.41,2016-12-02,1629.47,325,460009.55,67873.69,14.75,183,r2_exit,1694.15
MUTHOOTFIN,2016-07-04,293.29,2016-12-02,299.7,1621,475427.95,8770.2,1.84,151,r2_exit,1615.54
ESCORTS,2016-09-02,332.73,2016-12-02,315.68,1446,481131.05,-26209.52,-5.45,91,r2_exit,1557.53
EDELWEISS,2016-09-02,114.11,2016-12-02,97.4,4217,481218.74,-71929.37,-14.95,91,r2_exit,1456.97
DELTACORP,2016-10-04,173.17,2016-12-02,112.14,2775,480555.07,-170609.89,-35.5,59,r2_exit,1237.07
YESBANK,2016-02-02,154.63,2017-01-03,228.77,3232,499778.64,237407.59,47.5,336,r2_exit,2201.64
IGL,2017-01-03,184.02,2017-02-02,192.51,3014,554647.85,23654.8,4.26,30,rank_exit,1914.35
BALRAMCHIN,2017-01-03,133.63,2017-02-02,144.66,4151,554712.66,43792.09,7.89,30,rank_exit,1958.99
MOIL,2017-01-03,185.13,2017-02-02,181.82,2996,554664.31,-11773.84,-2.12,30,rank_exit,1836.25
JSWSTEEL,2017-01-03,1642.64,2017-02-02,197.25,337,553570.02,-487878.27,-88.13,30,r2_exit,782.36
FINCABLES,2016-06-02,351.6,2017-03-02,444.46,1310,460597.64,119827.81,26.02,273,rank_exit,1810.73
HINDZINC,2016-10-04,255.25,2017-03-02,318.43,1883,480645.16,117088.88,24.36,149,rank_exit,1872.0
COROMANDEL,2017-01-03,303.65,2017-03-02,330.32,1826,554471.02,46727.47,8.43,58,rank_exit,1964.65
TATASTEEL,2017-01-03,407.46,2017-03-02,501.5,1361,554549.05,125850.29,22.69,58,rank_exit,2139.45
SWANENERGY,2017-02-02,172.32,2017-03-02,155.14,2588,445969.72,-45851.39,-10.28,28,r2_exit,1396.15
NATIONALUM,2017-01-03,67.07,2017-04-05,75.12,8271,554711.16,64641.09,11.65,92,rank_exit,2004.97
FLFL,2017-03-02,194.74,2017-04-05,272.33,2938,572159.49,225519.99,39.42,34,universe_exit,2418.43
BIOCON,2016-10-04,160.49,2017-05-03,180.19,2995,480678.53,57239.35,11.91,211,rank_exit,1740.09
HINDPETRO,2017-01-03,300.3,2017-05-03,370.3,1847,554654.1,127139.97,22.92,120,rank_exit,2142.64
DELTACORP,2017-03-02,154.25,2017-05-03,162.04,3709,572128.46,26889.57,4.7,62,r2_exit,1980.17
SHARDACROP,2016-06-02,359.26,2017-06-02,501.95,1282,460569.91,180981.32,39.3,365,rank_exit,1945.53
MANAPPURAM,2017-02-02,85.03,2017-06-02,89.16,5244,445923.28,20094.23,4.51,120,rank_exit,1541.46
IBREALEST,2017-05-03,156.16,2017-06-02,167.83,3883,606353.75,43206.83,7.13,30,rank_exit,2131.08
INDIANB,2016-09-02,223.87,2017-07-04,287.11,2149,481104.47,133989.69,27.85,305,r2_exit,1910.82
HINDALCO,2016-09-02,158.46,2017-07-04,197.15,3037,481237.86,115643.94,24.03,305,rank_exit,1870.8
VGUARD,2017-02-02,146.54,2017-07-04,175.17,3043,445918.94,85451.9,19.16,152,rank_exit,1685.62
DCMSHRIRAM,2017-03-02,281.28,2017-07-04,351.45,2034,572125.55,140489.34,24.56,124,rank_exit,2230.75
IIFL,2017-06-02,518.02,2017-07-04,607.39,1130,585359.77,98809.94,16.88,32,universe_exit,2183.24
VEDL,2016-09-02,170.82,2017-08-02,280.82,2817,481201.77,307571.03,63.92,334,rank_exit,2294.04
HCC,2017-01-03,43.24,2017-08-02,41.11,12828,554723.77,-29177.51,-5.26,211,rank_exit,1798.06
SUDARSCHEM,2017-04-05,356.26,2017-08-02,407.54,1986,707524.22,99259.9,14.03,119,rank_exit,2594.39
JMFINANCIL,2017-05-03,122.12,2017-08-02,119.48,4965,606335.73,-15117.9,-2.49,91,rank_exit,2002.36
SUNDRMFAST,2016-10-04,302.75,2017-09-04,409.54,1587,480468.14,167489.34,34.86,335,rank_exit,1982.58
NLCINDIA,2017-01-03,78.68,2017-09-04,98.85,7050,554684.13,140044.56,25.25,244,rank_exit,2171.21
SUNTV,2017-05-03,919.92,2017-09-04,764.24,659,606226.62,-104400.8,-17.22,124,rank_exit,1805.05
DEEPAKFERT,2017-08-02,366.27,2017-09-04,383.52,1891,692608.82,30228.09,4.36,33,rank_exit,2392.04
ESCORTS,2017-02-02,380.08,2017-10-04,660.34,1173,445833.49,326527.05,73.24,244,rank_exit,2217.11
CANFINHOME,2017-07-04,644.64,2017-10-04,529.87,974,627883.26,-113647.63,-18.1,92,rank_exit,1857.36
CEATLTD,2017-07-04,1879.88,2017-10-04,1711.19,334,627879.25,-58322.15,-9.29,92,rank_exit,1979.39
MRF,2017-07-04,71331.26,2017-10-04,63685.25,8,570650.08,-62945.12,-11.03,92,rank_exit,1777.05
BALKRISIND,2017-01-03,544.04,2017-11-02,873.63,1019,554380.33,333247.69,60.11,303,rank_exit,2596.37
GNFC,2017-04-05,292.29,2017-11-02,510.24,2421,707638.93,524118.34,74.07,211,rank_exit,3531.95
IBREALEST,2017-08-02,235.23,2017-12-04,213.04,2944,692531.84,-67527.79,-9.75,124,r2_exit,2176.14
LTF,2017-08-02,147.19,2017-12-04,142.7,4706,692692.37,-23399.32,-3.38,124,r2_exit,2274.02
KEC,2017-09-04,312.21,2017-12-04,317.18,2055,641595.45,8042.75,1.25,91,rank_exit,2171.83
EDELWEISS,2017-03-02,140.34,2018-01-02,294.36,4077,572167.0,624620.95,109.17,306,r2_exit,3298.81
AVANTIFEED,2017-06-02,937.6,2018-01-02,1746.25,624,585064.48,501526.18,85.72,214,r2_exit,3070.59
VAKRANGEE,2017-07-04,221.37,2018-01-02,421.48,2838,628251.32,564548.92,89.86,182,universe_exit,3354.6
BOMDYEING,2017-09-04,122.12,2018-01-02,287.36,5255,641751.11,864276.96,134.67,120,universe_exit,4061.08
GVKPIL,2017-11-02,16.97,2018-01-02,19.48,44052,747428.08,107979.31,14.45,61,universe_exit,2747.6
FLFL,2017-11-02,356.36,2018-01-02,343.91,2097,747278.53,-28554.09,-3.82,61,universe_exit,2445.92
FCONSUMER,2017-11-02,60.06,2018-01-02,76.32,12444,747386.64,199435.04,26.68,61,universe_exit,2949.19
RAIN,2017-03-02,90.04,2018-02-02,353.55,6354,572113.84,1668716.32,291.68,337,r2_exit,5601.76
BBTC,2017-07-04,900.8,2018-02-02,1405.59,697,627857.53,348963.06,55.58,213,r2_exit,2877.73
ITI,2017-11-02,153.4,2018-02-02,116.88,4872,747380.63,-180038.77,-24.09,92,r2_exit,2112.11
KRBL,2017-11-02,653.05,2018-02-02,604.39,1144,747091.95,-58044.31,-7.77,92,rank_exit,2380.24
HFCL,2018-01-02,32.73,2018-02-02,28.47,28869,944960.32,-125911.44,-13.32,31,rank_exit,2894.86
ENDURANCE,2018-01-02,1361.36,2018-02-02,1178.82,694,944783.84,-129568.96,-13.71,31,rank_exit,2886.2
JPPOWER,2018-01-02,9.41,2018-02-02,6.89,100427,944957.81,-255313.87,-27.02,31,r2_exit,2609.41
MOTILALOFS,2017-01-03,521.87,2018-03-05,1148.8,1062,554227.37,662476.19,119.53,426,r2_exit,3322.09
JSL,2017-11-02,118.12,2018-03-05,100.4,6327,747332.59,-114361.77,-15.3,123,r2_exit,2256.82
TITAN,2018-01-02,854.95,2018-03-05,809.19,1105,944724.28,-53622.86,-5.68,62,rank_exit,3053.53
GVKPIL,2018-02-02,21.12,2018-03-05,16.48,45962,970768.0,-215936.3,-22.24,31,r2_exit,2782.92
FCONSUMER,2018-02-02,63.06,2018-03-05,60.29,15393,970728.76,-45848.16,-4.72,31,r2_exit,3157.98
JAICORPLTD,2018-02-02,175.17,2018-03-05,153.85,5541,970644.67,-121175.53,-12.48,31,r2_exit,2991.54
JINDALSAW,2018-02-02,147.7,2018-03-05,133.37,6572,970668.3,-97228.1,-10.02,31,r2_exit,3044.44
STLTECH,2017-08-02,199.63,2018-04-03,306.94,3470,692707.6,369225.68,53.3,244,r2_exit,3140.15
IFBIND,2018-01-02,1366.72,2018-04-03,1160.79,691,944400.31,-145146.31,-15.37,91,r2_exit,2850.55
JINDALSTEL,2018-01-02,207.21,2018-04-03,221.78,4560,944863.92,63132.22,6.68,91,r2_exit,3311.54
ESCORTS,2018-01-02,780.93,2018-04-03,878.52,1210,944925.48,114659.04,12.13,91,rank_exit,3425.41
KOLTEPATIL,2018-02-02,365.47,2018-04-03,305.54,2656,970675.31,-162051.52,-16.69,60,r2_exit,2901.47
DELTACORP,2018-02-02,349.4,2018-04-03,239.66,2778,970630.56,-307435.43,-31.67,60,r2_exit,2580.63
DBL,2017-09-04,593.99,2018-06-04,869.08,1080,641512.87,294290.61,45.87,273,r2_exit,2802.97
SUNTECK,2017-09-04,254.55,2018-06-04,387.61,2521,641731.39,332550.36,51.82,273,rank_exit,2888.1
KEC,2018-01-02,386.49,2018-06-04,350.65,2445,944958.51,-90594.47,-9.59,153,r2_exit,2972.76
AVANTIFEED,2018-02-02,1567.23,2018-06-04,1032.3,619,970116.81,-333644.21,-34.39,122,r2_exit,2521.09
BOMDYEING,2018-05-03,295.29,2018-06-04,239.76,3008,888247.36,-169657.23,-19.1,32,r2_exit,2607.95
SHANKARA,2018-05-03,1953.95,2018-06-04,1596.4,454,887094.21,-164942.18,-18.59,32,r2_exit,2614.48
STLTECH,2018-05-03,322.37,2018-06-04,299.73,2756,888443.69,-65221.16,-7.34,32,r2_exit,2838.98
JINDALSTEL,2018-05-03,238.19,2018-06-04,229.07,3730,888441.05,-36908.77,-4.15,32,r2_exit,2901.43
CHAMBLFERT,2018-05-03,194.69,2018-06-04,166.03,4563,888391.0,-133467.04,-15.02,32,r2_exit,2688.27
IFBIND,2018-06-04,1276.27,2018-07-03,1193.81,633,807882.07,-54795.02,-6.78,29,r2_exit,2591.51
TAKE,2018-06-04,242.64,2018-07-03,220.78,3330,807999.19,-75351.68,-9.33,29,r2_exit,2546.55
TATAGLOBAL,2018-05-03,293.04,2018-08-02,232.27,3031,888212.58,-186779.85,-21.03,91,r2_exit,2570.07
BIOCON,2018-06-04,325.32,2018-08-02,291.41,2483,807781.97,-86735.88,-10.74,59,rank_exit,2520.71
UNOMINDA,2017-06-02,102.05,2018-09-04,211.57,5739,585638.69,625217.97,106.76,459,rank_exit,3345.36
TITAN,2018-05-03,965.76,2018-09-04,916.08,919,887537.85,-48530.34,-5.47,124,rank_exit,2872.76
DMART,2018-05-03,1496.49,2018-09-04,1593.4,593,887421.53,54368.28,6.13,124,rank_exit,3099.35
VIPIND,2018-01-02,352.35,2018-10-03,413.59,2681,944655.71,160642.42,17.01,274,r2_exit,3525.93
RADICO,2018-01-02,297.5,2018-10-03,346.25,3176,944851.11,151343.61,16.02,274,r2_exit,3506.08
GRAPHITE,2018-05-03,706.81,2018-10-03,855.54,1257,888455.27,183575.2,20.66,153,r2_exit,3387.83
JUBLFOOD,2018-05-03,1275.97,2018-10-03,1239.76,696,888078.39,-28125.71,-3.17,153,r2_exit,2919.59
MERCK,2018-06-04,2571.57,2018-10-03,2767.13,314,807472.67,58566.0,7.25,121,r2_exit,2840.19
FSL,2018-06-04,75.98,2018-10-03,61.74,10635,808003.7,-153791.48,-19.03,121,r2_exit,2373.54
SHOPERSTOP,2018-06-04,570.47,2018-10-03,499.5,1416,807785.38,-102978.28,-12.75,121,r2_exit,2484.9
BOMDYEING,2018-08-02,259.06,2018-10-03,151.3,2805,726659.93,-304036.52,-41.84,62,r2_exit,1769.02
INTELLECT,2018-08-02,203.1,2018-10-03,212.14,3578,726702.18,29820.73,4.1,62,r2_exit,2505.6
BBTC,2018-09-04,1885.43,2018-10-03,1302.7,530,999279.78,-311518.71,-31.17,29,r2_exit,2667.81
PFIZER,2018-09-04,3557.55,2018-10-03,2952.24,281,999672.67,-173066.42,-17.31,29,r2_exit,2974.53
SUNTECK,2018-09-04,501.5,2018-10-03,392.61,1994,999992.99,-220006.7,-22.0,29,r2_exit,2872.06
MINDTREE,2018-05-03,1056.26,2018-11-02,837.16,841,888310.62,-186827.67,-21.03,183,r2_exit,2570.29
SONATSOFTW,2018-05-03,354.35,2018-11-02,313.04,2507,888365.48,-106330.64,-11.97,183,r2_exit,2748.04
MPHASIS,2018-06-04,1061.06,2018-11-02,974.02,761,807466.66,-68792.87,-8.52,151,r2_exit,2559.23
PAGEIND,2018-08-02,29929.9,2018-11-02,28969.95,24,718317.6,-25394.43,-3.54,92,r2_exit,2355.66
NIITTECH,2018-05-03,1108.46,2018-12-04,1103.89,801,887874.34,-6620.78,-0.75,215,r2_exit,2966.34
TECHM,2018-06-04,698.7,2019-01-02,718.43,1156,807694.89,20055.19,2.48,212,r2_exit,2755.99
MERCK,2018-12-04,2862.86,2019-01-02,3136.86,280,801600.8,73865.77,9.21,29,universe_exit,2854.23
VMART,2018-12-04,2637.13,2019-01-02,2605.34,304,801688.89,-12329.29,-1.54,29,r2_exit,2664.39
ADANIPOWER,2018-12-04,58.06,2019-01-02,50.8,13821,802419.62,-102791.86,-12.81,29,r2_exit,2467.29
AARTIIND,2018-12-04,724.62,2019-01-02,726.25,1107,802158.66,-893.28,-0.11,29,r2_exit,2691.19
VBL,2018-12-04,523.72,2019-01-02,536.16,1532,802343.94,16328.43,2.04,29,r2_exit,2729.8
GRAPHITE,2018-12-04,935.33,2019-01-02,751.95,857,801581.58,-159502.13,-19.9,29,r2_exit,2339.38
JUBLFOOD,2018-12-04,1322.32,2019-01-02,1242.76,606,801326.53,-50794.71,-6.34,29,r2_exit,2578.32
VIPIND,2018-12-04,530.53,2019-01-02,513.49,1512,802161.36,-28401.05,-3.54,29,r2_exit,2630.52
VINATIORGA,2018-12-04,748.25,2019-01-02,810.19,1072,802121.32,63568.03,7.92,29,universe_exit,2833.26
IPCALAB,2018-12-04,804.7,2019-01-02,801.8,997,802289.79,-5579.07,-0.7,29,r2_exit,2681.29
TCS,2018-12-04,1984.98,2019-01-02,1903.1,404,801933.13,-35696.41,-4.45,29,r2_exit,2613.66
HINDUNILVR,2018-12-04,1836.83,2019-01-02,1790.61,436,800860.06,-22793.67,-2.85,29,r3_exit,2638.52
RADICO,2018-12-04,403.6,2019-01-02,400.15,1988,802363.16,-9538.86,-1.19,29,r2_exit,2672.81
BAJFINANCE,2018-12-04,2511.51,2019-01-02,2632.46,319,801171.37,35816.08,4.47,29,r2_exit,2768.85
TEAMLEASE,2018-12-04,2964.96,2019-01-02,2824.82,270,800539.74,-40436.23,-5.05,29,universe_exit,2598.53
INTELLECT,2018-12-04,237.64,2019-02-04,167.83,3376,802263.86,-237831.92,-29.65,62,r2_exit,2168.89
BIOCON,2018-12-04,308.76,2019-02-04,333.72,2599,802463.21,62033.52,7.73,62,rank_exit,2831.02
EIHOTEL,2019-01-02,194.39,2019-02-04,193.31,4046,786518.93,-7025.99,-0.89,33,rank_exit,2625.15
LINDEINDIA,2019-01-02,680.68,2019-02-04,457.44,1155,786185.4,-259905.99,-33.06,33,r2_exit,2066.22
GLENMARK,2019-01-02,692.49,2019-02-04,662.34,1135,785978.19,-36783.4,-4.68,33,rank_exit,2557.7
INDHOTEL,2019-01-02,146.25,2019-02-04,144.76,5378,786511.53,-10635.76,-1.35,33,rank_exit,2617.17
AXISBANK,2019-01-02,623.62,2019-02-04,710.59,1261,786388.6,106787.97,13.58,33,rank_exit,2875.77
ICICIBANK,2019-01-02,361.86,2019-02-04,350.65,2173,786325.04,-26945.33,-3.43,33,rank_exit,2580.56
TRENT,2019-01-02,360.31,2019-02-04,349.75,2183,786556.62,-25636.82,-3.26,33,rank_exit,2584.23
RBLBANK,2019-01-02,577.68,2019-02-04,578.87,1361,786218.53,-1013.12,-0.13,33,rank_exit,2637.41
LTTS,2018-08-02,1428.43,2019-03-05,1549.45,508,725640.92,58912.96,8.12,215,rank_exit,2566.21
DMART,2019-01-02,1590.99,2019-03-05,1455.54,494,785948.76,-69396.18,-8.83,62,rank_exit,2485.66
ASIANPAINT,2019-01-02,1368.37,2019-03-05,1392.11,574,785442.66,10965.25,1.4,62,rank_exit,2661.23
VMART,2019-02-04,2646.64,2019-03-05,2598.4,281,743706.96,-16018.43,-2.15,29,r2_exit,2461.58
AARTIIND,2019-02-04,825.82,2019-03-05,706.74,903,745719.97,-109792.94,-14.72,29,rank_exit,2261.49
SANOFI,2019-02-04,6535.53,2019-03-05,5864.13,114,745050.31,-78866.94,-10.59,29,r3_exit,2327.46
ATUL,2019-01-02,3453.45,2019-04-02,3551.45,227,783933.15,19569.73,2.5,90,rank_exit,2675.14
BRITANNIA,2019-02-04,3254.6,2019-04-02,3052.94,229,745303.71,-48574.66,-6.52,57,rank_exit,2395.13
TECHM,2019-03-05,823.32,2019-04-02,790.16,877,722053.83,-31439.21,-4.35,28,rank_exit,2354.87
UBL,2019-01-02,1356.41,2019-05-03,1409.99,579,785358.52,28325.64,3.61,121,rank_exit,2699.24
ADANIPOWER,2019-03-05,49.05,2019-05-03,44.31,14730,722491.77,-72136.11,-9.98,59,r2_exit,2266.57
HONAUT,2019-03-05,22122.1,2019-05-03,23922.35,32,707907.2,55109.83,7.78,59,rank_exit,2498.29
NIITTECH,2019-02-04,1324.42,2019-06-04,1306.69,563,745650.21,-12458.57,-1.67,120,rank_exit,2475.96
PFIZER,2019-02-04,3043.04,2019-06-04,3111.93,245,745544.8,14344.53,1.92,120,rank_exit,2534.73
LTTS,2019-05-03,1780.78,2019-06-04,1697.3,417,742584.84,-37221.37,-5.01,32,rank_exit,2411.04
MERCK,2019-02-04,3293.29,2019-07-02,3290.0,226,744283.54,-3236.0,-0.43,148,universe_exit,2491.71
ASTRAL,2019-02-04,889.01,2019-07-02,1074.92,839,745877.81,153141.41,20.53,148,rank_exit,2842.01
SUVEN,2019-04-02,261.36,2019-07-02,270.73,2812,734947.41,23822.48,3.24,91,rank_exit,2520.06
HAVELLS,2019-01-02,692.69,2019-08-02,639.36,1135,786205.42,-63032.38,-8.02,212,r3_exit,2500.56
ABFRL,2019-01-02,198.9,2019-08-02,184.91,3954,786445.46,-57804.84,-7.35,212,r3_exit,2512.9
PRAJIND,2019-03-05,147.15,2019-08-02,105.09,4910,722491.77,-208442.2,-28.85,150,r2_exit,1965.89
DCMSHRIRAM,2019-06-04,534.63,2019-08-02,396.8,1371,732983.35,-191006.29,-26.06,59,r2_exit,2039.58
JUSTDIAL,2019-06-04,794.99,2019-08-02,687.31,922,732984.65,-101519.97,-13.85,59,rank_exit,2236.98
PFC,2019-07-02,128.23,2019-08-02,106.34,6236,799630.43,-138850.44,-17.36,31,r2_exit,2378.39
AXISBANK,2019-07-02,811.91,2019-08-02,666.73,985,799732.43,-145365.18,-18.18,31,r3_exit,2364.36
TIINDIA,2019-01-02,350.3,2019-09-04,327.02,2245,786423.39,-54777.04,-6.97,245,r2_exit,2519.5
BAJFINANCE,2019-02-04,2612.61,2019-09-04,3263.73,285,744593.85,182667.22,24.53,212,rank_exit,2902.83
MAHSCOOTER,2019-04-02,3580.28,2019-09-04,3845.15,205,733956.72,51720.96,7.05,155,rank_exit,2578.27
DIVISLAB,2018-06-04,1058.96,2019-10-03,1608.39,763,807984.88,415587.24,51.44,486,rank_exit,3629.45
INDIGO,2019-10-03,1813.91,2019-11-04,1438.61,407,738262.22,-154884.96,-20.98,32,r2_exit,2136.98
VINATIORGA,2019-02-04,790.89,2019-12-03,987.44,943,745809.36,182436.92,24.46,302,rank_exit,2906.4
MUTHOOTFIN,2019-03-05,525.52,2019-12-03,678.52,1374,722071.35,207334.6,28.71,273,rank_exit,2881.63
BALRAMCHIN,2019-05-03,154.15,2019-12-03,155.19,4820,743022.28,2515.77,0.34,214,rank_exit,2500.17
ADANIPOWER,2019-06-04,49.85,2019-12-03,62.04,14708,733190.86,176411.83,24.06,182,rank_exit,2850.75
CGCL,2019-10-03,201.4,2019-12-03,180.92,3670,739142.4,-77480.72,-10.48,61,rank_exit,2310.68
TITAN,2019-10-03,1280.68,2019-12-03,1153.85,577,738952.01,-75497.86,-10.22,61,rank_exit,2314.41
SIEMENS,2019-10-03,1544.54,2020-01-02,1497.5,478,738291.55,-24909.86,-3.37,91,rank_exit,2423.79
MAHSCOOTER,2019-10-03,4434.18,2020-01-02,4469.53,166,736073.84,3388.71,0.46,91,rank_exit,2478.76
ICICIGI,2019-12-03,1380.38,2020-01-02,1378.62,584,806141.34,-3725.57,-0.46,30,rank_exit,2698.31
BATAINDIA,2019-01-02,1121.52,2020-02-04,1853.14,701,786185.8,509106.3,64.76,398,rank_exit,3762.55
BALRAMCHIN,2020-01-02,187.44,2020-02-04,158.49,4011,751810.81,-118365.03,-15.74,33,rank_exit,2263.03
NAUKRI,2019-03-05,1831.83,2020-03-03,2712.48,394,721741.02,343796.46,47.63,364,rank_exit,3181.53
MANAPPURAM,2019-10-03,132.23,2020-03-03,164.29,5589,739045.21,176276.63,23.85,152,rank_exit,2870.11
ADANIGREEN,2019-12-03,132.13,2020-03-03,162.74,6107,806930.12,183790.75,22.78,91,r2_exit,3114.6
ATGL,2019-12-03,163.41,2020-03-03,135.34,4938,806897.86,-141006.82,-17.48,91,r2_exit,2398.03
LALPATHLAB,2019-12-03,1601.6,2020-03-03,1698.3,503,805604.8,45834.27,5.69,91,rank_exit,2805.83
PRESTIGE,2019-12-03,330.63,2020-03-03,305.59,2440,806737.93,-63656.45,-7.89,91,r2_exit,2568.12
AFFLE,2020-01-02,1616.61,2020-03-03,1856.14,465,751725.97,108616.62,14.45,61,r2_exit,2763.43
FINEORG,2019-04-02,1287.39,2020-04-03,1898.1,570,733810.08,344882.47,47.0,367,r2_exit,3224.45
AAVAS,2019-05-03,1246.19,2020-04-03,1177.82,596,742732.19,-43149.34,-5.81,336,r2_exit,2398.46
SRF,2019-07-02,3032.83,2020-04-03,2632.36,263,797634.24,-107762.5,-13.51,276,r2_exit,2440.26
CREDITACC,2019-10-03,675.67,2020-04-03,337.81,1093,738512.77,-370945.65,-50.23,183,r2_exit,1661.22
HDFCAMC,2019-10-03,2722.72,2020-04-03,2187.81,271,737857.12,-147113.37,-19.94,183,r2_exit,2152.76
PIIND,2019-10-03,1261.26,2020-04-03,1190.81,586,739098.36,-43669.98,-5.91,183,r2_exit,2385.11
BAJFINANCE,2019-10-03,3988.98,2020-04-03,2266.53,185,737962.22,-320424.77,-43.42,183,r2_exit,1770.82
BRIGADE,2019-10-03,202.2,2020-04-03,148.45,3655,739048.31,-198501.85,-26.86,183,r2_exit,2043.41
NAM-INDIA,2019-11-04,294.27,2020-04-03,258.24,1987,584714.97,-73390.34,-12.55,151,r2_exit,1801.23
TIMKEN,2019-12-03,885.94,2020-04-03,789.96,910,806200.9,-89846.52,-11.14,122,r2_exit,2508.54
DIXON,2020-01-02,3783.78,2020-04-03,3556.44,198,749188.44,-47424.03,-6.33,92,r2_exit,2410.71
PFIZER,2020-05-05,5085.08,2020-06-02,4010.94,147,747506.76,-160055.92,-21.41,28,rank_exit,2156.61
ALKEM,2020-05-05,2698.7,2020-06-02,2295.7,278,750237.49,-114299.05,-15.24,28,rank_exit,2266.71
SRF,2020-05-05,3661.66,2020-06-02,3703.99,205,750639.89,6144.78,0.82,28,rank_exit,2533.75
LALPATHLAB,2020-05-05,1561.46,2020-06-02,1523.47,481,751062.21,-20746.58,-2.76,28,rank_exit,2475.85
AJANTPHARM,2020-05-05,1477.48,2020-06-02,1456.54,509,752035.28,-13151.27,-1.75,28,rank_exit,2495.87
ADANIGREEN,2020-05-05,215.21,2020-07-02,323.63,3495,752176.42,375542.88,49.93,58,r2_exit,3353.74
NESTLEIND,2020-05-05,17588.57,2020-07-02,16968.01,42,738719.98,-28480.7,-3.86,58,rank_exit,2417.35
PIIND,2020-05-05,1536.43,2020-07-02,1542.46,489,751316.67,420.93,0.06,58,rank_exit,2523.39
IGL,2020-05-05,478.28,2020-07-02,442.21,1572,751852.7,-59096.65,-7.86,58,rank_exit,2393.91
RELAXO,2020-06-02,714.51,2020-07-02,630.02,976,697365.47,-84621.25,-12.13,30,r2_exit,2154.67
DMART,2020-05-05,2322.32,2020-08-04,2091.06,323,750109.36,-77046.45,-10.27,91,rank_exit,2348.46
BHARTIARTL,2020-05-05,538.54,2020-08-04,547.45,1396,751799.05,9898.03,1.32,91,rank_exit,2545.92
BERGEPAINT,2020-05-05,482.68,2020-08-04,528.47,1558,752018.87,68662.67,9.13,91,rank_exit,2676.28
VAIBHAVGBL,2020-06-02,1111.06,2020-08-04,1353.64,628,697745.65,149670.65,21.45,63,rank_exit,2672.76
SCI,2020-07-02,56.56,2020-08-04,53.95,13782,779461.68,-38509.92,-4.94,33,r2_exit,2532.01
ABBOTINDIA,2020-05-05,18417.4,2020-10-05,14912.29,40,736695.96,-142363.77,-19.32,153,r3_exit,2159.34
DIXON,2020-05-05,4650.65,2020-10-05,1758.67,161,748754.01,-467091.17,-62.38,153,r2_exit,1483.52
INDIAMART,2020-05-05,2303.3,2020-10-05,2321.51,326,750876.13,3407.62,0.45,153,r2_exit,2528.5
IPCALAB,2020-05-05,1626.62,2020-10-05,1098.79,462,751500.75,-245839.37,-32.71,153,r2_exit,1980.8
JBCHEPHARM,2020-05-05,559.56,2020-10-05,559.0,1344,752047.3,-3269.75,-0.43,153,universe_exit,2517.7
FDC,2020-05-05,247.65,2020-10-05,247.4,3037,752105.15,-3270.0,-0.43,153,universe_exit,2517.9
APLLTD,2020-06-02,856.36,2020-10-05,864.08,815,697929.73,3942.19,0.56,125,r2_exit,2351.92
GMMPFAUDLR,2020-07-02,4228.17,2020-10-05,1255.03,184,777984.01,-548461.37,-70.5,95,r2_exit,1402.17
ALKYLAMINE,2020-07-02,2186.18,2020-10-05,1278.85,356,778281.5,-324905.44,-41.75,95,r2_exit,1896.3
BHARATRAS,2020-07-02,7563.56,2020-10-05,7555.99,103,779046.27,-3387.14,-0.43,95,universe_exit,2608.09
AFFLE,2020-09-02,2692.69,2020-10-05,572.48,285,767416.65,-605501.59,-78.9,33,r2_exit,1240.87
LAURUSLABS,2020-09-02,1135.83,2020-10-05,270.97,677,768960.09,-586799.55,-76.31,33,r2_exit,1287.3
DHANUKA,2020-09-02,776.78,2020-10-05,776.0,990,769008.24,-3343.49,-0.43,33,universe_exit,2574.49
COROMANDEL,2020-10-05,749.67,2021-01-04,776.67,709,531516.0,17321.88,3.26,91,rank_exit,1822.72
GRANULES,2020-07-02,213.91,2021-02-02,323.13,3643,779287.61,394406.51,50.61,215,r2_exit,3486.38
BIOCON,2020-10-05,448.94,2021-02-02,379.3,1184,531544.72,-84058.04,-15.81,120,r2_exit,1599.18
BALKRISIND,2020-10-05,1395.93,2021-02-02,1578.04,380,530452.34,67274.16,12.68,120,rank_exit,1929.33
NAVINFLUOR,2020-05-05,1529.63,2021-03-02,2648.11,491,751047.4,545451.41,72.63,301,rank_exit,3724.75
ESCORTS,2020-06-02,973.37,2021-03-02,1243.22,717,697908.01,190717.15,27.33,273,rank_exit,2763.85
STAR,2020-10-05,716.8,2021-03-02,827.52,741,531151.28,80078.23,15.08,148,rank_exit,1959.92
DIVISLAB,2020-10-05,2978.42,2021-03-02,3348.85,178,530158.8,64015.86,12.07,148,rank_exit,1921.16
EIDPARRY,2020-10-05,269.1,2021-03-02,322.27,1976,531741.16,103060.78,19.38,148,rank_exit,2012.6
SUZLON,2021-01-04,6.43,2021-03-02,5.41,85236,548401.98,-88746.4,-16.18,57,r2_exit,1645.44
AMBER,2020-06-02,1351.35,2021-04-05,3244.3,516,697296.6,972277.69,139.44,307,rank_exit,4485.8
POLYMED,2020-10-05,465.02,2021-04-05,823.9,1143,531522.74,407506.96,76.67,182,rank_exit,2683.43
ADVENZYMES,2020-10-05,315.92,2021-04-05,331.39,1683,531688.43,24209.13,4.55,182,universe_exit,1838.49
SYNGENE,2020-10-05,556.99,2021-04-05,556.67,954,531372.33,-2086.26,-0.39,182,rank_exit,1779.42
CIPLA,2020-10-05,741.24,2021-04-05,786.47,717,531466.44,30578.43,5.75,182,rank_exit,1851.79
IDEA,2021-02-02,11.86,2021-04-05,9.94,62388,740037.12,-122112.53,-16.5,62,r2_exit,2215.23
IFBIND,2021-02-02,1366.36,2021-04-05,1073.88,541,739203.46,-160365.14,-21.69,62,universe_exit,2128.05
ADANIGREEN,2020-09-02,509.46,2021-05-04,1048.95,1510,769283.01,810261.38,105.33,244,r2_exit,4370.1
BSOFT,2020-09-02,170.17,2021-05-04,224.82,4521,769338.57,243971.17,31.71,244,rank_exit,3121.14
TATACOMM,2020-10-05,794.46,2021-05-04,1019.01,669,531493.08,148113.91,27.87,211,rank_exit,2111.15
PGEL,2021-04-05,39.11,2021-05-04,33.84,19558,764895.79,-105483.2,-13.79,29,r2_exit,2335.37
JPPOWER,2021-04-05,3.55,2021-05-04,3.15,215252,764908.73,-89912.72,-11.75,29,r2_exit,2369.76
OLECTRA,2021-04-05,224.9,2021-05-04,182.75,3401,764872.6,-145587.44,-19.03,29,r2_exit,2246.83
TIINDIA,2020-10-05,644.24,2021-06-02,1169.47,825,531494.04,430586.57,81.01,240,rank_exit,2734.25
NEULANDLAB,2021-04-05,2172.0,2021-06-02,2042.99,352,764544.58,-47872.21,-6.26,58,r2_exit,2461.28
COHANCE,2021-04-05,479.8,2021-06-02,492.5,1594,764806.68,17628.85,2.31,58,rank_exit,2606.64
JINDALSTEL,2021-05-04,443.38,2021-06-02,389.79,1963,870352.43,-107884.69,-12.4,29,rank_exit,2684.14
TEJASNET,2021-05-04,187.51,2021-06-02,173.2,4642,870439.91,-69199.44,-7.95,29,r2_exit,2769.76
ATGL,2021-02-02,391.74,2021-07-02,918.23,1889,740003.56,989872.43,133.77,150,r2_exit,4668.0
ADANIENSOL,2021-04-05,1009.01,2021-07-02,955.24,758,764828.06,-43225.73,-5.65,88,r2_exit,2472.48
HINDCOPPER,2021-05-04,152.34,2021-07-02,138.35,5714,870491.35,-82700.39,-9.5,59,r2_exit,2740.16
ADANIGREEN,2021-06-02,1276.27,2021-07-02,1014.28,630,804053.25,-167384.19,-20.82,30,r2_exit,2330.3
TMPV,2021-04-05,299.19,2021-08-03,290.52,2556,764737.96,-24688.59,-3.23,120,rank_exit,2513.07
POLYMED,2021-05-04,988.48,2021-08-03,951.18,880,869861.93,-35664.89,-4.1,91,rank_exit,2841.8
PGEL,2021-06-02,41.98,2021-08-03,36.93,19171,804890.02,-99298.71,-12.34,62,r2_exit,2483.29
RPOWER,2021-06-02,8.61,2021-08-03,13.24,93502,804921.35,429092.29,53.31,62,r2_exit,3648.95
TTML,2021-07-02,49.15,2021-08-03,41.71,19715,968974.48,-149619.52,-15.44,32,r2_exit,2923.19
INTELLECT,2021-04-05,711.61,2021-09-02,630.5,1074,764271.43,-89481.0,-11.71,150,r2_exit,2368.58
GPIL,2021-04-05,187.01,2021-09-02,275.46,4090,764875.96,358384.41,46.86,150,r2_exit,3358.53
HFCL,2021-06-02,43.47,2021-09-02,67.47,18518,804900.57,440787.08,54.76,92,r2_exit,3674.68
FSL,2021-07-02,174.18,2021-09-02,161.39,5563,968963.3,-74259.36,-7.66,62,r2_exit,3089.38
NEWGEN,2021-07-02,303.29,2021-09-02,270.68,3195,969007.26,-107188.05,-11.06,62,r2_exit,3016.9
BSOFT,2021-07-02,376.97,2021-09-02,381.62,2570,968815.44,8668.22,0.89,62,rank_exit,3271.81
DEEPAKNTR,2020-05-05,493.39,2021-10-04,2341.91,1524,751930.78,2808415.4,373.49,517,rank_exit,8719.49
KPITTECH,2021-04-05,169.61,2021-10-04,330.13,4509,764792.2,719611.73,94.09,182,rank_exit,4155.07
SPLPETRO,2021-05-04,328.85,2021-10-04,331.6,2647,870460.41,4351.89,0.5,153,rank_exit,2932.08
SARDAEN,2021-08-03,82.36,2021-10-04,68.07,10524,866724.6,-152965.6,-17.65,62,rank_exit,2572.51
ANGELONE,2021-08-03,122.74,2021-11-02,112.63,7062,866767.36,-74092.31,-8.55,91,r2_exit,2746.64
TEJASNET,2021-08-03,282.07,2021-11-02,432.81,3072,866515.65,459152.87,52.99,91,r2_exit,3922.06
JSWENERGY,2021-08-03,238.06,2021-12-02,298.93,3640,866548.36,218171.04,25.18,121,r2_exit,3390.6
ACE,2021-09-02,241.01,2021-12-02,209.93,3996,963089.17,-127178.37,-13.21,91,r2_exit,2952.93
ANANTRAJ,2021-10-04,78.02,2021-12-02,62.04,21254,1658280.03,-344581.27,-20.78,59,rank_exit,4807.4
HFCL,2021-10-04,73.0,2021-12-02,71.02,22715,1658278.66,-50425.28,-3.04,59,r2_exit,5456.26
MAXHEALTH,2021-09-02,375.7,2022-02-02,365.76,2563,962910.64,-28628.53,-2.97,153,rank_exit,3169.72
TTML,2022-01-04,227.68,2022-02-02,148.65,5095,1160016.59,-405638.56,-34.97,29,r2_exit,2999.85
ADANIENT,2021-04-05,1124.89,2022-03-03,1664.61,679,763800.68,363106.96,47.54,332,rank_exit,3365.34
POONAWALLA,2021-04-05,120.12,2022-03-03,238.87,6367,764798.73,751855.62,98.31,332,rank_exit,4226.21
ELECON,2021-05-04,47.71,2022-03-03,73.06,18247,870521.12,458679.08,52.69,303,r2_exit,3934.46
OLECTRA,2021-08-03,324.85,2022-03-03,655.29,2668,866700.76,876757.47,101.16,212,r2_exit,4843.85
SAREGAMA,2021-10-04,352.37,2022-03-03,396.64,4706,1658257.16,202308.93,12.2,150,r2_exit,6013.68
PGEL,2021-10-04,40.18,2022-03-03,60.89,41273,1658322.43,847448.15,51.1,150,r2_exit,7436.99
TRIDENT,2022-01-04,50.84,2022-03-03,47.89,22820,1160150.67,-71150.81,-6.13,58,r2_exit,3738.13
KPITTECH,2022-01-04,592.47,2022-03-03,557.18,1958,1160064.22,-72844.11,-6.28,58,r2_exit,3734.11
JBMA,2022-01-04,249.91,2022-03-03,212.34,4642,1160099.17,-177914.79,-15.34,58,r2_exit,3502.45
RPOWER,2022-01-04,14.81,2022-03-03,13.44,78311,1160161.82,-111581.15,-9.62,58,r2_exit,3648.99
PRAJIND,2021-06-02,309.64,2022-04-04,376.63,2599,804766.72,171015.88,21.25,306,rank_exit,3079.15
ATGL,2021-09-02,1472.32,2022-05-04,2443.97,654,962894.46,630836.73,65.51,244,rank_exit,4624.35
KPITTECH,2022-04-04,601.09,2022-05-04,526.07,2310,1388516.53,-177571.76,-12.79,30,r2_exit,4270.1
GMDCLTD,2022-04-04,172.47,2022-05-04,153.56,8051,1388593.48,-156608.94,-11.28,30,r2_exit,4316.6
HFCL,2022-04-04,81.1,2022-05-04,67.6,17123,1388652.08,-235210.1,-16.94,30,r2_exit,4143.41
JSL,2022-04-04,200.2,2022-05-04,183.32,6936,1388600.74,-121494.97,-8.75,30,rank_exit,4394.08
RHIM,2022-04-04,605.37,2022-05-04,603.13,2293,1388115.8,-9777.85,-0.7,30,rank_exit,4638.88
ADANIENSOL,2021-09-02,1639.64,2022-06-02,1953.09,587,962467.51,180370.01,18.74,273,r2_exit,3629.25
GRAVITA,2021-09-02,192.15,2022-06-02,267.87,5012,963063.41,375456.9,38.99,273,r2_exit,4061.58
KPRMILL,2022-01-04,693.68,2022-06-02,578.98,1672,1159839.9,-195245.36,-16.83,149,r2_exit,3463.35
ANGELONE,2022-02-02,128.11,2022-06-02,137.45,6574,842175.43,58468.75,6.94,120,r2_exit,2956.49
BSE,2022-04-04,298.76,2022-06-02,236.96,4648,1388636.39,-291279.58,-20.98,59,r2_exit,4019.68
USHAMART,2022-04-04,125.12,2022-06-02,111.86,11098,1388579.88,-151501.06,-10.91,59,r2_exit,4327.82
SAREGAMA,2022-04-04,455.95,2022-06-02,390.66,3045,1388359.05,-203017.73,-14.62,59,r2_exit,4213.44
SARDAEN,2022-04-04,111.95,2022-06-02,90.26,12404,1388616.31,-273145.69,-19.67,59,r2_exit,4059.61
DEEPAKFERT,2022-02-02,546.5,2022-07-04,585.83,1541,842157.56,57658.05,6.85,152,rank_exit,2954.64
TEJASNET,2022-04-04,469.23,2022-07-04,447.94,2959,1388462.75,-67521.34,-4.86,91,r2_exit,4512.67
ADANIPOWER,2022-06-02,58.41,2022-07-04,52.73,20570,1201459.73,-120628.52,-10.04,32,r2_exit,3767.68
RENUKA,2022-06-02,52.35,2022-07-04,45.85,22950,1201485.27,-152830.37,-12.72,32,r2_exit,3696.73
BDL,2022-06-02,397.38,2022-07-04,322.08,3023,1201269.53,-231144.03,-19.24,32,r2_exit,3523.26
TATAPOWER,2022-06-02,224.49,2022-07-04,202.18,5352,1201467.76,-123162.9,-10.25,32,r2_exit,3762.12
CHENNPETRO,2022-06-02,249.31,2022-07-04,249.65,4819,1201445.37,-2403.74,-0.2,32,r2_exit,4028.42
NAVA,2022-06-02,84.82,2022-07-04,80.77,14164,1201439.15,-61378.41,-5.11,32,rank_exit,3898.31
SWANCORP,2022-06-02,277.87,2022-07-04,185.46,4323,1201250.63,-402646.75,-33.52,32,r2_exit,3144.89
JWL,2022-04-04,47.65,2022-08-02,59.11,29141,1388634.94,328549.12,23.66,120,rank_exit,5386.92
HBLENGINE,2022-06-02,93.42,2022-08-02,86.41,12861,1201495.7,-93966.01,-7.82,61,rank_exit,3826.62
SOLARINDS,2022-06-02,2612.83,2022-08-02,2689.55,459,1199287.22,31119.18,2.59,61,rank_exit,4095.12
LINDEINDIA,2022-08-02,3626.46,2022-09-02,3359.47,312,1131454.85,-86906.79,-7.68,31,rank_exit,3607.03
TEJASNET,2022-08-02,477.76,2022-09-02,666.93,2371,1132772.9,443742.57,39.17,31,rank_exit,4781.99
HAL,2022-08-02,962.47,2022-09-02,1105.45,1177,1132827.89,164122.82,14.49,31,rank_exit,4165.38
TATAELXSI,2020-10-05,1210.74,2022-10-04,8093.97,439,531515.55,3013307.66,566.93,729,r2_exit,8431.43
KEI,2022-06-02,1301.75,2022-10-04,1420.42,922,1200214.84,105148.85,8.76,124,rank_exit,4261.53
ADANIENSOL,2022-08-02,3278.68,2022-10-04,3240.76,345,1131142.98,-16842.7,-1.49,63,r2_exit,3760.54
USHAMART,2022-08-02,142.62,2022-10-04,115.65,7944,1132940.12,-217565.16,-19.2,63,r2_exit,3323.81
TATAPOWER,2022-08-02,224.34,2022-10-04,211.04,5050,1132894.23,-70799.31,-6.25,63,r2_exit,3647.4
ELGIEQUIP,2022-09-02,491.92,2022-10-04,426.35,2651,1304086.62,-177818.64,-13.64,32,r2_exit,3986.09
ADANIGREEN,2022-09-02,2427.27,2022-10-04,2151.85,537,1303446.65,-151946.35,-11.66,32,r2_exit,4041.01
CGPOWER,2021-04-05,67.98,2022-11-02,258.56,11251,764866.95,2136866.2,279.38,576,rank_exit,7281.58
SCHAEFFLER,2022-06-02,2325.79,2022-11-02,2714.77,516,1200105.67,196251.46,16.35,153,r2_exit,4462.13
TIMKEN,2022-06-02,2550.09,2022-11-02,2806.53,471,1201090.4,116494.26,9.7,153,rank_exit,4289.5
INDHOTEL,2022-08-02,267.17,2022-11-02,337.64,4240,1132804.97,294315.92,25.98,92,rank_exit,4452.49
FLUOROCHEM,2021-09-02,1699.03,2022-12-02,3468.99,566,961650.63,996370.63,103.61,456,rank_exit,5426.49
PGEL,2022-06-02,89.01,2022-12-02,97.83,13498,1201466.64,114714.87,9.55,183,rank_exit,4286.84
ADANIPOWER,2022-08-02,64.26,2022-12-02,65.73,17629,1132913.53,22062.44,1.95,122,r2_exit,3852.3
AWL,2022-08-02,720.96,2022-12-02,645.88,1571,1132624.8,-121487.97,-10.73,122,r2_exit,3534.68
DEEPAKFERT,2022-11-02,888.12,2022-12-02,773.95,1767,1569312.92,-206552.34,-13.16,30,r2_exit,4813.17
KPITTECH,2022-11-02,700.61,2022-12-02,693.95,2241,1570066.36,-20149.94,-1.28,30,rank_exit,5226.88
TIINDIA,2022-11-02,2794.36,2022-12-02,2783.81,561,1567637.29,-11159.48,-0.71,30,rank_exit,5238.56
ELGIEQUIP,2022-11-02,485.56,2023-01-03,412.77,3233,1569828.29,-240074.27,-15.29,62,r2_exit,4740.96
TARIL,2022-11-02,28.56,2023-01-03,27.95,54977,1570054.8,-38456.68,-2.45,62,rank_exit,5186.46
ATGL,2022-08-02,3208.81,2023-02-02,1703.66,353,1132709.53,-533944.29,-47.14,184,r2_exit,2625.15
ADANIENT,2022-11-02,3577.07,2023-02-02,2342.24,438,1566757.36,-544914.64,-34.78,92,r2_exit,4058.21
HSCL,2022-11-02,102.59,2023-02-02,88.38,15305,1570069.96,-222212.63,-14.15,92,rank_exit,4781.17
RENUKA,2022-12-02,57.66,2023-02-02,47.8,24551,1415551.7,-246170.7,-17.39,62,r2_exit,4209.54
JWL,2022-09-02,79.5,2023-03-02,101.51,16404,1304171.65,355855.59,27.29,181,r2_exit,5163.58
RHIM,2022-12-02,792.14,2023-03-02,638.07,1787,1415553.54,-279462.54,-19.74,90,r2_exit,4136.11
RVNL,2022-12-02,72.18,2023-03-02,59.43,19612,1415565.31,-254225.56,-17.96,90,r2_exit,4191.82
GESHIP,2022-12-02,594.69,2023-03-02,499.62,2380,1415371.07,-230514.62,-16.29,90,r2_exit,4243.47
LEMONTREE,2022-12-02,98.55,2023-03-02,78.62,14364,1415549.89,-290345.68,-20.51,90,r2_exit,4112.09
MAZDOCK,2022-11-02,307.29,2023-04-05,320.46,5109,1569959.3,61875.88,3.94,154,r2_exit,5407.46
BDL,2022-08-02,398.4,2023-05-03,488.38,2843,1132656.75,251461.52,22.2,274,rank_exit,4357.46
GRSE,2022-11-02,441.33,2023-05-03,485.53,3557,1569823.58,151592.85,9.66,182,rank_exit,5604.9
GESHIP,2023-04-05,564.42,2023-05-03,593.31,2200,1241719.78,59266.72,4.77,28,rank_exit,4299.67
BLS,2022-06-02,89.34,2023-06-02,181.1,13448,1201456.56,1227193.72,102.14,365,rank_exit,6740.77
HAL,2022-12-02,1321.13,2023-06-02,1492.8,1071,1414934.92,178709.03,12.63,182,rank_exit,5144.7
INDIANB,2023-04-05,264.89,2023-06-02,250.56,4689,1242063.11,-71177.8,-5.73,58,rank_exit,4013.08
AEGISLOG,2023-04-05,363.3,2023-06-02,333.51,3419,1242117.99,-105780.72,-8.52,58,rank_exit,3936.94
UCOBANK,2023-05-03,29.24,2023-06-02,26.96,50136,1466039.24,-118833.76,-8.11,30,r2_exit,4659.94
VBL,2022-11-02,220.01,2023-07-04,324.63,7136,1569971.62,739699.4,47.12,244,rank_exit,6902.68
CHOICEIN,2023-04-05,142.64,2023-07-04,177.22,8709,1242273.53,296333.57,23.85,90,rank_exit,4824.47
ELECON,2022-08-02,175.34,2023-08-02,388.3,6461,1132871.8,1369107.96,120.85,365,rank_exit,6823.55
KARURVYSYA,2022-12-02,79.8,2023-08-02,100.34,17739,1415526.04,358929.03,25.36,243,rank_exit,5544.22
CIEINDIA,2023-04-05,348.52,2023-08-02,480.79,3564,1242130.38,466215.84,37.53,119,rank_exit,5198.72
TARIL,2023-06-02,42.19,2023-08-02,43.42,36403,1535789.29,39707.47,2.59,61,r2_exit,5243.84
CEMPRO,2023-06-02,163.8,2023-08-02,183.56,9376,1535793.63,179729.71,11.7,61,rank_exit,5552.72
KIRLOSENG,2023-04-05,386.13,2023-09-04,485.65,3217,1242179.43,315275.58,25.38,152,rank_exit,4865.94
FINCABLES,2023-04-05,798.46,2023-10-04,1077.53,1555,1241610.96,428829.82,34.54,182,rank_exit,5114.51
DATAPATTNS,2023-04-05,1408.05,2023-10-04,2094.18,882,1241898.57,599677.72,48.29,182,rank_exit,5492.34
ACE,2023-04-05,413.05,2023-10-04,665.9,3007,1242034.78,754501.16,60.75,182,rank_exit,5834.32
JWL,2023-07-04,181.86,2023-10-04,305.89,10567,1921754.13,1301210.35,67.71,92,r2_exit,9322.36
NCC,2023-08-02,147.87,2023-10-04,155.9,12549,1855683.06,94213.35,5.08,63,rank_exit,6438.08
JBMA,2023-07-04,693.61,2023-11-02,610.09,2770,1921304.84,-237269.79,-12.35,121,r2_exit,5927.19
UJJIVANSFB,2023-08-02,49.02,2023-11-02,51.15,37854,1855756.15,73999.29,3.99,92,rank_exit,6393.73
MAZDOCK,2023-05-03,380.29,2023-12-04,1000.97,3855,1466005.35,2382548.1,162.52,215,rank_exit,10177.51
ANANTRAJ,2023-04-05,125.01,2024-02-02,315.33,9937,1242225.76,1882844.82,151.57,303,rank_exit,8323.92
FACT,2023-05-03,348.9,2024-02-02,839.49,4201,1465722.07,2051535.15,139.97,275,rank_exit,9446.39
JSL,2023-06-02,290.04,2024-02-02,565.03,5295,1535768.71,1447735.24,94.27,245,rank_exit,8349.67
KALYANKJIL,2023-12-04,338.59,2024-02-02,334.09,6702,2269217.05,-37713.72,-1.66,60,rank_exit,7535.46
APARINDS,2022-11-02,1407.64,2024-03-04,6181.87,1115,1569518.02,5306289.89,338.08,488,rank_exit,16974.4
RVNL,2023-04-05,73.62,2024-03-04,246.68,16874,1242250.61,2909717.95,234.23,334,r2_exit,10589.14
RKFORGE,2023-08-02,557.24,2024-03-04,784.27,3330,1855609.41,748126.57,40.32,215,rank_exit,7880.27
IFCI,2024-02-02,63.56,2024-03-04,45.9,46593,2961614.16,-830917.13,-28.06,31,r2_exit,8110.41
ZENTEC,2023-08-02,628.64,2024-04-02,958.61,2952,1855732.22,965723.68,52.04,244,rank_exit,8360.67
HBLENGINE,2023-09-04,274.54,2024-04-02,461.82,5644,1549514.22,1049477.09,67.73,211,r2_exit,7517.32
TITAGARH,2023-04-05,278.02,2024-05-03,1057.11,4468,1242184.53,3469140.73,279.28,394,rank_exit,11822.93
OLECTRA,2024-03-04,1977.78,2024-05-03,1730.09,1991,3937765.62,-505259.24,-12.83,60,rank_exit,12106.09
JINDALSAW,2023-06-02,118.01,2024-06-04,267.78,13014,1535805.92,1939617.35,126.29,368,rank_exit,9434.82
NEULANDLAB,2023-06-02,2757.05,2024-06-04,6135.55,557,1535677.8,1872539.89,121.94,368,r2_exit,9286.43
NEWGEN,2023-12-04,721.21,2024-06-04,883.4,3146,2268920.39,501520.27,22.1,183,rank_exit,8723.94
CHENNPETRO,2023-12-04,609.8,2024-06-04,873.27,3721,2269078.3,970583.25,42.77,183,rank_exit,9759.15
SCHNEIDER,2024-04-02,817.82,2024-06-04,743.66,3309,2706156.45,-253925.5,-9.38,63,r2_exit,8525.5
ACE,2024-04-02,1605.64,2024-06-04,1443.28,1685,2705495.24,-282031.16,-10.42,63,rank_exit,8461.29
TITAGARH,2024-06-04,1484.96,2024-08-02,1535.8,1994,2961008.87,91223.99,3.08,59,rank_exit,10142.49
MAZDOCK,2024-06-04,1580.66,2024-08-02,2453.35,1874,2962163.91,1621895.89,54.75,59,rank_exit,13522.81
SJVN,2024-06-04,137.35,2024-08-02,137.08,21566,2962160.59,-15828.33,-0.53,59,rank_exit,9910.22
JWL,2023-12-04,344.36,2024-09-03,552.35,6589,2268999.56,1359819.04,59.93,274,r2_exit,10617.49
RECLTD,2023-12-04,342.06,2024-09-03,561.99,6634,2269215.17,1448181.67,63.82,274,rank_exit,10813.12
PFC,2023-12-04,341.16,2024-09-03,500.68,6651,2269038.13,1051030.73,46.32,274,rank_exit,9936.47
ANANDRATHI,2023-12-04,663.89,2024-09-03,928.48,3418,2269179.67,894786.76,39.43,274,rank_exit,9592.3
COCHINSHIP,2024-05-03,1315.83,2024-09-03,1873.68,3095,4072509.25,1709098.93,41.97,123,r2_exit,17443.03
HBLENGINE,2024-06-04,501.11,2024-09-03,634.8,5911,2962041.42,778615.38,26.29,91,rank_exit,11662.25
IRFC,2024-02-02,167.0,2024-10-03,148.23,17734,2961572.96,-342066.81,-11.55,244,r2_exit,9188.61
FORCEMOT,2024-03-04,6625.14,2024-10-03,7596.56,594,3935331.97,562570.16,14.3,213,r2_exit,14453.4
HUDCO,2024-03-04,182.59,2024-10-03,217.0,21575,3939337.52,727701.1,18.47,213,r2_exit,14831.1
IFCI,2024-06-04,60.96,2024-10-03,63.39,48593,2962273.09,107686.52,3.64,121,r2_exit,10183.05
IREDA,2024-08-02,252.91,2024-10-03,223.59,13938,3525101.35,-419620.64,-11.9,62,r2_exit,10909.52
OIL,2024-09-03,684.86,2024-10-03,545.27,5684,3892717.51,-804693.29,-20.67,30,r2_exit,11294.34
STAR,2024-09-03,1352.03,2024-10-03,1415.51,2879,3892499.76,169322.98,4.35,30,universe_exit,13442.15
SUZLON,2023-08-02,19.37,2024-11-04,68.12,95810,1855777.46,4654475.71,250.81,460,rank_exit,16497.68
RVNL,2024-08-02,571.74,2024-11-04,463.49,6165,3524771.41,-677704.73,-19.23,94,r2_exit,10339.12
NBCC,2024-08-02,115.07,2024-11-04,98.72,30635,3525167.85,-511601.69,-14.51,94,r2_exit,10706.85
PCBL,2024-10-03,533.62,2024-11-04,404.91,6725,3588616.5,-875742.71,-24.4,32,r2_exit,10116.63
KALYANKJIL,2024-10-03,723.61,2024-11-04,661.5,4959,3588369.83,-319333.81,-8.9,32,rank_exit,11343.16
BSE,2023-12-04,848.57,2024-12-03,1513.7,2674,2269068.26,1767053.44,77.88,365,rank_exit,11516.02
INOXWIND,2024-03-04,138.3,2024-12-03,202.25,28484,3939356.24,1804256.99,45.8,274,r2_exit,17205.89
TECHNOE,2024-06-04,1475.85,2024-12-03,1434.18,2007,2962024.31,-93356.54,-3.15,182,rank_exit,9738.74
MCX,2024-09-03,1027.02,2024-12-03,1255.25,3790,3892420.34,850049.49,21.84,91,rank_exit,14943.47
SIGNATURE,2024-10-03,1592.59,2024-12-03,1350.55,2253,3588107.52,-556142.51,-15.5,61,r3_exit,10819.91
POWERINDIA,2024-10-03,14245.66,2024-12-03,12207.57,251,3575659.52,-522412.37,-14.61,61,r2_exit,10852.52
GODFRYPHLP,2024-10-03,2179.53,2024-12-03,1853.47,1646,3587508.45,-547535.38,-15.26,61,r2_exit,10836.89
NATIONALUM,2024-12-03,228.5,2025-01-02,200.61,16374,3741427.05,-468227.64,-12.51,30,rank_exit,11528.59
TARIL,2024-02-02,172.54,2025-02-03,404.98,17164,2961490.65,3970823.36,134.08,367,r2_exit,18701.95
TRENT,2024-09-03,7171.44,2025-02-03,6191.06,542,3886917.84,-543214.07,-13.98,153,r2_exit,11851.65
NETWEB,2024-09-03,2797.66,2025-02-03,1754.97,1391,3891550.84,-1460234.37,-37.52,153,r2_exit,9844.39
PGEL,2024-10-03,617.34,2025-02-03,801.29,5813,3588625.69,1054922.89,29.4,123,r2_exit,14375.43
NEULANDLAB,2024-10-03,12329.34,2025-02-03,14084.1,291,3587836.58,497493.66,13.87,123,r2_exit,13143.17
DIXON,2024-12-03,17009.43,2025-02-03,14559.04,219,3725065.41,-547933.52,-14.71,62,r2_exit,11297.84
OFSS,2024-12-03,11463.44,2025-02-03,8189.77,326,3737081.46,-1077385.31,-28.83,62,r2_exit,10170.29
JYOTICNC,2024-12-03,1276.12,2025-02-03,998.9,2931,3740321.86,-823287.27,-22.01,62,r2_exit,10741.67
JUBLPHARMA,2024-12-03,1202.67,2025-02-03,945.09,3111,3741507.37,-812095.11,-21.71,62,r2_exit,10770.34
ANANTRAJ,2024-12-03,718.37,2025-02-03,632.56,5208,3741287.97,-458449.73,-12.25,62,r2_exit,11549.69
AEGISLOG,2024-12-03,822.72,2025-02-03,670.59,4547,3740915.68,-702758.33,-18.79,62,universe_exit,11009.54
KAYNES,2024-12-03,6356.0,2025-02-03,4745.3,588,3737327.74,-957526.99,-25.62,62,r2_exit,10435.51
TIMETECHNO,2024-12-03,223.95,2025-02-03,192.82,16707,3741455.29,-531477.37,-14.21,62,r2_exit,11389.17
ZENTEC,2024-12-03,1900.23,2025-02-03,1779.77,1969,3741547.94,-249186.57,-6.66,62,r2_exit,12012.17
ETERNAL,2024-12-03,279.98,2025-02-03,233.76,13363,3741368.89,-628861.32,-16.81,62,r2_exit,11174.06
GVT&D,2024-02-02,681.98,2025-03-04,1293.12,4342,2961148.63,2637836.03,89.08,396,r2_exit,15760.42
GALLANTT,2024-05-03,325.02,2025-03-04,299.27,12530,4072458.28,-335505.6,-8.24,305,r2_exit,12932.76
WOCKPHARMA,2024-09-03,1066.06,2025-03-04,1197.8,3651,3892203.31,466870.64,12.0,182,r2_exit,14097.5
BSE,2025-02-03,1768.53,2025-03-04,1417.72,1956,3459235.32,-696251.03,-20.13,29,r2_exit,10078.18
PTCIL,2025-02-03,14714.7,2025-03-04,10247.39,235,3457954.5,-1059090.71,-30.63,29,r2_exit,9273.51
LLOYDSME,2025-02-03,1201.59,2025-03-04,977.46,2879,3459364.46,-655439.59,-18.95,29,r2_exit,10168.64
MAZDOCK,2025-02-03,2311.12,2025-03-04,2104.11,1496,3457434.25,-320581.11,-9.27,29,r2_exit,10900.8
LTFOODS,2025-02-03,381.6,2025-03-04,324.54,9065,3459205.84,-527704.21,-15.26,29,r2_exit,10449.87
M&M,2025-02-03,3003.73,2025-03-04,2511.67,1151,3457290.3,-576691.49,-16.68,29,r3_exit,10335.38
AIIL,2025-02-03,340.3,2025-03-04,308.38,10165,3459142.2,-335350.89,-9.69,29,r3_exit,10873.96
VEDL,2025-02-03,407.57,2025-03-04,374.24,8487,3459062.14,-293811.09,-8.49,29,r2_exit,10965.32
MCX,2025-02-03,1134.02,2025-03-04,918.33,3050,3458760.28,-667995.8,-19.31,29,r2_exit,10138.91
DOMS,2025-02-03,2495.33,2025-03-04,2314.92,1386,3458520.66,-261077.38,-7.55,29,r2_exit,11035.71
BLUEJET,2025-02-03,757.43,2025-05-05,748.23,4567,3459162.17,-53476.36,-1.55,91,r2_exit,11495.8
BLUESTARCO,2025-02-03,1982.71,2025-05-05,1658.78,1744,3457838.38,-575264.46,-16.64,91,r2_exit,10340.37
TARIL,2025-04-02,509.7,2025-05-05,494.8,6472,3298765.32,-107263.09,-3.25,33,r2_exit,10838.64
WOCKPHARMA,2025-04-02,1463.21,2025-05-05,1305.69,2254,3298079.28,-365314.38,-11.08,33,r2_exit,10267.11
NAVA,2025-04-02,518.48,2025-05-05,446.84,6363,3299080.24,-465912.19,-14.12,33,r2_exit,10048.57
GALLANTT,2025-04-02,413.79,2025-05-05,432.8,7973,3299107.85,140247.82,4.25,33,rank_exit,11385.76
AEGISLOG,2025-04-02,772.08,2025-05-05,761.05,4273,3299100.61,-58084.71,-1.76,33,rank_exit,10948.25
TIMETECHNO,2025-04-02,215.53,2025-05-05,169.44,15307,3299136.64,-715062.62,-21.67,33,r2_exit,9499.17
AMBER,2025-04-02,6906.9,2025-05-05,6213.28,477,3294591.3,-341165.17,-10.36,33,r2_exit,10308.67
SARDAEN,2025-02-03,456.61,2025-06-03,436.63,7576,3459253.12,-162562.83,-4.7,120,r2_exit,11255.48
PGEL,2025-04-02,902.2,2025-06-03,793.86,3656,3298457.86,-406301.72,-12.32,62,r2_exit,10177.97
DIXON,2025-05-05,16478.14,2025-06-03,14658.8,185,3048455.03,-346049.13,-11.35,29,r2_exit,9471.52
COHANCE,2025-05-05,1151.15,2025-06-03,1033.67,2651,3051698.65,-320989.76,-10.52,29,r2_exit,9537.69
CHAMBLFERT,2025-05-05,677.11,2025-06-03,539.2,4507,3051713.6,-630389.08,-20.66,29,r2_exit,8855.25
COROMANDEL,2025-04-02,2033.34,2025-07-02,2305.33,1622,3298070.14,429159.62,13.01,91,rank_exit,12019.58
BHARTIHEXA,2025-05-05,1693.65,2025-07-02,1955.4,1801,3050267.37,460160.22,15.09,58,rank_exit,11255.99
POWERINDIA,2025-05-05,14981.05,2025-07-02,19360.37,203,3041153.26,876857.44,28.83,58,rank_exit,12144.56
ZENTEC,2025-06-03,2136.01,2025-07-02,1972.31,1315,2808849.84,-224200.71,-7.98,29,r2_exit,8935.85
FSL,2025-02-03,322.68,2025-08-04,331.43,10720,3459165.47,81942.51,2.37,182,r3_exit,11794.53
MAZDOCK,2025-04-02,2564.05,2025-08-04,2675.79,1286,3297372.05,132327.19,4.01,124,r2_exit,11362.46
RPOWER,2025-06-03,62.04,2025-08-04,47.53,45288,2809757.17,-665075.24,-23.67,62,r2_exit,7966.39
BLUEJET,2025-06-03,917.0,2025-08-04,801.79,3064,2809701.54,-361666.37,-12.87,62,r2_exit,8635.48
KFINTECH,2025-07-02,1309.62,2025-08-04,1079.36,2622,3433812.08,-613908.38,-17.88,33,r2_exit,10174.46
BSE,2025-04-02,1814.31,2025-09-02,2182.06,1818,3298408.1,656057.88,19.89,153,r2_exit,12521.22
DEEPAKFERT,2025-05-05,1249.43,2025-09-02,1390.81,2442,3051119.89,334261.46,10.96,120,rank_exit,10981.14
WOCKPHARMA,2025-06-03,1471.47,2025-09-02,1419.08,1909,2809036.23,-109203.61,-3.89,91,r2_exit,9190.15
LTFOODS,2025-06-03,441.32,2025-09-02,431.43,6366,2809451.96,-72248.14,-2.57,91,rank_exit,9273.06
LLOYDSME,2025-04-02,1278.36,2025-10-03,1239.52,2580,3298165.99,-111038.59,-3.37,184,r2_exit,10828.3
MCX,2025-07-02,1804.48,2025-10-03,1602.07,1903,3433932.94,-395855.45,-11.53,93,rank_exit,10655.86
JMFINANCIL,2025-07-02,155.36,2025-10-03,160.08,22110,3435061.38,92556.47,2.69,93,rank_exit,11737.01
SARDAEN,2025-07-02,434.28,2025-10-03,550.24,7909,3434691.46,903601.06,26.31,93,rank_exit,13524.82
PARADEEP,2025-05-05,145.2,2025-11-04,168.03,21017,3051680.56,468564.44,15.35,183,r2_exit,11279.27
CHOICEIN,2024-12-03,535.94,2025-12-02,793.66,6981,3741365.2,1782650.78,47.65,364,rank_exit,16493.5
GODFRYPHLP,2025-04-02,2341.72,2025-12-02,2791.83,1408,3297143.81,621307.77,18.84,244,r2_exit,12440.32
GABRIEL,2025-11-04,1281.32,2025-12-02,1041.6,2497,3199443.71,-607968.78,-19.0,28,r2_exit,9400.69
HBLENGINE,2025-11-04,988.44,2025-12-02,867.24,3237,3199577.14,-402171.65,-12.57,28,r2_exit,9855.1
SYRMA,2025-11-04,791.83,2025-12-02,811.36,4041,3199792.58,68008.2,2.13,28,rank_exit,10892.97
PAYTM,2025-05-05,839.84,2026-01-02,1290.71,3633,3051135.09,1624180.51,53.23,242,rank_exit,13826.56
ABDL,2025-11-04,682.28,2026-01-02,595.59,4690,3199892.57,-416392.91,-13.01,59,rank_exit,9824.79
BSE,2025-11-04,2550.83,2026-01-02,2629.43,1254,3198746.81,87630.18,2.74,59,rank_exit,10932.75
SAGILITY,2025-11-04,52.4,2026-01-02,51.85,61075,3200330.04,-44285.86,-1.38,59,rank_exit,10647.07
POWERINDIA,2025-12-02,22106.81,2026-01-02,18576.96,163,3603410.33,-586170.15,-16.27,31,rank_exit,10805.05
CEMPRO,2025-12-02,862.86,2026-01-02,769.76,4191,3616229.91,-401431.39,-11.1,31,rank_exit,11255.6
CARTRADE,2025-02-03,1751.75,2026-02-03,2641.96,1974,3457954.5,1741813.75,50.37,365,r2_exit,15451.9
AIIL,2025-05-05,366.62,2026-02-03,544.55,8324,3051752.93,1467638.53,48.09,274,r2_exit,13483.33
ATHERENERG,2025-11-04,691.69,2026-02-03,653.35,4626,3199762.57,-187712.76,-5.87,91,r2_exit,10328.79
MANAPPURAM,2025-11-04,266.24,2026-02-03,287.93,12020,3200154.32,249512.44,7.8,91,rank_exit,11294.56
NAVINFLUOR,2025-11-04,5862.04,2026-02-03,6385.92,545,3194810.11,274183.74,8.58,91,rank_exit,11331.04
MUTHOOTFIN,2025-12-02,3771.91,2026-03-04,3367.23,958,3613486.65,-398932.73,-11.04,92,rank_exit,11251.9
HINDCOPPER,2026-01-02,529.68,2026-03-04,569.98,6341,3358705.75,243719.76,7.26,61,r2_exit,11814.1
LTF,2025-11-04,277.47,2026-04-02,237.42,11533,3200099.0,-471689.2,-14.74,149,r2_exit,9703.51
ABCAPITAL,2025-12-02,356.46,2026-04-02,298.6,10147,3616960.11,-597879.52,-16.53,121,r3_exit,10824.72
SHRIRAMFIN,2026-01-02,1020.0,2026-04-02,870.2,3293,3358876.28,-503468.9,-14.99,90,rank_exit,10166.48
FORCEMOT,2025-11-04,18591.57,2026-05-04,20103.88,172,3197750.56,248831.13,7.78,181,r2_exit,11284.99
ANURAS,2026-01-02,1327.33,2026-05-04,1348.65,2530,3358134.78,42581.22,1.27,122,universe_exit,11368.5
AUBANK,2026-01-02,1002.93,2026-05-04,1021.68,3349,3358809.06,51420.81,1.53,122,rank_exit,11390.26
PFOCUS,2026-05-04,309.36,2026-06-02,227.76,11276,3488332.51,-929748.83,-26.65,29,r2_exit,9660.81
DATAPATTNS,2026-05-04,4125.14,2026-06-02,3812.86,845,3485741.52,-274968.2,-7.89,29,rank_exit,11096.46
RBLBANK,2025-11-04,328.48,2026-07-02,362.1,9743,3200366.79,316122.86,9.88,240,rank_exit,11442.21
GMDCLTD,2026-01-02,602.5,2026-07-02,612.39,5574,3358345.73,43727.67,1.3,181,rank_exit,11371.74
NATIONALUM,2026-05-04,396.41,2026-07-02,334.31,8800,3488423.97,-556937.25,-15.97,59,r2_exit,10483.48
GVT&D,2025-11-04,3200.18,2026-08-04,4354.85,1000,3200183.9,1141405.25,35.67,273,r2_exit,13262.05
MCX,2025-12-02,2039.84,2026-08-04,2646.56,1773,3616644.64,1061222.13,29.34,245,r2_exit,14483.4
APARINDS,2026-05-04,12557.54,2026-08-04,14805.18,277,3478439.96,609571.78,17.52,92,rank_exit,13023.11
ANANDRATHI,2026-05-04,1808.26,2026-08-04,2049.15,1929,3488138.51,451961.42,12.96,92,rank_exit,12708.01
SCHNEIDER,2026-05-04,1249.25,2026-08-04,1339.76,2792,3487900.42,240465.68,6.89,92,rank_exit,12240.68
GABRIEL,2026-07-02,1244.57,2026-08-04,1522.32,2513,3127606.44,685978.07,21.93,33,rank_exit,12013.77
CARTRADE,2026-07-02,2782.78,2026-08-04,2801.2,1124,3127844.72,10175.74,0.33,33,rank_exit,10523.85
