symbol,first_bar,last_bar,bar_count,missing_vs_calendar_since_first_bar
360ONE,2019-09-19,2026-08-31,1722,-6
3MINDIA,2007-01-02,2026-08-31,4851,-202
AADHARHFC,2024-05-15,2026-08-31,573,-5
AARTIDRUGS,2007-01-02,2026-08-31,4853,-204
AARTIIND,2007-01-02,2026-08-31,4853,-204
AARTIPHARM,2023-01-30,2026-08-31,888,-5
AAVAS,2018-10-08,2026-08-31,1954,-8
ABB,2007-01-02,2026-08-31,4853,-204
ABBOTINDIA,2007-01-02,2026-08-31,4853,-204
ABCAPITAL,2017-09-01,2026-08-31,2226,-9
ABDL,2024-07-02,2026-08-31,540,-4
ABFRL,2013-07-17,2026-08-31,3239,-17
ABLBL,2025-06-24,2026-08-31,298,-5
ABREL,2007-01-02,2026-08-31,4853,-204
ABSLAMC,2021-10-11,2026-08-31,1212,-5
ACC,2007-01-02,2026-08-31,4853,-204
ACE,2007-01-02,2026-08-31,4853,-204
ACI,2022-11-21,2026-08-31,936,-4
ACMESOLAR,2024-11-13,2026-08-31,448,-5
ACUTAAS,2021-09-14,2026-08-31,1231,-5
ADANIENSOL,2015-07-31,2026-08-31,2739,-11
ADANIENT,2007-01-02,2026-08-31,4853,-204
ADANIGREEN,2018-06-18,2026-08-31,2029,-8
ADANIPORTS,2007-11-27,2026-08-31,4628,-28
ADANIPOWER,2009-08-20,2026-08-31,4205,-26
ADVENZYMES,2016-08-01,2026-08-31,2494,-10
AEGISLOG,2007-01-02,2026-08-31,4851,-202
AEGISVOPAK,2025-06-02,2026-08-31,314,-5
AEQUS,2025-12-10,2026-08-31,182,-5
AETHER,2022-06-03,2026-08-31,1052,-5
AFCONS,2024-11-04,2026-08-31,455,-5
AFFLE,2019-08-08,2026-08-31,1749,-7
AGARWALEYE,2025-02-04,2026-08-31,389,-3
AHLUCONT,2009-12-14,2026-08-31,4129,-26
AIAENG,2007-01-02,2026-08-31,4851,-202
AIIL,2024-04-23,2026-08-31,588,-5
AJANTPHARM,2007-01-02,2026-08-31,4852,-203
AKUMS,2024-08-06,2026-08-31,514,-2
ALIVUS,2021-08-06,2026-08-31,1255,-4
ALKEM,2015-12-23,2026-08-31,2642,-10
ALKYLAMINE,2007-11-26,2026-08-31,4629,-28
ALOKINDS,2007-01-02,2026-08-31,4853,-204
AMBER,2018-01-30,2026-08-31,2123,-8
AMBUJACEM,2007-01-02,2026-08-31,4853,-204
ANANDRATHI,2021-12-14,2026-08-31,1169,-5
ANANTRAJ,2007-01-02,2026-08-31,4853,-204
ANGELONE,2020-10-05,2026-08-31,1465,-6
ANTHEM,2025-07-21,2026-08-31,279,-5
ANUP,2019-03-01,2026-08-31,1854,-6
ANURAS,2021-03-24,2026-08-31,1346,-4
APARINDS,2007-01-02,2026-08-31,4853,-204
APLAPOLLO,2011-12-14,2026-08-31,3633,-22
APLLTD,2011-09-20,2026-08-31,3688,-23
APOLLO,2018-01-22,2026-08-31,2128,-8
APOLLOHOSP,2007-01-02,2026-08-31,4853,-204
APOLLOTYRE,2007-01-02,2026-08-31,4853,-204
APTUS,2021-08-24,2026-08-31,1245,-5
ARE&M,2007-01-02,2026-08-31,4853,-204
ARVIND,2007-01-02,2026-08-31,4853,-204
ARVINDFASN,2019-03-08,2026-08-31,1851,-7
ASAHIINDIA,2007-01-02,2026-08-31,4857,-208
ASHAPURMIN,2007-01-02,2026-08-31,4853,-204
ASHOKA,2010-10-14,2026-08-31,3920,-25
ASHOKLEY,2007-01-02,2026-08-31,4853,-204
ASIANPAINT,2007-01-02,2026-08-31,4853,-204
ASKAUTOLTD,2023-11-15,2026-08-31,693,-5
ASTERDM,2018-02-26,2026-08-31,2105,-8
ASTRAL,2007-03-20,2026-08-31,4801,-152
ASTRAMICRO,2007-01-02,2026-08-31,4853,-204
ATGL,2018-11-05,2026-08-31,1935,-8
ATHERENERG,2025-05-06,2026-08-31,333,-5
ATLANTAELE,2025-09-29,2026-08-31,230,-4
ATUL,2007-01-02,2026-08-31,4853,-204
AUBANK,2017-07-11,2026-08-31,2262,-9
AURIONPRO,2007-01-02,2026-08-31,4853,-204
AUROPHARMA,2007-01-02,2026-08-31,4852,-203
AVALON,2023-04-18,2026-08-31,837,-5
AVANTIFEED,2010-01-08,2026-08-31,4112,-25
AVL,2024-11-06,2026-08-31,451,-3
AWFIS,2024-05-30,2026-08-31,563,-5
AWL,2022-02-08,2026-08-31,1130,-5
AXISBANK,2007-01-02,2026-08-31,4853,-204
AXISCADES,2007-01-02,2026-08-31,4854,-205
AZAD,2023-12-28,2026-08-31,664,-5
BAJAJ-AUTO,2007-01-02,2026-08-31,4853,-204
BAJAJELEC,2007-11-02,2026-08-31,4644,-28
BAJAJFINSV,2007-01-02,2026-08-31,4853,-204
BAJAJHFL,2024-09-16,2026-08-31,489,-5
BAJAJHLDNG,2007-01-02,2026-08-31,4853,-204
BAJFINANCE,2007-01-02,2026-08-31,4853,-204
BALAMINES,2007-04-05,2026-08-31,4790,-141
BALKRISIND,2007-01-02,2026-08-31,4852,-203
BALRAMCHIN,2007-01-02,2026-08-31,4853,-204
BALUFORGE,2024-04-29,2026-08-31,584,-5
BANCOINDIA,2007-01-02,2026-08-31,4852,-203
BANDHANBNK,2018-03-27,2026-08-31,2085,-8
BANKBARODA,2007-01-02,2026-08-31,4853,-204
BANKINDIA,2007-01-02,2026-08-31,4853,-204
BATAINDIA,2007-01-02,2026-08-31,4853,-204
BAYERCROP,2010-01-08,2026-08-31,4113,-26
BBOX,2007-01-02,2026-08-31,4853,-204
BBTC,2007-01-02,2026-08-31,4853,-204
BDL,2018-03-23,2026-08-31,2087,-8
BECTORFOOD,2020-12-24,2026-08-31,1408,-5
BEL,2007-01-02,2026-08-31,4853,-204
BELRISE,2025-05-28,2026-08-31,317,-5
BEML,2007-01-02,2026-08-31,4853,-204
BERGEPAINT,2007-01-02,2026-08-31,4853,-204
BHARATFORG,2007-01-02,2026-08-31,4852,-203
BHARTIARTL,2007-01-02,2026-08-31,4853,-204
BHARTIHEXA,2024-04-12,2026-08-31,594,-5
BHEL,2007-01-02,2026-08-31,4853,-204
BIKAJI,2022-11-16,2026-08-31,939,-4
BIOCON,2007-01-02,2026-08-31,4853,-204
BIRLACORPN,2007-01-02,2026-08-31,4853,-204
BLACKBUCK,2024-11-22,2026-08-31,442,-4
BLS,2016-06-15,2026-08-31,2526,-10
BLUEDART,2007-01-02,2026-08-31,4853,-204
BLUEJET,2023-11-01,2026-08-31,702,-5
BLUESTARCO,2007-01-02,2026-08-31,4853,-204
BLUESTONE,2025-08-19,2026-08-31,258,-4
BORORENEW,2018-05-25,2026-08-31,2045,-8
BOSCHLTD,2007-01-02,2026-08-31,4852,-203
BPCL,2007-01-02,2026-08-31,4853,-204
BRIGADE,2007-12-31,2026-08-31,4606,-28
BRITANNIA,2007-01-02,2026-08-31,4853,-204
BSE,2017-02-03,2026-08-31,2368,-9
BSOFT,2007-01-02,2026-08-31,4854,-205
CAMPUS,2022-05-09,2026-08-31,1071,-5
CAMS,2020-10-05,2026-08-31,1465,-6
CANBK,2007-01-02,2026-08-31,4853,-204
CANFINHOME,2007-01-02,2026-08-31,4853,-204
CANHLIFE,2025-10-17,2026-08-31,218,-5
CAPILLARY,2025-11-21,2026-08-31,195,-5
CAPLIPOINT,2014-06-23,2026-08-31,3009,-13
CARBORUNIV,2007-01-02,2026-08-31,4852,-203
CARTRADE,2021-08-20,2026-08-31,1247,-5
CASTROLIND,2007-01-02,2026-08-31,4853,-204
CCAVENUE,2016-04-04,2026-08-31,2575,-10
CCL,2007-01-02,2026-08-31,4853,-204
CDSL,2017-06-30,2026-08-31,2269,-9
CEATLTD,2008-02-01,2026-08-31,4582,-28
CELLO,2023-11-06,2026-08-31,697,-3
CEMPRO,2007-01-02,2026-08-31,4853,-204
CENTRALBK,2007-08-21,2026-08-31,4696,-47
CENTURYPLY,2007-01-02,2026-08-31,4852,-203
CERA,2007-11-02,2026-08-31,4643,-27
CESC,2007-01-02,2026-08-31,4853,-204
CGCL,2010-10-29,2026-08-31,3909,-25
CGPOWER,2007-01-02,2026-08-31,4853,-204
CHALET,2019-02-07,2026-08-31,1870,-7
CHAMBLFERT,2007-01-02,2026-08-31,4853,-204
CHENNPETRO,2007-01-02,2026-08-31,4853,-204
CHOICEIN,2022-04-08,2026-08-31,1088,-4
CHOLAFIN,2007-01-02,2026-08-31,4853,-204
CHOLAHLDNG,2007-01-02,2026-08-31,4853,-204
CIEINDIA,2007-08-30,2026-08-31,4687,-38
CIPLA,2007-01-02,2026-08-31,4853,-204
CLEAN,2021-07-19,2026-08-31,1269,-5
CMSINFO,2021-12-31,2026-08-31,1156,-5
COALINDIA,2010-11-04,2026-08-31,3905,-25
COCHINSHIP,2017-08-11,2026-08-31,2239,-9
COFORGE,2007-01-02,2026-08-31,4853,-204
COHANCE,2020-03-09,2026-08-31,1607,-6
COLPAL,2007-01-02,2026-08-31,4853,-204
CONCOR,2007-01-02,2026-08-31,4853,-204
CONCORDBIO,2023-08-18,2026-08-31,752,-5
COROMANDEL,2007-01-02,2026-08-31,4853,-204
CORONA,2025-12-15,2026-08-31,178,-4
CPPLUS,2025-08-05,2026-08-31,268,-5
CRAFTSMAN,2021-03-25,2026-08-31,1344,-3
CRAMC,2025-10-16,2026-08-31,219,-5
CREDITACC,2018-08-23,2026-08-31,1983,-8
CRISIL,2007-01-02,2026-08-31,4853,-204
CRIZAC,2025-07-09,2026-08-31,287,-5
CROMPTON,2016-05-13,2026-08-31,2549,-10
CSBBANK,2019-12-04,2026-08-31,1673,-6
CUB,2007-01-02,2026-08-31,4853,-204
CUMMINSIND,2007-01-02,2026-08-31,4853,-204
CUPID,2016-09-16,2026-08-31,2463,-9
CYIENT,2007-01-02,2026-08-31,4853,-204
DABUR,2007-01-02,2026-08-31,4853,-204
DALBHARAT,2018-12-21,2026-08-31,1902,-7
DATAMATICS,2007-01-02,2026-08-31,4853,-204
DATAPATTNS,2021-12-24,2026-08-31,1161,-5
DBL,2016-08-11,2026-08-31,2484,-8
DBREALTY,2010-02-24,2026-08-31,4081,-25
DCBBANK,2007-01-02,2026-08-31,4853,-204
DCMSHRIRAM,2007-01-02,2026-08-31,4852,-203
DEEPAKFERT,2007-01-02,2026-08-31,4853,-204
DEEPAKNTR,2010-09-29,2026-08-31,3930,-24
DELHIVERY,2022-05-24,2026-08-31,1060,-5
DEVYANI,2021-08-16,2026-08-31,1250,-5
DIACABS,2010-09-29,2026-08-31,3931,-25
DIVISLAB,2007-01-02,2026-08-31,4852,-203
DIXON,2017-09-18,2026-08-31,2215,-9
DLF,2007-07-05,2026-08-31,4728,-79
DMART,2017-03-21,2026-08-31,2338,-9
DOMS,2023-12-20,2026-08-31,668,-4
DRREDDY,2007-01-02,2026-08-31,4853,-204
DYNAMATECH,2015-01-01,2026-08-31,2882,-12
ECLERX,2015-01-01,2026-08-31,2883,-13
EDELWEISS,2015-01-01,2026-08-31,2883,-13
EICHERMOT,2015-01-01,2026-08-31,2883,-13
EIDPARRY,2015-01-01,2026-08-31,2882,-12
EIEL,2024-11-29,2026-08-31,438,-5
EIHOTEL,2015-01-01,2026-08-31,2883,-13
ELECON,2015-01-01,2026-08-31,2883,-13
ELECTCAST,2015-01-01,2026-08-31,2883,-13
ELGIEQUIP,2015-01-01,2026-08-31,2883,-13
ELLEN,2025-07-01,2026-08-31,292,-4
EMAMILTD,2015-01-01,2026-08-31,2883,-13
EMBDL,2015-01-01,2026-08-31,2883,-13
EMCURE,2024-07-10,2026-08-31,534,-4
EMIL,2022-10-17,2026-08-31,960,-5
EMMVEE,2025-11-18,2026-08-31,198,-5
ENDURANCE,2016-10-19,2026-08-31,2442,-9
ENGINERSIN,2015-01-01,2026-08-31,2883,-13
ENRIN,2025-06-19,2026-08-31,301,-5
ENTERO,2024-02-16,2026-08-31,629,-4
EPL,2015-01-01,2026-08-31,2882,-12
EQUITASBNK,2020-11-02,2026-08-31,1445,-6
ERIS,2017-06-30,2026-08-31,2267,-7
ESCORTS,2015-01-01,2026-08-31,2883,-13
ETERNAL,2021-07-23,2026-08-31,1266,-5
ETHOSLTD,2022-05-30,2026-08-31,1055,-4
EUREKAFORB,2024-09-11,2026-08-31,491,-4
EXIDEIND,2015-01-01,2026-08-31,2883,-13
FACT,2015-01-01,2026-08-31,2883,-13
FEDERALBNK,2015-01-01,2026-08-31,2883,-13
FEDFINA,2023-11-30,2026-08-31,683,-5
FIEMIND,2015-01-01,2026-08-31,2883,-13
FINCABLES,2015-01-01,2026-08-31,2883,-13
FINPIPE,2015-01-01,2026-08-31,2881,-11
FIRSTCRY,2024-08-13,2026-08-31,512,-5
FIVESTAR,2022-11-21,2026-08-31,936,-4
FLUOROCHEM,2019-10-16,2026-08-31,1706,-7
FORCEMOT,2019-08-19,2026-08-31,1703,34
FORTIS,2015-01-01,2026-08-31,2883,-13
FSL,2015-01-01,2026-08-31,2883,-13
GABRIEL,2015-01-01,2026-08-31,2883,-13
GAEL,2015-01-01,2026-08-31,2883,-13
GAIL,2015-01-01,2026-08-31,2883,-13
GALLANTT,2015-01-01,2026-08-31,2882,-12
GESHIP,2015-01-01,2026-08-31,2883,-13
GHCL,2015-01-01,2026-08-31,2883,-13
GICRE,2017-10-25,2026-08-31,2190,-9
GILLETTE,2015-01-01,2026-08-31,2883,-13
GLAND,2020-11-20,2026-08-31,1430,-4
GLAXO,2015-01-01,2026-08-31,2883,-13
GLENMARK,2015-01-01,2026-08-31,2883,-13
GMDCLTD,2015-01-01,2026-08-31,2883,-13
GMMPFAUDLR,2018-03-05,2026-08-31,2100,-7
GMRAIRPORT,2015-01-01,2026-08-31,2883,-13
GMRP&UI,2022-03-23,2026-08-31,1101,-5
GNFC,2015-01-01,2026-08-31,2883,-13
GODFRYPHLP,2015-01-01,2026-08-31,2883,-13
GODIGIT,2024-05-23,2026-08-31,567,-4
GODREJAGRO,2017-10-16,2026-08-31,2196,-9
GODREJCP,2015-01-01,2026-08-31,2883,-13
GODREJIND,2015-01-01,2026-08-31,2883,-13
GODREJPROP,2015-01-01,2026-08-31,2883,-13
GOKEX,2015-01-01,2026-08-31,2883,-13
GOKULAGRO,2016-03-14,2026-08-31,2588,-10
GPIL,2015-01-01,2026-08-31,2883,-13
GPPL,2015-01-01,2026-08-31,2883,-13
GRANULES,2015-01-01,2026-08-31,2882,-12
GRAPHITE,2015-01-01,2026-08-31,2883,-13
GRASIM,2015-01-01,2026-08-31,2883,-13
GRAVITA,2015-01-01,2026-08-31,2883,-13
GREAVESCOT,2015-01-01,2026-08-31,2883,-13
GRINDWELL,2015-01-01,2026-08-31,2882,-12
GROWW,2025-11-12,2026-08-31,202,-5
GRSE,2018-10-24,2026-08-31,1943,-8
GRWRHITECH,2022-02-03,2026-08-31,1133,-5
GSFC,2015-01-01,2026-08-31,2883,-13
GVT&D,2015-01-01,2026-08-31,2883,-13
HAL,2018-04-02,2026-08-31,2083,-8
HAPPSTMNDS,2020-09-17,2026-08-31,1476,-6
HAVELLS,2015-01-01,2026-08-31,2883,-13
HBLENGINE,2015-01-01,2026-08-31,2883,-13
HCC,2015-01-01,2026-08-31,2883,-13
HCG,2016-03-31,2026-08-31,2577,-10
HCLTECH,2015-01-01,2026-08-31,2883,-13
HDBFS,2025-07-02,2026-08-31,292,-5
HDFCAMC,2018-08-06,2026-08-31,1994,-8
HDFCBANK,2015-01-01,2026-08-31,2883,-13
HDFCLIFE,2017-11-17,2026-08-31,2173,-9
HEG,2015-01-01,2026-08-31,2883,-13
HEMIPROP,2020-10-22,2026-08-31,1452,-6
HERITGFOOD,2015-01-01,2026-08-31,2883,-13
HEROMOTOCO,2015-01-01,2026-08-31,2883,-13
HEXT,2025-02-19,2026-08-31,379,-4
HFCL,2015-01-01,2026-08-31,2883,-13
HGINFRA,2018-03-09,2026-08-31,2097,-8
HINDALCO,2015-01-01,2026-08-31,2883,-13
HINDCOPPER,2015-01-01,2026-08-31,2883,-13
HINDPETRO,2015-01-01,2026-08-31,2883,-13
HINDUNILVR,2015-01-01,2026-08-31,2883,-13
HINDZINC,2015-01-01,2026-08-31,2883,-13
HOMEFIRST,2021-02-03,2026-08-31,1380,-4
HONASA,2023-11-07,2026-08-31,697,-4
HONAUT,2015-01-01,2026-08-31,2881,-11
HSCL,2015-01-01,2026-08-31,2883,-13
HUDCO,2017-05-19,2026-08-31,2298,-9
HYUNDAI,2024-10-22,2026-08-31,464,-5
ICICIAMC,2025-12-19,2026-08-31,175,-5
ICICIBANK,2015-01-01,2026-08-31,2883,-13
ICICIGI,2017-09-27,2026-08-31,2208,-9
ICICIPRULI,2016-09-29,2026-08-31,2454,-9
ICIL,2015-01-01,2026-08-31,2883,-13
IDBI,2015-01-01,2026-08-31,2883,-13
IDEA,2015-01-01,2026-08-31,2883,-13
IDFCFIRSTB,2015-11-06,2026-08-31,2673,-11
IEX,2017-10-23,2026-08-31,2192,-9
IFBIND,2015-01-01,2026-08-31,2883,-13
IFCI,2015-01-01,2026-08-31,2883,-13
IGIL,2024-12-30,2026-08-31,417,-4
IGL,2015-01-01,2026-08-31,2883,-13
IIFL,2015-01-01,2026-08-31,2883,-13
IIFLCAPS,2019-09-20,2026-08-31,1721,-6
IKS,2024-12-19,2026-08-31,423,-4
IMFA,2015-01-01,2026-08-31,2883,-13
INDGN,2024-05-13,2026-08-31,575,-5
INDHOTEL,2015-01-01,2026-08-31,2883,-13
INDIACEM,2015-01-01,2026-08-31,2883,-13
INDIAGLYCO,2015-01-01,2026-08-31,2883,-13
INDIAMART,2019-07-04,2026-08-31,1774,-7
INDIANB,2015-01-01,2026-08-31,2883,-13
INDIASHLTR,2023-12-20,2026-08-31,667,-3
INDIGO,2015-11-10,2026-08-31,2670,-10
INDIGOPNTS,2021-02-02,2026-08-31,1382,-5
INDUSINDBK,2015-01-01,2026-08-31,2883,-13
INDUSTOWER,2015-01-01,2026-08-31,2883,-13
INFY,2015-01-01,2026-08-31,2883,-13
INOXGREEN,2022-11-23,2026-08-31,935,-5
INOXINDIA,2023-12-21,2026-08-31,667,-4
INOXWIND,2015-04-09,2026-08-31,2818,-12
INTELLECT,2015-01-01,2026-08-31,2883,-13
IOB,2015-01-01,2026-08-31,2883,-13
IOC,2015-01-01,2026-08-31,2883,-13
IONEXCHANG,2022-02-22,2026-08-31,1119,-4
IPCALAB,2015-01-01,2026-08-31,2882,-12
IRB,2015-01-01,2026-08-31,2883,-13
IRCON,2018-09-28,2026-08-31,1959,-8
IRCTC,2019-10-14,2026-08-31,1708,-7
IREDA,2023-11-29,2026-08-31,684,-5
IRFC,2021-01-29,2026-08-31,1384,-5
ITC,2015-01-01,2026-08-31,2883,-13
ITCHOTELS,2025-01-29,2026-08-31,395,-4
ITI,2015-01-01,2026-08-31,2883,-13
IXIGO,2024-06-18,2026-08-31,551,-5
J&KBANK,2015-01-01,2026-08-31,2883,-13
JAIBALAJI,2015-01-01,2026-08-31,2883,-13
JAINREC,2025-10-06,2026-08-31,227,-5
JAMNAAUTO,2015-01-01,2026-08-31,2883,-13
JAYNECOIND,2015-01-01,2026-08-31,2883,-13
JBMA,2015-01-01,2026-08-31,2883,-13
JINDALSAW,2015-01-01,2026-08-31,2883,-13
JINDALSTEL,2015-01-01,2026-08-31,2883,-13
JIOFIN,2023-08-21,2026-08-31,751,-5
JKCEMENT,2015-01-01,2026-08-31,2883,-13
JKLAKSHMI,2015-01-01,2026-08-31,2883,-13
JKPAPER,2015-01-01,2026-08-31,2882,-12
JKTYRE,2015-01-01,2026-08-31,2883,-13
JLHL,2023-09-18,2026-08-31,731,-5
JMFINANCIL,2015-01-01,2026-08-31,2883,-13
JPPOWER,2015-01-01,2026-08-31,2883,-13
JSFB,2024-02-14,2026-08-31,632,-5
JSL,2015-01-01,2026-08-31,2883,-13
JSLL,2022-05-04,2026-08-31,1073,-4
JSWCEMENT,2025-08-14,2026-08-31,261,-5
JSWDULUX,2015-01-01,2026-08-31,2883,-13
JSWENERGY,2015-01-01,2026-08-31,2883,-13
JSWINFRA,2023-10-03,2026-08-31,722,-5
JSWSTEEL,2015-01-01,2026-08-31,2883,-13
JUBLFOOD,2015-01-01,2026-08-31,2883,-13
JUBLINGREA,2021-03-19,2026-08-31,1350,-5
JUBLPHARMA,2015-01-01,2026-08-31,2882,-12
JUSTDIAL,2015-01-01,2026-08-31,2883,-13
JWL,2015-01-01,2026-08-31,2883,-13
JYOTHYLAB,2015-01-01,2026-08-31,2883,-13
JYOTICNC,2024-01-16,2026-08-31,651,-5
KAJARIACER,2015-01-01,2026-08-31,2883,-13
KALYANKJIL,2021-03-26,2026-08-31,1345,-5
KANSAINER,2015-01-01,2026-08-31,2881,-11
KARURVYSYA,2015-01-01,2026-08-31,2883,-13
KAYNES,2022-11-22,2026-08-31,936,-5
KEC,2015-01-01,2026-08-31,2883,-13
KEI,2015-01-01,2026-08-31,2883,-13
KFINTECH,2022-12-29,2026-08-31,909,-5
KIMS,2021-06-28,2026-08-31,1284,-5
KIRLOSBROS,2015-01-01,2026-08-31,2883,-13
KIRLOSENG,2015-01-01,2026-08-31,2882,-12
KIRLPNU,2023-04-26,2026-08-31,831,-5
KITEX,2015-01-01,2026-08-31,2883,-13
KNRCON,2015-01-01,2026-08-31,2883,-13
KOTAKBANK,2015-01-01,2026-08-31,2883,-13
KPIGREEN,2021-07-27,2026-08-31,1264,-5
KPIL,2015-01-01,2026-08-31,2882,-12
KPITTECH,2019-04-22,2026-08-31,1824,-7
KPRMILL,2015-01-01,2026-08-31,2883,-13
KRBL,2015-01-01,2026-08-31,2882,-12
KRN,2024-10-03,2026-08-31,477,-5
KSB,2015-01-01,2026-08-31,2883,-13
KSCL,2015-01-01,2026-08-31,2882,-12
KTKBANK,2015-01-01,2026-08-31,2883,-13
LALPATHLAB,2015-12-23,2026-08-31,2643,-11
LATENTVIEW,2021-11-23,2026-08-31,1184,-5
LAURUSLABS,2016-12-19,2026-08-31,2401,-9
LEMONTREE,2018-04-09,2026-08-31,2078,-8
LENSKART,2025-11-10,2026-08-31,204,-5
LGEINDIA,2025-10-14,2026-08-31,221,-5
LICHSGFIN,2015-01-01,2026-08-31,2883,-13
LICI,2022-05-17,2026-08-31,1065,-5
LINDEINDIA,2015-01-01,2026-08-31,2882,-12
LLOYDSENGG,2016-07-20,2026-08-31,2502,-10
LLOYDSENT,2024-10-17,2026-08-31,466,-4
LLOYDSME,2023-07-17,2026-08-31,775,-5
LODHA,2021-04-19,2026-08-31,1332,-5
LOTUSDEV,2025-08-06,2026-08-31,267,-5
LT,2015-01-01,2026-08-31,2883,-13
LTF,2015-01-01,2026-08-31,2883,-13
LTFOODS,2015-01-01,2026-08-31,2883,-13
LTIM,2016-07-21,2026-08-31,2501,-10
LTTS,2016-09-23,2026-08-31,2458,-9
LUMAXTECH,2015-01-01,2026-08-31,2882,-12
LUPIN,2015-01-01,2026-08-31,2883,-13
LXCHEM,2021-03-25,2026-08-31,1346,-5
M&M,2015-01-01,2026-08-31,2883,-13
M&MFIN,2015-01-01,2026-08-31,2883,-13
MAHABANK,2015-01-01,2026-08-31,2883,-13
MAHSCOOTER,2015-01-01,2026-08-31,2882,-12
MAHSEAMLES,2015-01-01,2026-08-31,2883,-13
MANAPPURAM,2015-01-01,2026-08-31,2883,-13
MANKIND,2023-05-09,2026-08-31,822,-4
MANORAMA,2022-07-01,2026-08-31,1032,-5
MANYAVAR,2022-02-16,2026-08-31,1123,-4
MAPMYINDIA,2021-12-21,2026-08-31,1163,-4
MARICO,2015-01-01,2026-08-31,2883,-13
MARKSANS,2015-01-01,2026-08-31,2883,-13
MARUTI,2015-01-01,2026-08-31,2883,-13
MASTEK,2015-01-01,2026-08-31,2883,-13
MAXHEALTH,2020-08-21,2026-08-31,1495,-6
MAZDOCK,2020-10-12,2026-08-31,1460,-6
MCX,2015-01-01,2026-08-31,2883,-13
MEDANTA,2022-11-18,2026-08-31,937,-4
MEDPLUS,2021-12-23,2026-08-31,1160,-3
MEESHO,2025-12-10,2026-08-31,182,-5
METROPOLIS,2019-04-15,2026-08-31,1827,-7
MFSL,2015-01-01,2026-08-31,2883,-13
MGL,2016-07-01,2026-08-31,2513,-9
MIDHANI,2018-04-04,2026-08-31,2081,-8
MINDACORP,2015-01-01,2026-08-31,2882,-12
MMTC,2015-01-01,2026-08-31,2883,-13
MOIL,2015-01-01,2026-08-31,2883,-13
MOTHERSON,2015-01-01,2026-08-31,2883,-13
MOTILALOFS,2015-01-01,2026-08-31,2883,-13
MPHASIS,2015-01-01,2026-08-31,2883,-13
MRF,2015-01-01,2026-08-31,2882,-12
MRPL,2015-01-01,2026-08-31,2883,-13
MSTCLTD,2019-04-01,2026-08-31,1837,-7
MSUMI,2022-03-28,2026-08-31,1098,-5
MTARTECH,2021-03-15,2026-08-31,1354,-5
MUTHOOTFIN,2015-01-01,2026-08-31,2883,-13
NAM-INDIA,2017-11-06,2026-08-31,2182,-9
NATCOPHARM,2015-01-01,2026-08-31,2883,-13
NATIONALUM,2015-01-01,2026-08-31,2883,-13
NAUKRI,2015-01-01,2026-08-31,2883,-13
NAVA,2015-01-01,2026-08-31,2883,-13
NAVINFLUOR,2015-01-01,2026-08-31,2882,-12
NAZARA,2021-03-30,2026-08-31,1344,-5
NBCC,2015-01-01,2026-08-31,2883,-13
NCC,2015-01-01,2026-08-31,2883,-13
NEOGEN,2019-05-08,2026-08-31,1814,-7
NESCO,2015-01-01,2026-08-31,2881,-11
NESTLEIND,2015-01-01,2026-08-31,2883,-13
NETWEB,2023-07-27,2026-08-31,767,-5
NETWORK18,2015-01-01,2026-08-31,2883,-13
NEULANDLAB,2015-01-01,2026-08-31,2883,-13
NEWGEN,2018-01-29,2026-08-31,2124,-8
NFL,2015-01-01,2026-08-31,2883,-13
NH,2016-01-06,2026-08-31,2634,-10
NHPC,2015-01-01,2026-08-31,2883,-13
NIACL,2017-11-13,2026-08-31,2177,-9
NIVABUPA,2024-11-14,2026-08-31,446,-4
NLCINDIA,2015-01-01,2026-08-31,2883,-13
NMDC,2015-01-01,2026-08-31,2883,-13
NSLNISP,2023-02-20,2026-08-31,873,-5
NTPC,2015-01-01,2026-08-31,2883,-13
NTPCGREEN,2024-11-27,2026-08-31,440,-5
NUVAMA,2023-09-26,2026-08-31,726,-5
NUVOCO,2021-08-23,2026-08-31,1246,-5
NYKAA,2021-11-10,2026-08-31,1192,-5
OBEROIRLTY,2015-01-01,2026-08-31,2882,-12
OFSS,2015-01-01,2026-08-31,2883,-13
OIL,2015-01-01,2026-08-31,2883,-13
OLAELEC,2024-08-09,2026-08-31,514,-5
OLECTRA,2015-01-01,2026-08-31,2883,-13
ONESOURCE,2025-01-24,2026-08-31,399,-5
ONGC,2015-01-01,2026-08-31,2883,-13
OPTIEMUS,2017-08-08,2026-08-31,2241,-8
ORIENTCEM,2015-01-01,2026-08-31,2882,-12
ORKLAINDIA,2025-11-06,2026-08-31,206,-5
OSWALPUMPS,2025-06-20,2026-08-31,300,-5
PAGEIND,2015-01-01,2026-08-31,2881,-11
PARADEEP,2022-05-27,2026-08-31,1057,-5
PARAS,2021-10-01,2026-08-31,1218,-5
PARKHOSPS,2025-12-17,2026-08-31,177,-5
PATANJALI,2015-01-01,2026-08-31,2883,-13
PAYTM,2021-11-18,2026-08-31,1186,-5
PCBL,2015-01-01,2026-08-31,2883,-13
PCJEWELLER,2015-01-01,2026-08-31,2883,-13
PERSISTENT,2015-01-01,2026-08-31,2883,-13
PETRONET,2015-01-01,2026-08-31,2883,-13
PFC,2015-01-01,2026-08-31,2883,-13
PFIZER,2015-01-01,2026-08-31,2882,-12
PFOCUS,2015-01-01,2026-08-31,2882,-12
PGEL,2015-01-01,2026-08-31,2883,-13
PGIL,2015-01-01,2026-08-31,2882,-12
PHOENIXLTD,2015-01-01,2026-08-31,2881,-11
PICCADIL,2025-07-02,2026-08-31,292,-5
PIDILITIND,2015-01-01,2026-08-31,2883,-13
PIIND,2015-01-01,2026-08-31,2883,-13
PINELABS,2025-11-14,2026-08-31,200,-5
PIRAMALFIN,2025-11-07,2026-08-31,205,-5
PNB,2015-01-01,2026-08-31,2883,-13
PNBHOUSING,2016-11-07,2026-08-31,2430,-9
PNCINFRA,2015-05-26,2026-08-31,2787,-11
PNGJL,2024-09-17,2026-08-31,488,-5
POLICYBZR,2021-11-15,2026-08-31,1188,-4
POLYCAB,2019-04-16,2026-08-31,1826,-7
POLYMED,2015-01-01,2026-08-31,2883,-13
POONAWALLA,2015-01-01,2026-08-31,2883,-13
POWERGRID,2015-01-01,2026-08-31,2883,-13
POWERINDIA,2020-03-30,2026-08-31,1593,-6
POWERMECH,2015-08-26,2026-08-31,2720,-10
PPLPHARMA,2022-10-19,2026-08-31,958,-5
PRAJIND,2015-01-01,2026-08-31,2883,-13
PREMIERENE,2024-09-03,2026-08-31,498,-5
PRESTIGE,2015-01-01,2026-08-31,2883,-13
PRICOLLTD,2015-01-01,2026-08-31,2882,-12
PRIVISCL,2015-05-08,2026-08-31,2798,-10
PRSMJOHNSN,2015-01-01,2026-08-31,2881,-11
PRUDENT,2022-05-20,2026-08-31,1061,-4
PTC,2015-01-01,2026-08-31,2883,-13
PTCIL,2023-06-09,2026-08-31,799,-4
PURVA,2015-01-01,2026-08-31,2882,-12
PVRINOX,2015-01-01,2026-08-31,2882,-12
PWL,2025-11-18,2026-08-31,198,-5
QPOWER,2025-02-24,2026-08-31,377,-5
QUESS,2016-07-12,2026-08-31,2508,-10
RADICO,2015-01-01,2026-08-31,2882,-12
RAILTEL,2021-02-26,2026-08-31,1364,-5
RAIN,2015-01-01,2026-08-31,2883,-13
RAINBOW,2022-05-10,2026-08-31,1069,-4
RALLIS,2015-01-01,2026-08-31,2883,-13
RAMCOCEM,2015-01-01,2026-08-31,2882,-12
RATEGAIN,2021-12-17,2026-08-31,1165,-4
RATNAMANI,2015-01-01,2026-08-31,2882,-12
RAYMONDLSL,2024-09-05,2026-08-31,496,-5
RBA,2020-12-14,2026-08-31,1415,-4
RBLBANK,2016-08-31,2026-08-31,2473,-9
RCF,2015-01-01,2026-08-31,2883,-13
RECLTD,2015-01-01,2026-08-31,2883,-13
REDINGTON,2015-01-01,2026-08-31,2883,-13
REDTAPE,2023-08-11,2026-08-31,756,-5
REFEX,2015-01-01,2026-08-31,2882,-12
RELAXO,2015-01-01,2026-08-31,2882,-12
RELIANCE,2015-01-01,2026-08-31,2883,-13
RELIGARE,2015-01-01,2026-08-31,2882,-12
RENUKA,2015-01-01,2026-08-31,2883,-13
RHIM,2015-01-01,2026-08-31,2882,-12
RITES,2018-07-03,2026-08-31,2018,-8
RKFORGE,2015-01-01,2026-08-31,2883,-13
ROUTE,2020-09-21,2026-08-31,1474,-6
RPOWER,2015-01-01,2026-08-31,2883,-13
RRKABEL,2023-09-20,2026-08-31,728,-3
RTNINDIA,2015-01-01,2026-08-31,2883,-13
RTNPOWER,2015-01-01,2026-08-31,2883,-13
RUBICON,2025-10-16,2026-08-31,217,-3
RVNL,2019-04-11,2026-08-31,1829,-7
SAATVIKGL,2025-09-26,2026-08-31,232,-5
SAFARI,2019-09-12,2026-08-31,1726,-5
SAGILITY,2024-11-12,2026-08-31,449,-5
SAIL,2015-01-01,2026-08-31,2883,-13
SAILIFE,2024-12-18,2026-08-31,425,-5
SAMHI,2023-09-22,2026-08-31,728,-5
SAMMAANCAP,2015-01-01,2026-08-31,2883,-13
SANDUMA,2023-09-07,2026-08-31,738,-5
SANOFICONR,2024-09-13,2026-08-31,489,-4
SANSERA,2021-09-24,2026-08-31,1223,-5
SAPPHIRE,2021-11-18,2026-08-31,1186,-5
SARDAEN,2015-01-01,2026-08-31,2883,-13
SAREGAMA,2015-01-01,2026-08-31,2882,-12
SBFC,2023-08-16,2026-08-31,753,-4
SBICARD,2020-03-16,2026-08-31,1603,-6
SBILIFE,2017-10-03,2026-08-31,2205,-9
SBIN,2015-01-01,2026-08-31,2883,-13
SCHAEFFLER,2015-01-01,2026-08-31,2883,-13
SCHNEIDER,2015-01-01,2026-08-31,2883,-13
SCI,2015-01-01,2026-08-31,2883,-13
SENCO,2023-07-14,2026-08-31,776,-5
SFL,2016-12-12,2026-08-31,2406,-9
SHAILY,2022-04-04,2026-08-31,1093,-5
SHAKTIPUMP,2015-01-01,2026-08-31,2883,-13
SHARDACROP,2015-01-01,2026-08-31,2882,-12
SHAREINDIA,2020-09-21,2026-08-31,1474,-6
SHILPAMED,2015-01-01,2026-08-31,2883,-13
SHREECEM,2015-01-01,2026-08-31,2883,-13
SHRIPISTON,2016-06-09,2026-08-31,2529,-9
SHRIRAMFIN,2015-01-01,2026-08-31,2883,-13
SHYAMMETL,2021-06-24,2026-08-31,1286,-5
SIEMENS,2015-01-01,2026-08-31,2882,-12
SIGNATURE,2023-09-27,2026-08-31,723,-3
SJVN,2015-01-01,2026-08-31,2883,-13
SKFINDIA,2015-01-01,2026-08-31,2883,-13
SKFINDUS,2025-12-08,2026-08-31,182,-3
SKIPPER,2015-05-27,2026-08-31,2785,-10
SKYGOLD,2023-01-06,2026-08-31,903,-5
SMARTWORKS,2025-07-17,2026-08-31,280,-4
SMLMAH,2015-01-01,2026-08-31,2883,-13
SOBHA,2015-01-01,2026-08-31,2882,-12
SOLARINDS,2015-01-01,2026-08-31,2882,-12
SONACOMS,2021-06-24,2026-08-31,1286,-5
SONATSOFTW,2015-01-01,2026-08-31,2883,-13
SOUTHBANK,2015-01-01,2026-08-31,2883,-13
SPARC,2015-01-01,2026-08-31,2883,-13
SPLPETRO,2015-01-01,2026-08-31,2883,-13
SRF,2015-01-01,2026-08-31,2883,-13
STAR,2015-01-01,2026-08-31,2883,-13
STARCEMENT,2017-06-19,2026-08-31,2276,-8
STARHEALTH,2021-12-10,2026-08-31,1171,-5
STLTECH,2015-01-01,2026-08-31,2883,-13
STYL,2025-09-30,2026-08-31,230,-5
STYRENIX,2015-01-01,2026-08-31,2883,-13
SUBROS,2015-01-01,2026-08-31,2882,-12
SUDARSCHEM,2015-01-01,2026-08-31,2882,-12
SUDEEPPHRM,2025-11-28,2026-08-31,190,-5
SUMICHEM,2020-01-27,2026-08-31,1636,-6
SUNDARMFIN,2015-01-01,2026-08-31,2883,-13
SUNPHARMA,2015-01-01,2026-08-31,2883,-13
SUNTECK,2015-01-01,2026-08-31,2883,-13
SUNTV,2015-01-01,2026-08-31,2883,-13
SUPREMEIND,2015-01-01,2026-08-31,2883,-13
SUPRIYA,2021-12-28,2026-08-31,1158,-4
SURYAROSNI,2015-01-01,2026-08-31,2883,-13
SUZLON,2015-01-01,2026-08-31,2883,-13
SWANCORP,2015-01-01,2026-08-31,2883,-13
SWIGGY,2024-11-13,2026-08-31,448,-5
SWSOLAR,2019-08-20,2026-08-31,1743,-7
SYNGENE,2015-08-11,2026-08-31,2732,-11
SYRMA,2022-08-26,2026-08-31,994,-5
TANLA,2015-01-01,2026-08-31,2883,-13
TARC,2020-12-18,2026-08-31,1411,-4
TARIL,2015-01-01,2026-08-31,2883,-13
TATACAP,2025-10-13,2026-08-31,222,-5
TATACHEM,2015-01-01,2026-08-31,2883,-13
TATACOMM,2015-01-01,2026-08-31,2883,-13
TATACONSUM,2015-01-01,2026-08-31,2883,-13
TATAELXSI,2015-01-01,2026-08-31,2883,-13
TATAINVEST,2015-01-01,2026-08-31,2883,-13
TATAPOWER,2015-01-01,2026-08-31,2883,-13
TATASTEEL,2015-01-01,2026-08-31,2883,-13
TATATECH,2023-11-30,2026-08-31,683,-5
TBOTEK,2024-05-15,2026-08-31,573,-5
TCS,2015-01-01,2026-08-31,2883,-13
TDPOWERSYS,2015-01-01,2026-08-31,2883,-13
TECHM,2015-01-01,2026-08-31,2883,-13
TECHNOE,2015-01-01,2026-08-31,2883,-13
TEGA,2021-12-13,2026-08-31,1169,-4
TEJASNET,2017-06-27,2026-08-31,2272,-9
TENNIND,2025-11-19,2026-08-31,197,-5
TEXRAIL,2015-01-01,2026-08-31,2883,-13
THANGAMAYL,2015-01-01,2026-08-31,2883,-13
THELEELA,2025-06-02,2026-08-31,313,-4
THERMAX,2015-01-01,2026-08-31,2882,-12
THOMASCOOK,2015-01-01,2026-08-31,2883,-13
THYROCARE,2016-05-09,2026-08-31,2553,-10
TI,2015-01-01,2026-08-31,2883,-13
TIINDIA,2017-11-02,2026-08-31,2184,-9
TIMETECHNO,2015-01-01,2026-08-31,2883,-13
TIMKEN,2015-01-01,2026-08-31,2882,-12
TIPSMUSIC,2015-01-01,2026-08-31,2883,-13
TITAGARH,2015-01-01,2026-08-31,2883,-13
TITAN,2015-01-01,2026-08-31,2883,-13
TMB,2022-09-15,2026-08-31,980,-4
TMCV,2025-11-12,2026-08-31,202,-5
TMPV,2015-01-01,2026-08-31,2883,-13
TORNTPHARM,2015-01-01,2026-08-31,2883,-13
TORNTPOWER,2015-01-01,2026-08-31,2883,-13
TRANSRAILL,2024-12-27,2026-08-31,419,-5
TRAVELFOOD,2025-07-14,2026-08-31,284,-5
TRENT,2015-01-01,2026-08-31,2883,-13
TRIDENT,2015-01-01,2026-08-31,2883,-13
TRITURBINE,2015-01-01,2026-08-31,2883,-13
TRIVENI,2015-01-01,2026-08-31,2883,-13
TSFINV,2018-03-27,2026-08-31,2085,-8
TTML,2015-01-01,2026-08-31,2883,-13
TVSMOTOR,2015-01-01,2026-08-31,2883,-13
TVSSCS,2023-08-23,2026-08-31,748,-4
UBL,2015-01-01,2026-08-31,2883,-13
UCOBANK,2015-01-01,2026-08-31,2883,-13
UJJIVANSFB,2019-12-12,2026-08-31,1667,-6
ULTRACEMCO,2015-01-01,2026-08-31,2883,-13
UNIONBANK,2015-01-01,2026-08-31,2883,-13
UNITDSPR,2015-01-01,2026-08-31,2883,-13
UNOMINDA,2015-01-01,2026-08-31,2883,-13
UPL,2015-01-01,2026-08-31,2883,-13
URBANCO,2025-09-17,2026-08-31,239,-5
USHAMART,2015-01-01,2026-08-31,2883,-13
UTIAMC,2020-10-13,2026-08-31,1459,-6
UTLSOLAR,2025-11-20,2026-08-31,196,-5
V2RETAIL,2015-01-01,2026-08-31,2883,-13
VAIBHAVGBL,2015-01-01,2026-08-31,2882,-12
VARROC,2018-07-09,2026-08-31,2013,-7
VBL,2016-11-08,2026-08-31,2429,-9
VEDL,2015-01-01,2026-08-31,2883,-13
VGUARD,2015-01-01,2026-08-31,2882,-12
VIJAYA,2021-09-14,2026-08-31,1230,-4
VIKRAMSOLR,2025-08-26,2026-08-31,254,-5
VIPIND,2015-01-01,2026-08-31,2882,-12
VIYASH,2016-03-10,2026-08-31,2590,-10
VMART,2015-01-01,2026-08-31,2882,-12
VMM,2024-12-18,2026-08-31,425,-5
VOLTAMP,2015-01-01,2026-08-31,2883,-13
VOLTAS,2015-01-01,2026-08-31,2883,-13
VTL,2015-01-01,2026-08-31,2883,-13
WAAREEENER,2024-10-28,2026-08-31,460,-5
WAAREERTL,2025-04-09,2026-08-31,348,-5
WABAG,2015-01-01,2026-08-31,2883,-13
WAKEFIT,2025-12-15,2026-08-31,178,-4
WEBELSOLAR,2015-01-01,2026-08-31,2883,-13
WELCORP,2015-01-01,2026-08-31,2883,-13
WELENT,2015-01-01,2026-08-31,2883,-13
WELSPUNLIV,2015-01-01,2026-08-31,2883,-13
WESTLIFE,2019-08-19,2026-08-31,1743,-6
WEWORK,2025-10-10,2026-08-31,221,-3
WHIRLPOOL,2015-01-01,2026-08-31,2883,-13
WIPRO,2015-01-01,2026-08-31,2883,-13
WOCKPHARMA,2015-01-01,2026-08-31,2883,-13
YATHARTH,2023-08-07,2026-08-31,760,-5
YESBANK,2015-01-01,2026-08-31,2883,-13
ZAGGLE,2023-09-22,2026-08-31,728,-5
ZEEL,2015-01-01,2026-08-31,2883,-13
ZENSARTECH,2015-01-01,2026-08-31,2883,-13
ZENTEC,2015-03-30,2026-08-31,2824,-12
ZFCVINDIA,2015-01-01,2026-08-31,2883,-13
ZYDUSLIFE,2015-01-01,2026-08-31,2883,-13
ZYDUSWELL,2015-01-01,2026-08-31,2883,-13
